file_name,artist,title,genre,year,duration,tempo,energy_rms,key_index,spectral_centroid,spectral_bandwidth,zero_crossing_rate,mfcc_1,mfcc_2,mfcc_3,mfcc_4,mfcc_5,mfcc_6,mfcc_7,mfcc_8,mfcc_9,mfcc_10,mfcc_11,mfcc_12,mfcc_13,playcount,listeners
100 Blaze feat. Koba LaD - Binks.mp3,"100 Blaze,  feat. , Koba LaD",Binks,,2019-06-28,209.37142857142857,123.046875,0.1144499406218528,4.0,2709.3307542920115,2698.141592715879,0.1071231239720394,-180.87841796875,64.26475524902344,15.875846862792969,17.67331886291504,-2.0243849754333496,6.5671234130859375,-4.639216423034668,4.390073776245117,-9.77450942993164,-1.4428340196609497,-3.3552722930908203,0.1573971956968306,-3.88908314704895,236876.16666666698,25177.333333333314
13 Block feat. Niska - Tieks.m4a,13 Block feat. Niska,Tieks,,,208.7241723356009,143.5546875,0.1850030571222305,6.0,2310.112398426866,2409.0341470162325,0.1016864599458204,-101.85753631591795,88.07896423339844,-6.106950283050537,4.992903709411621,-5.790283679962159,-4.307727336883545,-5.316349029541016,4.830601215362549,-7.470329761505127,3.7023494243621826,-3.917045116424561,0.6818602681159973,-3.253122329711914,11.0,7.0
1da Banton - No Wahala.mp3,1da Banton,No Wahala,,2021-07-23,165.54,103.359375,0.3066186010837555,4.0,1741.4708069703554,2387.0784289835688,0.047293742743808,-121.79300689697266,105.66918182373048,35.38117218017578,22.73537254333496,15.746328353881836,8.195473670959473,3.9173345565795894,1.8047528266906736,-10.802915573120115,6.859402179718018,-6.107592582702637,3.1393702030181885,-1.8822227716445925,897694.0,132997.0
24kGoldn feat. iann dior - Mood.mp3,"24kGoldn,  feat. , iann dior",Mood,electronic;hip_hop;pop,2020-07-24,150.4130612244898,92.28515625,0.1577723771333694,0.0,2255.03452540602,2428.6155652184307,0.0856612356085526,-112.4233627319336,97.13059997558594,0.19565480947494507,19.044408798217773,-0.23190969228744507,3.2722246646881104,-1.278038501739502,3.1021504402160645,-5.78846549987793,5.270813465118408,-6.0995073318481445,3.775904893875122,-1.017835259437561,1034278.0,150799.75
2Ru3 - The People (Official Music Video).mp3,2Ru3 (true),The People (Official Music Video),hip_hop;rap,,243.6,123.046875,0.1170556545257568,4.0,1779.5724255063822,1894.418324340454,0.0874424039763931,-147.477294921875,120.109130859375,-19.414093017578125,29.168272018432617,-0.9364979267120361,5.41361141204834,-1.8108513355255127,-1.0926598310470583,-2.7170629501342773,3.948864221572876,-5.4485297203063965,1.773017644882202,-4.039106369018555,2.0,1.0
4Keus - Focus.mp3,4Keus,Focus,,2020-01-03,184.536,103.359375,0.2002872228622436,2.0000000000000004,2409.0127665741675,2414.714561848634,0.1057249842782507,-104.83614349365234,95.03893280029295,-6.075919151306152,6.009653091430664,5.375665187835693,-3.002590417861939,-3.254997968673706,-0.15039232373237632,-8.660615921020508,1.037871241569519,-0.6497098803520203,-3.207026720046997,-1.7103546857833862,24601.0,2804.0
4Keus - Paris la nuit.mp3,4Keus,Paris la nuit,,2020-01-03,217.6,117.45383522727272,0.22323939204216,11.0,2394.39634632668,2529.003492973664,0.0961256470104489,-94.51132202148438,88.22802734375,3.872406244277954,8.250700950622559,-6.8934388160705575,-3.9745066165924077,-4.7183918952941895,-4.875717639923095,-9.86152458190918,2.308321952819824,-5.666962146759033,-3.0002477169036865,-2.058065891265869,25162.0,2785.0
4Keus - Vie d'artiste.mp3,4Keus,Vie d'artiste,,2020-01-03,241.55428571428573,123.046875,0.2968473732471466,7.0,2301.557209609299,2619.855721568929,0.0811941424390479,-127.2680206298828,81.41608428955078,20.36117935180664,17.931333541870117,5.640330791473389,13.257515907287598,2.0193967819213863,6.243147373199463,1.9491256475448608,6.994579792022705,2.5289714336395264,6.376352787017822,2.379650831222534,35450.0,3591.0
4Keus - Charbon.mp3,4Keus,Charbon,,2020-10-30,240.03918367346932,129.19921875,0.2239493280649185,4.0,2037.2077271197147,2126.4554337408804,0.093693499963719,-127.85539245605467,113.82258605957033,21.03011703491211,17.35720443725586,6.8643059730529785,-1.8740695714950557,-2.91138243675232,3.145864486694336,-9.095523834228516,1.114519119262695,-3.050732135772705,0.46095550060272206,-6.864731788635254,3537.0,448.99999999998545
4Keus - Tu nous connais.mp3,4Keus,Tu nous connais,,2020-10-30,166.81795918367348,143.5546875,0.2482840269804,4.0,2519.9946876092254,2511.58933567372,0.1068867308436532,-68.11455535888672,81.0228271484375,0.30240747332572937,18.7657413482666,3.265222787857056,8.743156433105469,-0.23169474303722382,-2.756718635559082,-11.114821434020996,-1.51575767993927,-6.1701340675354,-1.003955960273743,-5.793275356292725,5468.0,772.9999999999854
4Keus - American Girl.mp3,4Keus,American Girl,,2018-09-25,168.44,135.99917763157896,0.2906189262866974,0.0,2184.472330394562,2405.722978223634,0.0802304294456269,-85.4257583618164,99.03081512451172,30.059749603271484,16.89562225341797,10.40792465209961,-2.805310964584351,2.8556687831878658,7.758290767669678,-20.9107437133789,-5.812406063079834,-7.161701202392578,-6.423738956451416,-2.962851047515869,23103.0,2985.0
4Keus - Fais crier le pompe.mp3,4Keus,Fais crier le pompe,,2018-09-25,172.28,135.99917763157896,0.2871356010437011,3.0,2671.038924450751,2711.2243360696443,0.1110936215049342,-50.10173797607422,74.92097473144531,12.6561279296875,21.935043334960938,14.234227180480957,13.196284294128418,9.260751724243164,14.16935920715332,-5.807360649108887,6.225970268249512,-0.1612778007984157,5.849836826324463,2.9487807750701895,1165.0,293.99999999998545
4Keus - Frérot.mp3,4Keus,Frérot,,2018-09-25,198.2133333333333,143.5546875,0.2451743930578231,10.0,2584.702568446776,2748.3148210769327,0.1172285050430534,-107.52404022216795,74.32727813720703,13.074220657348633,0.8716629147529602,1.9279048442840576,4.803294658660889,-0.18317671120166779,5.631179332733154,-0.9958983659744263,10.460335731506348,3.1642098426818848,5.358376979827881,3.894984006881714,773.0,210.00000000001455
4Keus - Lunettes quartier.mp3,4Keus,Lunettes quartier,,2018-09-25,253.38666666666663,123.046875,0.2874619662761688,9.0,2289.964908408618,2443.16171812401,0.0916475939676857,-73.97034454345703,88.62860870361328,12.181695938110352,21.19330596923828,1.6819493770599365,15.97458839416504,-3.5280044078826904,-7.935036659240723,-14.187995910644531,-5.3097100257873535,-16.835330963134766,-4.253750324249268,-4.513169288635254,4674.0,816.0
4Keus - Moula.mp3,4Keus,Moula,,2018-09-25,247.24,123.046875,0.1960726529359817,7.0,2180.796919463828,2317.7590579641123,0.0844983552631579,-127.91477966308594,91.73204803466795,-5.274721622467041,19.813575744628903,-3.219862699508666,-9.859631538391112,-6.252700805664063,2.536973714828491,-16.547351837158203,2.195859909057617,-6.480205535888672,-4.127508640289307,-6.07896900177002,3966.0,748.0
4Keus - À l'époque du carré.mp3,4Keus,À l'époque du carré,,2018-09-25,223.68,99.38401442307692,0.2382251024246215,3.0,2005.4446117953128,2220.124398993758,0.0770560344306308,-147.9731903076172,103.84081268310548,29.90268325805664,7.678600788116455,6.8341240882873535,6.686351776123047,-7.356118679046631,-5.268757820129395,-11.111056327819824,-0.4304274916648866,-6.971147537231445,-4.428976058959961,-4.279638290405273,1235.0,300.0
4Keus feat. Hocine Staifi - Unis.mp3,"4Keus,  feat. , Hocine Staifi",Unis,,2018-09-25,196.4,99.38401442307692,0.2527146935462951,2.0000000000000004,2754.081367331997,2810.207685121354,0.1142757640165441,-31.845020294189453,69.17923736572266,-0.3793695867061615,12.786531448364258,9.279298782348633,16.024465560913086,2.5267798900604244,5.9948248863220215,-2.269458293914795,3.170588493347168,0.21064436435699463,4.125170230865479,-0.8440404534339905,41.0,14.0
4Keus feat. Melina - Vendeur de rêves.mp3,"4Keus,  feat. , Melina",Vendeur de rêves,,2018-09-25,220.22666666666663,129.19921875,0.2449622601270675,6.0,2376.42876069697,2661.8883181403367,0.0900021012722523,-78.08396911621094,87.45406341552734,7.521330833435059,12.709930419921877,16.26466941833496,2.533212900161743,1.5631798505783077,6.584189414978027,-14.45720672607422,2.1936275959014893,-5.881719589233398,-5.057873249053955,-9.62370777130127,32.0,21.0
"4Keus feat. Naza, KeBlack & Dry - Mignon Garçon.mp3","4Keus,  feat. , Naza, , , KeBlack,  & , Dry",Mignon Garçon,,2018-03-16,315.9510204081633,117.45383522727272,0.2525381445884704,11.0,2401.368401323763,2478.598016230855,0.1028368687113003,-40.29335021972656,87.30140686035156,-13.177612304687502,18.012414932250977,4.418230056762695,3.519047975540161,3.5749342441558833,1.0774683952331543,-4.628141403198242,4.447378635406494,-3.8491060733795166,5.2576165199279785,-2.599197626113892,6716.0,1008.0
4Keus feat. Niska - MD.mp3,"4Keus,  feat. , Niska",MD,,2020-01-03,212.11428571428573,151.99908088235293,0.3412940800189972,2.0000000000000004,2508.6043943077366,2681.058498966757,0.0823434174245356,-48.98530578613281,83.62088775634766,21.019773483276367,17.358196258544922,-1.917657494544983,9.22685432434082,-5.460862636566162,3.298581600189209,-16.64613914489746,-1.9142272472381592,-2.7824034690856934,2.758888006210327,-1.942699670791626,4962.0,626.0
4Keus feat. S.Pri Noir - Toute la night.mp3,"4Keus,  feat. , S.Pri Noir",Toute la night,,2018-09-25,270.93333333333334,129.19921875,0.2779983580112457,4.0,2225.355989607007,2561.279788801886,0.0808704482512577,-98.06959533691406,94.15080261230467,48.18733215332031,26.526151657104492,16.810388565063477,12.311117172241213,1.4950726032257076,9.332018852233888,-6.5176310539245605,3.6423754692077637,-0.5775420665740967,2.3035016059875484,1.266079306602478,85.0,29.999999999985448
4keus Gang - O'KCLH.mp3,4keus Gang,O'KCLH,,2017-09-29,292.6759183673469,117.45383522727272,0.1771041303873062,8.0,2469.3492035143568,2602.004366609689,0.1012941720684984,-94.32186889648438,85.47813415527344,5.469681739807129,15.883368492126465,1.457302451133728,2.795199394226074,-0.6201476454734802,2.825359344482422,-13.237526893615724,10.35045051574707,-2.0759806632995605,1.9998420476913448,-2.6959357261657715,63734.0,8115.0
6ix9ine & Nicki Minaj - TROLLZ.mp3,"6ix9ine,  & , Nicki Minaj",TROLLZ,rap;trap;pop,2020-06-12,215.40571428571428,89.10290948275862,0.230920135974884,1.0,2698.501805183457,3042.6757996394376,0.0810493965267027,-126.86561584472656,77.78292083740234,43.68111038208008,15.934440612792969,16.362533569335938,0.7460126876831055,7.185405731201172,10.272472381591797,-2.5582165718078613,5.839737892150879,3.291055679321289,3.9050855636596684,-0.7512668967247009,377703.0,68986.0
Aaron Waters - The Mighty RAW - Power Rangers.mp3,"Aaron Waters,  - , The Mighty RAW",Power Rangers,,1994-12-02,215.22285714285715,103.359375,0.3055512607097626,0.0,2171.3416537795147,2544.709051536363,0.0818205558847716,-50.00139236450195,97.0730438232422,7.18183708190918,16.345815658569336,6.960330009460449,2.122588396072388,3.022323846817016,-5.370994567871094,-7.437973976135254,3.381685256958008,-5.098424434661865,1.560577154159546,-2.955817937850952,1811.0,344.0
Adekunle Gold - Pick Up.mp3,Adekunle Gold,Pick Up,,2016-07-28,207.4122448979592,107.666015625,0.1350807398557663,1.0,2410.503261403848,2537.959475706638,0.0964763629547213,-102.2096710205078,86.79974365234375,-2.054208993911743,17.598190307617188,2.922385931015014,3.967918157577514,-1.1071401834487915,5.0506744384765625,-6.872395515441895,6.652822971343994,-3.0903446674346924,1.9311209917068481,0.33374789357185364,8649.0,1869.0
Adele - Someone Like You.mp3,Adele,Someone Like You,pop;soul;rock;contemporary;alternative,2011-01-19,285.0220408163265,135.99917763157896,0.1184235662221908,1.0,1371.48553629013,1630.7355003668374,0.0641275411788893,-209.882064819336,145.03396606445312,-9.510378837585451,1.9688678979873657,6.526236534118652,-6.805093288421631,-6.687273025512695,-3.4242923259735107,-8.32128620147705,-2.6627483367919926,-15.459366798400879,-1.3132565021514893,-15.74110221862793,21721061.0,2118631.0
Alec Benjamin - Let Me Down Slowly.mp3,Alec Benjamin,Let Me Down Slowly,pop;rap,2018-05-25,177.36,151.99908088235293,0.1150933131575584,3.0,1871.255467920528,2274.850955273701,0.0734587394785216,-195.0272827148437,122.95413970947266,19.223859786987305,14.443796157836914,18.106143951416016,-16.662857055664062,-6.452312469482422,-3.7024567127227774,-7.1696858406066895,3.632018089294433,-16.389928817749023,1.6808322668075562,-10.557917594909668,7833559.0,755138.0
Alex Warren - Ordinary.mp3,Alex Warren,Ordinary,pop;folk;ballad;rock;soul,2024-09-27,186.984,112.34714673913044,0.2202493101358413,4.0,1457.4854107443996,1951.7404714474424,0.0519987407483552,-148.89962768554688,123.7656478881836,16.11617660522461,21.454490661621094,10.757859230041504,1.883884310722351,-14.2647123336792,-6.602028846740723,-10.486457824707031,-4.518853664398193,-1.3504823446273804,-0.4229862987995147,-2.5835413932800293,6655119.0,656036.0
Alicia Keys - New Day.mp3,Alicia Keys,New Day,rnb;soul;rock;alternative,2013-06-28,225.3583673469388,129.19921875,0.1672026067972183,5.0,2148.11244686628,2209.580399410309,0.1001645492695433,-104.95459747314452,89.10926818847656,-22.430049896240234,21.880455017089844,-0.4880119860172272,1.5859798192977903,-5.467085361480713,8.422246932983398,-6.410555362701416,5.407380104064941,-2.3577401638031006,2.665403127670288,-3.257309913635254,369819.0,69819.0
Alicia Keys featuring Nicki Minaj - Girl on Fire (Inferno version).m4a,Alicia Keys featuring Nicki Minaj,Girl on Fire (Inferno version),,,232.9425850340136,92.28515625,0.1350825428962707,9.0,1905.6402661876923,1964.2331644905296,0.0937050267269736,-170.48294067382812,106.38136291503906,-25.09330177307129,11.72317886352539,6.950342655181885,-12.903403282165527,1.3864269256591792,-5.464187145233155,-13.571560859680176,6.601763725280762,-17.17137336730957,-3.9600698947906494,-5.360574722290039,60551.0,13431.0
Allianstars - A Jamais.mp3,Allianstars,A Jamais,,2003,273.5623125,172.265625,0.2177236974239349,3.0,2433.782087884891,2633.5949130206254,0.0925122901751161,-82.4480972290039,90.85333251953124,19.771934509277344,16.766891479492188,-1.327329397201539,4.285649299621582,-4.260944366455078,3.533726453781128,-6.337803840637207,2.7251994609832764,-6.377260208129883,-3.4433162212371826,-4.495970249176025,171.0,56.0
Alonzo - Papa allo.mp3,Alonzo,Papa allo,,2018-02-08,208.7967346938776,129.19921875,0.1195583269000053,6.0,2423.6241920879047,2409.1243150221585,0.1114263859326625,-160.33644104003906,82.71327209472656,19.302345275878903,15.34675121307373,-2.272636890411377,5.509668350219727,-7.447400093078613,-1.1918286085128786,-5.131350517272949,-4.658066272735596,-7.000633239746094,1.3615517616271973,-9.53084659576416,26554.0,4592.0
"Amel Bent & HATIK - 1,2,3.mp3","Amel Bent,  & , HATIK","1,2,3",,2020-10-30,223.04,151.99908088235293,0.1223149746656417,0.0,1855.8490920881432,2237.865373563611,0.0724116936556695,-171.476318359375,117.90415954589844,8.04869556427002,10.471039772033691,-11.087698936462402,-4.154484272003174,1.8954592943191524,-10.89881706237793,2.213999032974243,1.80194890499115,1.0400632619857788,1.932666301727295,2.216566801071167,63296.0,10844.0
Amel Bent feat. Dadju - Tu l’aimes encore.mp3,"Amel Bent,  feat. , Dadju",Tu l’aimes encore,,2021-10-01,193.9069387755102,103.359375,0.2790006399154663,0.0,1705.845939857519,2209.2724623711456,0.0478215173302051,-124.09893798828124,111.3235321044922,20.59115028381348,23.116106033325195,2.900637149810791,-3.255165100097656,-4.846236228942871,-1.2571401596069338,5.567779541015625,1.8868767023086548,-1.1654772758483887,3.3210933208465576,-0.4744604825973511,2.0,1.999999999985448
Amir - Longtemps.mp3,Amir,Longtemps,,2019,219.0889795918368,129.19921875,0.1352057158946991,8.0,1916.8944246705776,2199.825296950921,0.0791954772760255,-185.2523193359375,100.68231201171876,5.342918395996094,23.672117233276367,17.773265838623047,-1.015283823013306,-2.25501036643982,0.1174149140715599,-10.326735496520996,-2.0738275051116943,-14.825727462768555,-14.194042205810549,-9.23633098602295,70263.0,11356.000000000015
Amir - Rétine.mp3,Amir,Rétine,,2021-11-12,210.2334693877551,129.19921875,0.055294863879680606,8.0,2014.4322494028129,2346.177394563368,0.0632120138351393,-288.5186462402344,92.39901733398438,28.587684631347656,21.94528579711914,20.215028762817383,6.619332790374756,7.07636833190918,8.226258277893066,-9.843241691589355,-2.7670373916625977,-13.371297836303711,-10.315618515014648,-8.665271759033203,44964.0,7390.0
Andrew Prishchecnko - Track 14.mp3,Andrew Prishchecnko,Track 14,,2003-11-20,132.75428571428571,103.359375,0.2841070890426636,8.0,3013.661386986769,2851.726028831034,0.1272416720080302,-79.4105224609375,63.0949821472168,7.493073463439941,-11.089507102966309,1.6942988634109502,1.7637332677841189,-7.176534652709961,4.843225955963135,-9.636629104614258,-2.708437204360962,-2.839235782623291,4.50398063659668,-2.4074182510375977,398049.83333333326,46960.749999999985
Angel feat. WizKid - Blown Away.mp3,"Angel,  feat. , Wizkid",Blown Away,,2013-01-01,227.1869387755102,92.28515625,0.1144429519772529,8.0,2161.795554081108,2278.734353091724,0.0994402528178212,-125.0440902709961,98.48514556884766,-17.95351791381836,21.7194938659668,0.5653688311576843,2.251836061477661,-0.5535508394241333,9.89830207824707,-3.703397035598755,7.917945861816406,0.3049888610839844,2.881791353225708,-0.19105704128742218,842.0,251.99999999998545
Angèle - Flou.mp3,Angèle,Flou,,2018-10-05,219.76816326530613,117.45383522727272,0.1252534538507461,5.0,2490.6891821742174,2843.966735657003,0.0826251617526122,-173.6037139892578,84.2782974243164,28.34138870239257,18.804187774658203,1.9393230676651,-1.4551136493682857,-5.687111854553223,-14.87722396850586,-5.311080455780029,-13.697280883789062,-14.87447738647461,-10.017816543579102,-11.902145385742188,763001.0,84722.0
Angèle & Roméo Elvis - Tout oublier.mp3,"Angèle,  & , Roméo Elvis",Tout oublier,,2018-10-05,216.11102040816328,135.99917763157896,0.199580430984497,2.0000000000000004,1802.2251600568688,2196.5257541884184,0.0623544982343266,-150.04498291015625,103.25223541259766,26.474609375,26.493547439575195,-1.5728905200958252,1.920615196228028,-2.0525686740875244,-9.878664016723633,-2.3375816345214844,-6.601766586303711,-9.940000534057615,-5.874228477478027,-7.591989040374756,951284.0,106169.0
Ariana Grande - Positions.m4a,Ariana Grande,Positions,pop;rnb;trap;rap,,177.5629931972789,143.5546875,0.1870637536048889,9.0,2830.604444407504,2844.4478282047726,0.106450036583301,-130.15106201171875,67.48130798339844,21.73255729675293,16.237682342529297,4.632955551147461,0.7143709659576416,-1.705683946609497,-4.549683570861816,2.5156338214874268,-2.3293917179107666,-11.078508377075195,-2.0274715423583984,-4.825286865234375,16294224.999999998,1215292.0
Arja Saijonmaa - Bella ciao.mp3,Arja Saijonmaa,Bella ciao,,2000,187.5069387755102,129.19921875,0.07047788798809052,9.0,1664.9573850780512,1970.8316739243585,0.0619336768938661,-234.1946563720703,115.32481384277344,-7.916225910186769,25.01704406738281,2.361328601837158,3.056891202926636,-1.435269117355347,-4.407872676849365,-5.361937522888184,-0.5270792841911317,-8.584153175354004,0.12214906513690935,-11.061919212341309,5825.0,1300.0
Arsonists vs. Firemen - Blinding Lights.mp3,Arsonists vs. Firemen,Blinding Lights,,2014,262.57,86.1328125,0.1828717142343521,5.0,1446.9730060927989,1820.7930789033144,0.0541242003071787,-131.6341094970703,139.445068359375,0.8969818353652954,29.470905303955078,8.192668914794922,11.683283805847168,6.229163646697998,9.885035514831545,1.8575929403305054,7.518036365509033,4.034204483032227,6.036017417907715,0.7430161237716675,98.0,19.0
Asake - Remember.mp3,Asake,Remember,,2023-06-15,208.065306122449,112.34714673913044,0.2126893252134323,10.0,2268.810959219335,2534.8450917851314,0.0878129610705301,-97.74642944335938,88.08012390136719,8.305367469787598,14.20799160003662,-5.37732744216919,2.695335149765014,-3.4752438068389893,1.9791808128356927,-8.529938697814941,4.836380958557129,-6.075562477111816,-0.2609106600284576,-1.4970824718475342,240581.0,24092.0
Avicii - Hey Brother.mp3,Avicii,Hey Brother,dance;electronic;pop;house,2015-05-12,263.0791836734694,123.046875,0.0889539346098899,7.0,2145.710262599775,2261.568589263925,0.0957116283499419,-168.8154754638672,90.03465270996094,-3.8907437324523926,30.26556968688965,0.546952486038208,10.805084228515623,-9.337010383605955,-1.168950438499451,-12.8057279586792,-5.637058734893799,-4.042175769805908,-1.5663264989852903,-10.982099533081056,7528348.0,977931.0
Avicii - Wake Me Up.mp3,Avicii,Wake Me Up,dance;electronic;pop,2013-11-25,272.5355102040816,123.046875,0.04061321914196009,9.0,2457.5486897355763,2501.9321331129413,0.1136778840339589,-230.25474548339844,86.8082504272461,1.5612503290176392,28.68168258666992,12.133328437805176,6.978238105773926,-6.835406303405762,7.233700752258301,-10.565302848815918,4.795815467834473,-4.691174507141113,-4.325078964233398,3.283050775527954,13556336.0,1581200.0
Aya Nakamura - 40%.mp3,Aya Nakamura,40%,,,270.792,184.5703125,0.07194922119379038,1.0,1401.822995366339,1698.6184657872964,0.059082409176664,-252.4410552978516,132.32748413085938,1.8348972797393799,33.998504638671875,3.608827352523804,2.506708860397339,-10.705031394958498,-6.7445783615112305,-4.442237377166748,1.0275211334228516,-7.074983596801758,-2.4266514778137207,-8.80106258392334,236096.0,31910.0
Aya Nakamura - Doudou.mp3,Aya Nakamura,Doudou,,2020,171.74,99.38401442307692,0.2118975222110748,11.0,2372.3272766456253,2334.3688291597914,0.1001114505732391,-111.33496856689452,82.71863555908203,-2.587533712387085,23.083585739135746,-2.543510675430298,3.4032976627349854,1.58682107925415,1.4169738292694092,-1.3508068323135376,9.20828628540039,-11.486873626708984,3.563331127166748,-5.504216194152832,207575.0,30063.999999999985
Aya Nakamura - Le Passé.mp3,Aya Nakamura,Le Passé,,2018-03-02,154.01795918367347,123.046875,0.3194737732410431,2.0000000000000004,1908.8640132983496,2281.307257551864,0.0686025708083397,-60.34483337402344,109.60747528076172,0.561556577682496,11.6123685836792,-7.148591041564942,-4.585663795471191,7.305948257446289,-5.308205127716064,-2.708826780319214,7.545855522155762,-8.100347518920898,2.016639947891236,-8.599143981933594,67553.0,9919.0
Aya Nakamura - Soldat.mp3,Aya Nakamura,Soldat,,2019-10-25,182.23020408163265,129.19921875,0.2549775242805481,1.0,1958.028917985084,2266.5218155948896,0.0733459283692918,-117.03304290771484,99.7256317138672,-3.4705114364624023,14.390236854553224,15.789956092834473,4.760963439941406,6.702808380126953,-0.6170943975448611,0.38669466972351163,13.883151054382324,-5.654531002044678,10.391107559204102,-6.836280822753906,60757.0,10777.0
Aya Nakamura - Gangster.mp3,Aya Nakamura,Gangster,,2018-11-02,184.18938775510205,129.19921875,0.197676882147789,3.0,2071.964710451987,2387.484168998076,0.0830799964928405,-114.88697052001952,100.9793472290039,2.6197056770324707,17.2523250579834,9.10616683959961,1.366532325744629,5.238026618957521,-3.0715363025665283,-6.260429859161377,-0.20599402487277985,-12.02451229095459,-2.0475893020629883,-11.163980484008786,61892.0,11559.0
Aya Nakamura - La dot.mp3,Aya Nakamura,La dot,,2018-11-02,210.44244897959183,112.34714673913044,0.2339513003826141,0.0,2185.821728693448,2354.52664739072,0.0920240089251161,-107.94335174560548,89.7159194946289,-0.6030095815658569,19.49555206298828,14.4935302734375,-4.199066638946533,4.9909772872924805,-5.292736053466798,-6.737290859222412,6.417879581451416,-14.823626518249512,0.8249708414077758,-12.906492233276367,239588.0,34212.0
Aya Nakamura - Bobo.mp3,Aya Nakamura,Bobo,,2021-07-16,193.22,107.666015625,0.1317594647407531,0.0,1978.2703573269248,2231.29820453069,0.0775131367308436,-186.134506225586,95.7212905883789,10.024497032165527,18.87094688415528,5.890292644500732,3.1548309326171875,-1.159113883972168,-7.254730224609375,-9.483144760131836,2.273049831390381,-6.767427921295166,-0.0776178240776062,-5.811838626861572,245546.0,34295.0
Aya Nakamura feat. Damso - Dégaine.mp3,"Aya Nakamura,  feat. , Damso",Dégaine,,2022-03-10,208.84897959183672,117.45383522727272,0.2062553912401199,8.0,2150.417056763497,2515.113918626888,0.0892328315475038,-107.09194946289062,105.96959686279295,7.224174976348877,4.050705432891846,12.3341064453125,-8.039316177368164,-0.7889164090156555,-2.535738945007324,-5.1891303062438965,6.161221027374268,-6.944924831390381,2.717891454696656,-5.278269767761231,521.0,231.00000000001455
Ayo & Teo - Rolex.mp3,Ayo & Teo,Rolex,,2017-01-13,241.9722448979592,143.5546875,0.233152687549591,8.0,2517.4537525628666,2292.768356807548,0.1163968774187306,-85.14514923095703,73.34199523925781,-30.61000633239746,2.355307102203369,-6.569792270660401,-4.792543411254883,-3.836827516555786,-5.96256160736084,-13.526018142700195,4.896719455718994,-9.380107879638672,4.20819616317749,-7.791759490966797,1243170.0,244087.0
Ayra Starr - Rush.mp3,Ayra Starr,Rush,,2022-09-16,186.4359183673469,135.99917763157896,0.1471559554338455,11.0,1600.8835788623094,1990.745290394923,0.0569552489478521,-167.97373962402344,117.7864990234375,10.525350570678713,18.633638381958008,2.3121676445007324,2.858729600906372,-3.1638307571411133,3.204206705093384,-2.5301530361175537,4.075800895690918,1.717360019683838,0.1566679924726486,-3.201499938964844,1773506.0,186087.0
BTS - Dynamite.mp3,BTS,Dynamite,pop;dance,2020-08-21,223.3991836734694,112.34714673913044,0.1882643848657608,4.0,2354.37888226828,2435.893128015073,0.1031121882860874,-145.83767700195312,83.6733169555664,8.296492576599121,20.20935821533203,14.396644592285156,5.935004234313965,1.9241333007812496,9.497047424316406,-1.4293959140777588,2.778786420822144,1.176700472831726,0.5466668009757996,-3.247952699661255,165341473.0,1031615.0
Bad Bunny ft. Drake - MIA.m4a,Bad Bunny ft. Drake,MIA,,,210.72108843537416,129.19921875,0.3043099641799927,11.0,1948.3542144983069,2398.738865941664,0.0501489786909829,-108.1758804321289,94.6118392944336,22.54082298278809,25.41887283325196,17.93547248840332,14.435203552246094,-0.11638941615819931,18.130931854248047,-8.008637428283691,14.86471176147461,6.613417148590087,1.9167696237564087,6.09122610092163,1604.0,306.0
Bakermat - Baianá.mp3,Bakermat,Baianá,pop,2019-10-31,200.18,112.34714673913044,0.135549709200859,9.0,1986.787233447368,2275.3398044751466,0.0724910582551277,-206.12384033203125,105.28076934814452,-4.140865325927734,13.547598838806152,8.601741790771484,11.235852241516112,13.627425193786621,8.247714042663574,9.362176895141602,9.903785705566406,1.282926082611084,8.335172653198242,0.09668346494436264,2360745.0,321790.0
Beatrich - Flashback.mp3,Beatrich,Flashback,,2020,182.8571428571429,143.5546875,0.2145237922668457,1.0,2192.03817616098,2372.0778284496664,0.088213563334462,-100.42301177978516,101.84546661376952,5.881492137908936,22.68354225158692,18.063735961914062,0.8716411590576172,0.28511878848075867,3.5983054637908936,-8.193178176879883,1.3380531072616575,-0.5011140108108525,-1.9895578622817995,-3.55341911315918,2466.0,457.0
Bebe Rexha - Last Hurrah.mp3,Bebe Rexha,Last Hurrah,,2019-06-28,151.24897959183673,172.265625,0.105764627456665,11.0,1964.4749553762888,1827.397262379915,0.1022573181719233,-182.0368804931641,99.27409362792967,-37.67451858520508,19.03668212890625,-13.5831298828125,1.803252935409546,-11.122549057006836,0.4976239800453186,-15.991045951843262,9.190093040466309,-18.51206398010254,6.456655025482178,-9.545549392700195,1451923.0,154786.0
Bebe Rexha - I'm Good (Blue).mp3,Bebe Rexha,I'm Good (Blue),,2023-01-02,175.3338775510204,129.19921875,0.2788794934749603,7.0,2670.9939241002726,2674.3620951132525,0.121433883997678,5.136270523071289,78.25383758544922,-6.334212303161621,25.34583282470703,1.0383210182189941,4.784302711486816,4.631717205047607,2.494406223297119,1.243175983428955,7.459808349609376,1.1430705785751343,8.813186645507812,3.428309202194214,11139.0,985.0
Bebe Rexha feat. Nicki Minaj - No Broken Hearts.mp3,"Bebe Rexha,  feat. , Nicki Minaj",No Broken Hearts,,2016-06-22,248.89469387755105,123.046875,0.2368973344564438,11.0,3264.57969350288,2911.269811813376,0.1550614206414473,-32.21570587158203,53.99391555786133,-9.075549125671388,-1.9379539489746094,-1.267747402191162,-1.1333105564117436,-1.3524383306503296,-1.2198021411895754,0.37932735681533813,4.312943458557129,0.5927549004554749,6.466253280639649,2.0109951496124268,86394.0,4595.0
Bella Poarch - Build a Bitch.mp3,Bella Poarch,Build a Bitch,pop,2021-05-14,169.9787755102041,103.359375,0.1727750301361084,5.0,2491.6933703889367,2588.503880746956,0.1066658327084945,-114.4337387084961,85.83467102050781,-4.905810832977295,10.479626655578612,3.790421485900879,1.721276044845581,3.6862723827362056,-6.949634552001953,11.3634672164917,-6.183615207672119,-2.666001558303833,-2.3547921180725098,-8.752986907958984,3241534.0,392524.0
Beyoncé - CHURCH GIRL.mp3,Beyoncé,CHURCH GIRL,hip_hop;contemporary;rnb;electronic;soul;pop;rap;dance,2022-07-29,224.3134693877551,80.74951171875,0.106902040541172,9.0,1730.5181276635635,1979.858936468776,0.0769324524114744,-176.6949462890625,125.56192016601562,-16.17767906188965,8.1597318649292,4.038783550262451,-10.119084358215332,7.155556678771973,-0.23518055677413963,-1.1498490571975708,0.4178950488567352,-2.476279735565185,3.7608914375305176,-1.6495089530944824,6651025.0,427818.0
Billie Eilish & Khalid - lovely.mp3,"Billie Eilish,  & , Khalid",lovely,alternative;electronic;jazz;indie;pop,2017-12-12,200.496,117.45383522727272,0.1319073140621185,4.0,1350.5765635774746,1803.944573425128,0.0529040640721749,-185.210205078125,138.87710571289062,15.548665046691896,20.853534698486328,3.0898211002349854,-2.448600769042969,-0.5076298713684082,-1.9712511301040652,-7.18052339553833,-4.910501480102539,-8.225892066955566,-1.6197700500488281,-4.401111125946045,616611.0,94284.0
Birdman feat. Nicki Minaj & Lil Wayne - Y.U. MAD.mp3,"Birdman,  feat. , Nicki Minaj,  & , Lil Wayne",Y.U. MAD,,2011-09-13,188.4788333333333,151.99908088235293,0.2539195120334625,2.0000000000000004,2637.171328185097,2594.082265863783,0.1186192751668924,-45.540672302246094,81.28511810302734,-3.325639009475708,27.648733139038086,5.093697547912598,4.951769828796387,11.361184120178224,0.22187970578670502,3.3011996746063232,4.941503524780273,0.028647029772400856,5.994548320770265,-1.7479794025421145,131286.0,24450.0
Black Eyed Peas & Shakira - GIRL LIKE ME.mp3,"Black Eyed Peas,  & , Shakira",GIRL LIKE ME,hip_hop;dance;pop;rnb,2020-06-18,222.24,123.046875,0.1351906657218933,4.0,1590.4462860425576,1917.1914372281144,0.0558294054155379,-196.97036743164065,106.9736328125,-12.072826385498049,16.80853843688965,12.436685562133789,15.407541275024414,2.314820766448974,7.932799339294434,4.917861461639404,7.87555456161499,-0.7006393671035762,5.734747409820557,-2.1439459323883057,2489934.0,357830.0
"Black Eyed Peas, Ozuna + J. Rey Soul - MAMACITA.mp3","Black Eyed Peas, , , Ozuna,  + , J. Rey Soul",MAMACITA,,2020-04-10,253.3877551020408,135.99917763157896,0.1585499942302703,5.0,1618.9801804640074,1985.5687115317385,0.0578855154315015,-201.77755737304688,97.5241928100586,9.240592956542969,15.71886157989502,-5.3024682998657235,4.727443695068359,-2.641809463500977,0.9195008873939513,-1.5691757202148438,6.587895393371583,1.0489146709442139,1.8725711107254028,-1.6830132007598877,1054483.0,172950.0
Black M - Mme Pavoshko.m4a,Black M,Mme Pavoshko,,,329.3750566893424,117.45383522727272,0.1545287817716598,11.0,2118.080819096679,2247.9591251641937,0.0899875510956849,-177.98037719726562,86.17613220214844,-7.436109066009523,16.533151626586914,7.065614223480225,5.886835098266602,3.7825803756713854,4.444025993347168,-1.1751506328582764,3.24990177154541,0.41453292965888977,0.5781906843185425,3.2507338523864746,63187.0,14368.0
Black M - Sur ma route.m4a,Black M,Sur ma route,,,251.8668480725624,123.046875,0.1268738210201263,10.0,3185.1106281472817,2964.3437974377434,0.1407710686556695,-120.16182708740234,52.96450424194336,11.209680557250977,17.573888778686523,10.010590553283691,13.141816139221191,4.823502063751221,9.877728462219238,-4.355409622192383,-2.428073406219482,-5.828205108642578,-4.168258190155029,-3.974341154098511,345203.0,58985.0
Black M - Ailleurs.mp3,Black M,Ailleurs,,2014-03-10,245.05469387755105,103.359375,0.1720532178878784,7.0,2264.5048876164083,2312.708137320784,0.0936443694973877,-128.72811889648438,84.6850814819336,-5.554274082183838,33.33510208129883,11.357306480407717,11.091142654418944,4.324554920196533,5.684724330902099,0.8661281466484079,7.722994327545165,1.525010585784913,6.648549556732178,1.7950810194015503,15235.0,3420.0
Black M - Interlude.mp3,Black M,Interlude,,2014-03-10,147.29333333333332,143.5546875,0.2237782180309295,1.0,1873.4824134866965,1880.35188067514,0.0815728249564628,-131.44447326660156,107.2475814819336,-10.405028343200685,34.644100189208984,15.875885963439941,-1.2668125629425053,-9.49513053894043,2.1313908100128174,-0.3042435646057129,3.438028812408448,1.9651767015457162,4.241046905517578,-1.2166842222213743,5783.0,1679.0
Black M - Intro.mp3,Black M,Intro,,2014-03-10,117.72,99.38401442307692,0.0742154046893119,4.0,2140.138245647777,2531.310947648545,0.0929140262190402,-233.13162231445312,96.22940826416016,18.94403648376465,22.399059295654297,6.600576877593994,7.884181976318359,3.28789734840393,7.4990973472595215,-1.1231614351272583,4.448876857757568,1.794732928276062,2.888022184371948,-5.16387414932251,6303.0,2238.0000000000146
Black M - Jessica.mp3,Black M,Jessica,,2014-03-10,317.0933333333333,172.265625,0.1481473594903946,7.0,2441.927478733403,2517.690450012374,0.1036953291287732,-135.7372589111328,86.59030151367188,6.907454967498779,22.689682006835938,12.878815650939941,4.087188243865967,0.20243245363235474,1.1492477655410769,-6.368633270263672,3.2817931175231934,-8.868342399597168,-3.500863075256348,-3.930314779281616,7013.0,1873.0
Black M - C’est tout moi.mp3,Black M,C’est tout moi,,2015-04-13,231.18666666666667,89.10290948275862,0.2330849468708038,3.0,2035.223047634723,2284.895541060362,0.0686209002515479,-125.24371337890624,89.30638122558594,1.0603992938995361,37.85996627807617,27.29727363586425,10.29491138458252,4.124201774597168,8.416242599487305,-8.129870414733887,1.9555535316467285,-3.2163100242614746,-5.780002117156982,0.09298205375671387,5.0,4.0
Black M - Le Plus fort du monde.mp3,Black M,Le Plus fort du monde,,2018-04-06,202.776,129.19921875,0.208278402686119,5.0,2368.950420060651,2299.987240132188,0.1271005163989938,-101.75165557861328,95.14676666259766,3.3228185176849365,14.50643825531006,-0.26111406087875455,-9.205878257751465,-4.812241077423096,-3.568513870239258,-7.088709354400635,1.3965312242507937,-7.217595100402832,-8.131107330322266,-7.655743598937988,16775.0,3397.0
Black M feat. Maître Gims - César.mp3,"Black M,  feat. , GIMS",César,,2021-04-23,200.832,123.046875,0.2361460328102111,5.0,2765.6223888938503,2633.8429786988904,0.1326781470709171,-58.82612228393555,70.62348937988281,0.6114774346351615,18.77220916748047,15.70721435546875,3.850056171417236,-1.26785409450531,14.811130523681642,-8.416991233825684,5.501992702484131,4.833233356475829,3.1756293773651123,-0.5591427683830261,12.0,1.0
Bob Dylan - Stay With Me.mp3,Bob Dylan,Stay With Me,pop;rock;folk,2015-01-30,172.87836734693877,86.1328125,0.2487557232379913,0.0,1231.2005554268903,1768.788568721891,0.0424114971338041,-163.8960723876953,138.2150421142578,26.324689865112305,20.42913055419922,14.505897521972656,19.18329811096192,8.531670570373535,9.544769287109377,2.3466100692749023,4.202036380767822,1.6547409296035767,1.894086599349976,3.2783854007720947,45338.0,15473.0
Booba & JSX - MONA LISA.mp3,"Booba,  & , JSX",MONA LISA,,2021-03-04,186.166125,135.99917763157896,0.11712618172168729,4.0,2135.899656005814,2344.721207943013,0.0857988009142801,-156.75732421875,103.88961029052734,-0.23861287534236908,25.083721160888672,2.012506484985352,2.1936612129211426,19.55060195922852,-14.222488403320312,-9.62934398651123,1.68976092338562,-8.87356948852539,-0.8896803855895996,-13.952610969543453,261726.0,20741.0
Bracket - Yori Yori.mp3,Bracket,Yori Yori,,2009-02-26,218.42666666666668,135.99917763157896,0.34573423862457264,0.0,2578.38548529958,2646.874867540497,0.0957448858963815,-30.08403968811035,74.40402221679688,16.90108871459961,32.775203704833984,8.033985137939453,7.388656139373779,-3.325971841812134,6.020329475402832,-9.563579559326172,2.6947195529937744,-11.449185371398926,-5.744225502014161,-6.165056228637695,71456.0,10867.0
Bracket - Mama Africa.mp3,Bracket,Mama Africa,,2014-01,201.7436734693877,129.19921875,0.285668283700943,8.0,2164.682772517089,2269.249797357234,0.094351659249226,-52.6170654296875,94.24546813964844,2.7932679653167725,26.8333797454834,1.3468760251998901,11.03398895263672,-12.444372177124023,-1.9130856990814211,-4.534094333648682,2.413808584213257,-5.649609088897705,2.158023357391357,-4.647197246551514,47420.0,7684.000000000015
Bramsito feat. Booba - Sale mood.mp3,"Bramsito,  feat. , Booba",Sale mood,,2019-05-31,216.3722448979592,107.666015625,0.2620145678520202,2.0000000000000004,2279.3753546735275,2455.771210895383,0.0901551615712074,-56.45490264892578,96.82112884521484,4.623829364776611,16.485944747924805,-5.3963332176208505,4.512245655059815,-5.2972092628479,0.5132343173027039,-8.817852973937988,2.895558357238769,-3.36452317237854,-2.0996460914611816,-5.733221530914307,97316.0,11984.0
Bramsito feat. Niska - Criminel.mp3,"Bramsito,  feat. , Niska",Criminel,,2021-01-15,194.7,151.99908088235293,0.1200715526938438,1.0,2385.980812008921,2393.952755957149,0.103293404121517,-157.03933715820312,79.0502700805664,-5.0521559715271,16.019174575805664,-0.32896891236305237,4.027143478393555,-17.002593994140625,-5.377625942230225,-12.881681442260742,-1.5176594257354736,-1.2513618469238281,-0.3796152472496032,-7.279857158660889,25190.0,4363.0
Burna Boy - Kilometre.m4a,Burna Boy,Kilometre,,,135.53487528344672,135.99917763157896,0.3372208774089813,9.0,2814.542794897076,2821.365398625772,0.0918399586397058,-34.9609375,66.13624572753906,12.552189826965332,16.57659149169922,0.8547450304031372,15.514098167419434,-4.171646118164063,4.568836688995361,-1.0664211511611938,3.2700531482696533,1.9817101955413818,4.294323444366455,-1.412480354309082,307642.0,45981.0
Burna Boy - On the Low.mp3,Burna Boy,On the Low,,2019-07-26,202.3183673469388,198.76802884615384,0.1031441912055015,4.0,2311.355712668189,2448.0998504777426,0.0911489197344233,-207.42100524902344,78.84854888916016,2.279123067855835,21.27999496459961,1.768417477607727,2.9654617309570312,-8.910161972045898,-1.1263870000839231,-12.460721015930176,-4.119814395904541,-2.5153231620788574,-1.205283284187317,-4.404930114746094,1243256.0,139048.0
Burna Boy - Alone.mp3,Burna Boy,Alone,,2022-11-11,216.32,117.45383522727272,0.061093464493751526,9.0,2134.362214101198,2514.661870580745,0.077580407677051,-233.4400177001953,101.20770263671876,17.536319732666016,12.382043838500977,8.436102867126465,5.943829536437988,-5.487661361694336,2.0403172969818115,-10.90333366394043,-8.569575309753418,-5.196977138519287,-5.262869358062744,-5.438966274261475,1149202.0,113085.0
Burna Boy - Vanilla.mp3,Burna Boy,Vanilla,,2022-07-07,159.79102040816326,99.38401442307692,0.1610020995140075,7.0,1780.219065408215,2126.5530376305446,0.0621466385690789,-136.9483184814453,113.23889923095705,11.742852210998535,17.33586883544922,5.041570663452148,11.747108459472656,-5.985681056976318,1.9229921102523804,-3.182564258575439,1.4753642082214355,-2.481525659561157,1.9892102479934688,-7.606508731842041,193133.0,30249.0
Burna Boy - Last Last.mp3,Burna Boy,Last Last,,2022-04-11,173.84489795918367,117.45383522727272,0.1770776659250259,8.0,2505.46673731405,2597.186496409546,0.0887012776944659,-116.46835327148438,75.20381164550781,0.7526122331619263,15.972553253173828,-3.6532387733459473,12.113936424255373,-4.225271701812744,1.9070066213607788,-7.762742042541504,-2.856142997741699,0.5558256506919861,5.036713123321533,-1.4441325664520264,2415242.0,242719.0
Burna Boy - Comma.mp3,Burna Boy,Comma,,2020-08-13,170.88,112.34714673913044,0.2467027753591537,5.0,2163.3468421991306,2549.361318790487,0.0702726287369388,-78.3343276977539,91.14047241210938,5.833428382873535,17.978818893432617,10.191926002502438,18.60211563110352,5.635785102844238,8.80514907836914,3.750731945037842,8.716014862060547,3.3929474353790283,7.434690475463867,-0.9535707831382751,43469.0,10228.0
Burna Boy feat. Ed Sheeran - For My Hand.m4a,Burna Boy feat. Ed Sheeran,For My Hand,,,164.1882993197279,103.359375,0.0873540341854095,9.0,2243.1621322632573,2586.0061128725906,0.0805322038869001,-168.74398803710938,94.3310317993164,20.432769775390625,16.734115600585938,4.167865753173828,12.96579933166504,2.1165423393249507,5.135983943939209,-7.240031719207764,-0.15830771625041962,-1.0349514484405518,-2.576549053192139,-6.801109313964844,612.0,130.0
Burna Boy feat. Polo G - Want It All.m4a,Burna Boy feat. Polo G,Want It All,,,236.35591836734693,107.666015625,0.1697529703378677,8.0,2242.42942639254,2478.7178797798747,0.0768047131990131,-145.31922912597656,89.43754577636719,18.7959098815918,16.0927734375,12.784429550170898,22.1049919128418,-3.7133615016937256,9.79354763031006,-7.323709487915039,-0.5448049306869508,-2.957610607147217,-0.3338615894317627,-5.463122844696045,226.0,28.0
CJ - Whoopty.mp3,CJ,Whoopty,,2021-02-12,125.15265306122448,143.5546875,0.1766462475061416,10.0,2694.680255534855,2428.2959209947035,0.1338026678599071,-110.015625,65.95362091064453,-17.43675422668457,-4.617852687835693,-13.3922700881958,-7.61359167098999,-12.606301307678224,-10.299859046936035,-6.421944618225098,-1.2917765378952026,-8.038132667541504,-0.7399282455444336,-9.25696849822998,2931379.0,353839.0
CKay - Felony.m4a,CKay,Felony,,,145.10149659863944,135.99917763157896,0.2406532168388366,11.0,1636.8048972063784,2060.719582095653,0.061190673072271606,-87.97561645507812,122.5443115234375,-0.06768950074911118,20.21243667602539,0.5644815564155579,8.923359870910645,-1.924373984336853,1.3934504985809326,-4.005252838134766,-0.806268393993378,-6.31907320022583,-4.52806568145752,3.589081048965454,44018.0,8896.0
CKay - Emiliana.mp3,CKay,Emiliana,,2021-12-03,171.59836734693877,129.19921875,0.152807667851448,10.0,1450.626241054779,1810.9043331368232,0.0555121359810371,-173.27317810058594,133.07745361328125,17.175573348999023,7.911290168762207,-1.194853663444519,0.9143756031990051,0.19936160743236542,-3.5766472816467285,-3.301405668258667,5.345787048339844,-4.274703502655029,-1.11738121509552,-3.758131742477417,897908.0,109059.0
CKay feat. DJ Yo! & Ax'el - love nwantiti (remix).mp3,"CKay,  feat. , DJ Yo!,  & , Ax'el",love nwantiti (remix),pop,2021-09-09,193.88,184.5703125,0.2506917417049408,0.0,973.6517251164548,1044.0070154253092,0.0517336251934984,-170.45384216308594,186.1711883544922,-11.158667564392092,20.13021278381348,-9.482757568359375,8.14460277557373,12.441768646240233,-17.486230850219727,1.465059518814087,8.27177619934082,0.5121274590492249,-7.812203884124756,-3.3042566776275635,241.0,110.99999999998545
Camila Cabello feat. Ed Sheeran - Bam Bam.mp3,"Camila Cabello,  feat. , Ed Sheeran",Bam Bam,,2022-04-08,206.112,95.703125,0.1153936088085174,8.0,2947.556959422034,2949.7679967729105,0.1236028051228715,-137.4689178466797,68.84318542480469,7.258273601531982,7.765135288238525,8.821447372436523,-0.5205656290054321,4.344936847686768,-4.0613203048706055,-0.2779695987701416,-1.4726605415344238,-8.453878402709961,0.26212501525878895,-3.3866491317749023,26848.0,5961.0
Canardo feat. Tal - M’en aller.mp3,"Canardo,  feat. , Tal",M’en aller,,2012-07-06,206.6546875,95.703125,0.2179619967937469,1.0,2706.5085090189964,2650.213638338488,0.1194121653081462,-60.25518798828125,77.39139556884766,-7.787862777709963,15.266865730285645,-1.24237859249115,-0.2703145146369934,-2.089937686920166,-0.15708673000335693,-5.912384510040283,-0.06478834897279728,-8.942343711853027,3.768776893615722,-5.612741470336914,75.0,15.0
Cardi B - Money.m4a,Cardi B,Money,rap;trap;hip_hop,,183.636462585034,129.19921875,0.2407599836587906,3.0,3281.5280488350027,2799.5611133676666,0.1354396572053986,-126.7758331298828,42.79234695434571,9.3723783493042,9.913897514343262,0.0010628242744132876,1.449684977531433,3.9262881278991695,1.5958172082901,3.300442695617676,5.188751697540283,-0.5913621187210079,7.17498779296875,-3.2481510639190674,4133617.0,507237.0
Cardi B & Bruno Mars - Please Me.mp3,"Cardi B,  & , Bruno Mars",Please Me,hip_hop;rap;rnb,2019-02-15,200.9861224489796,135.99917763157896,0.2140795588493347,1.0,2742.9501702573,2689.9764472822017,0.1098171741969814,-91.10846710205078,73.49066925048828,12.959118843078612,19.49982261657715,2.274544239044189,3.265641689300537,-0.9732518792152405,5.357855796813965,0.5636500120162964,1.115827560424805,-0.8570008873939514,3.964779615402222,-4.616326332092285,6340869.0,748110.0
Cardi B feat. 21 Savage - Bartier Cardi.mp3,"Cardi B,  feat. , 21 Savage",Bartier Cardi,hip_hop;rap;trap,2017-12-22,226.7428571428572,135.99917763157896,0.1489457339048385,11.0,2388.331690482323,2531.3390654330683,0.0774120413482004,-174.89195251464844,74.79595184326172,-10.885780334472658,10.741759300231934,5.067694187164307,5.726292610168457,8.022164344787598,12.41252326965332,5.5367512702941895,7.879021167755127,5.077669143676757,10.589688301086424,1.9657959938049325,24338.0,3254.0
Cardi B feat. Kehlani - Ring.mp3,"Cardi B,  feat. , Kehlani",Ring,hip_hop;rap;trap,2018-04-06,182.0995918367347,107.666015625,0.1474450528621673,1.0,2542.803757487726,2731.80547193384,0.0926500444441757,-177.1018829345703,78.76219940185547,28.877599716186523,18.6687240600586,4.778697490692139,2.9611685276031494,7.873790740966797,-0.6450099945068362,-4.3821868896484375,3.936357498168945,-5.012362003326416,3.476015329360962,-6.340260028839111,16973.0,2261.9999999999854
Cardi B feat. Megan Thee Stallion - WAP (amended).mp3,"Cardi B,  feat. , Megan Thee Stallion",WAP (amended),hip_hop;trap,2020-11-27,187.848,129.19921875,0.2366971224546432,0.0,2415.45178580835,2568.7909060562565,0.0961723209534636,-142.83322143554688,74.77842712402344,14.460943222045898,20.996381759643555,11.902986526489258,11.366679191589355,10.047632217407228,7.76912784576416,7.050956726074219,-0.08865195512771595,2.424886465072632,4.746659755706787,0.851179838180542,10.0,5.0
"Cardi B, Ye & Lil Durk - Hot Shit.mp3","Cardi B, , , Ye,  & , Lil Durk",Hot Shit,,2022-07-01,217.10367346938776,161.4990234375,0.3022104799747467,5.0,2673.706048951854,2890.101680948761,0.0778627188951238,-120.5568618774414,70.06681060791016,44.66382598876953,27.43024635314941,13.20467758178711,15.860816955566406,11.057188987731934,12.59866714477539,2.335745334625244,10.021828651428224,-0.41257917881011963,7.1915931701660165,1.8506728410720825,3564.0,1034.0
Cecilio G. & KUOR Larraz - Monalisa.m4a,Cecilio G. & KUOR Larraz,Monalisa,,,214.01832199546485,112.34714673913044,0.2463783770799636,5.0,2304.369259097015,2847.5861210048315,0.0671014460985874,-100.84352111816406,86.98322296142578,39.3745231628418,24.52176856994629,12.09354305267334,5.099154472351074,3.642589092254639,1.7583181858062744,-5.262712001800537,5.6222662925720215,-3.2419536113739014,3.768061399459839,-2.842759370803833,2212145.0,161571.66666666666
Central Cee - Billion Streams Freestyle.mp3,Central Cee,Billion Streams Freestyle,,2024-08-22,126.43265306122449,151.99908088235293,0.2747834324836731,8.0,2598.69093967584,2706.384301874737,0.0962785183460719,-39.47745895385742,90.7177963256836,19.723051071166992,11.222566604614258,-1.3533340692520142,3.76396369934082,-2.2905662059783936,3.7581045627594,-7.672311782836914,7.881730079650879,-4.240720272064209,9.846397399902344,2.574697732925415,341801.0,53467.0
Charlotte Hervieux & AURORA - Dans un autre monde.mp3,"Charlotte Hervieux,  & , AURORA",Dans un autre monde,,2019-11-15,195.14,103.359375,0.0764613598585128,3.0,1580.3891373903753,1836.6821358056168,0.0826521835090944,-258.06500244140625,136.8670654296875,5.287631034851074,-9.998148918151855,-12.024815559387207,-9.833359718322754,7.8960747718811035,-5.463105201721192,-3.952067852020264,3.970898628234863,5.488029003143311,13.993127822875977,-1.427242636680603,38500.0,6866.0
Cheque - Zoom.mp3,Cheque,Zoom,,2020-07-03,205.24408163265304,107.666015625,0.2235860973596573,10.0,1888.221041000077,2138.8821086440907,0.0746437285337654,-125.73871612548828,106.2264175415039,6.8927903175354,0.44402074813842773,-0.08495486527681351,-5.465106964111328,-1.3585517406463623,-3.4292025566101074,-15.366127967834473,1.4252476692199707,-12.684221267700195,-2.872805118560791,-0.37339532375335693,7704.0,1726.0
Childish Gambino - This Is America.m4a,Childish Gambino,This Is America,hip_hop;rap;trap,,244.90086167800453,117.45383522727272,0.1661084592342376,4.0,1912.7982507459485,2146.193571059064,0.0811956541457043,-140.1642608642578,92.37488555908205,-9.152090072631838,-2.3908495903015137,-6.278613567352296,-3.7356312274932866,-18.21487617492676,-2.521350383758545,-6.995244026184082,1.93683660030365,-3.158097982406616,0.9364770650863646,-4.9761505126953125,7021307.0,858188.0000000001
Chris Brown - Tempo.mp3,Chris Brown,Tempo,,2017-10-31,220.3951020408164,123.046875,0.2001546621322631,2.0000000000000004,2350.1909736168013,2567.3227136758687,0.0874905896260642,-103.19287872314452,85.54837799072266,9.56906509399414,13.935412406921388,1.517435073852539,-6.623022556304932,-4.711853504180908,4.659627914428711,-4.228536605834961,10.187713623046877,0.004229849670082331,11.43881893157959,7.65312099456787,303821.0,38048.0
Chris Brown - Iffy.mp3,Chris Brown,Iffy,,2022-01-14,190.26,129.19921875,0.2870577275753021,11.0,2381.4721035962093,2614.258978511377,0.0768878570651122,-68.21375274658203,97.36245727539062,16.074073791503906,14.448777198791504,2.951298952102661,8.807916641235352,-2.7771992683410645,4.436473369598389,-5.236203193664551,-0.014003505930304527,0.5975145101547241,0.813327670097351,-0.8190545439720154,267739.0,34789.000000000015
Chris Brown - Indigo.mp3,Chris Brown,Indigo,,2019-06-28,192.6266666666667,151.99908088235293,0.2467961013317108,8.0,2127.47354475302,2283.596807165356,0.0869340926131966,-89.16764068603516,105.96810913085938,14.155963897705078,9.857057571411133,6.909063816070557,-3.7735829353332524,-12.435846328735352,-0.8140539526939394,-13.71861553192139,-1.4138716459274292,-7.801812171936035,-5.143733978271484,-3.866178750991821,539813.0,51070.0
Chris Brown - Technology.mp3,Chris Brown,Technology,,2019-10-04,208.96,92.28515625,0.1493905633687973,10.0,2730.897687689531,2826.801551552586,0.1052181846217105,-132.8848419189453,78.9552001953125,13.93761920928955,3.1701149940490723,7.224853515625,-13.050646781921387,-13.0153169631958,-1.2606592178344729,-9.902688026428224,0.3251323997974396,-10.666910171508786,-4.973366737365723,-5.880157947540283,42874.0,6652.0
Chris Brown - Loyal.mp3,Chris Brown,Loyal,,2014-11-03,270.408,66.25600961538461,0.208982914686203,1.0,1954.9220019841737,2290.533058979154,0.071110303187887,-152.1127471923828,96.5743408203125,11.930227279663086,9.737651824951172,10.27873420715332,3.5798563957214355,2.806174039840698,5.181263446807861,0.4938388168811807,9.2882661819458,5.295817375183105,7.270047664642334,1.3525186777114868,490536.0000000001,101606.0
Chris Brown & Tyga feat. Boosie Badazz - Real One.mp3,"Chris Brown,  & , Tyga,  feat. , Boosie Badazz",Real One,hip_hop;pop;rap,2015-02-20,306.0244897959184,129.19921875,0.0603874325752258,5.0,1673.538653468864,1976.0636755105663,0.0766871780064822,-293.22528076171875,125.04581451416016,10.674915313720703,20.316875457763672,17.520540237426758,-2.5486195087432866,5.665239334106445,3.4921934604644767,-0.10131406038999469,4.091969966888428,-3.124669551849365,5.0336689949035645,3.532907247543335,17127.0,4453.0
Chris Brown & Young Thug - Go Crazy.mp3,"Chris Brown,  & , Young Thug",Go Crazy,contemporary;rnb;pop;rap,2020-05-05,178.59918367346938,92.28515625,0.2053821235895156,0.0,2089.3686811970606,2482.326087190975,0.0649038025469233,-145.9689178466797,95.46575164794922,26.02207374572754,6.634051322937012,4.095069885253906,0.6121546626091003,-8.602920532226562,2.028064489364624,-12.19213581085205,-5.497871398925781,-3.585383415222168,-0.8850519061088562,-2.2047808170318604,4205615.0,415628.0
Chris Brown feat. DaniLeigh - Nose Dive.mp3,"Chris Brown,  feat. , DaniLeigh",Nose Dive,,2019-10-04,198.0,129.19921875,0.2306112945079803,5.0,1664.8463840351474,2011.9152963998872,0.0533541747291021,-169.114013671875,105.58920288085938,35.376373291015625,27.19937324523925,10.336418151855469,8.7669095993042,-0.6069875359535217,-3.5763635635375977,-10.148475646972656,-1.148747444152832,-5.449261665344238,-6.489146709442139,-7.685372352600098,663.0,186.0
Chris Brown feat. Davido - Lower Body.mp3,"Chris Brown,  feat. , Davido",Lower Body,,2019-10-04,183.82666666666665,112.34714673913044,0.2650672197341919,4.0,2222.9492619560465,2676.421567034188,0.0686137196449303,-61.295047760009766,88.3724136352539,18.80759048461914,22.016809463500977,-1.0802109241485596,3.983608484268189,1.562883615493774,4.767967700958252,0.8711670637130728,2.6387932300567627,-2.17989468574524,2.619980335235596,-9.062227249145508,669.0,232.0
Chris Brown feat. Juvenile & Juicy J - Emerald  Burgundy.mp3,"Chris Brown,  feat. , Juvenile,  & , Juicy J",Emerald / Burgundy,,2019-06-28,399.31999999999994,89.10290948275862,0.2183175534009933,3.0,2024.989494977436,2296.842611801373,0.0780044413941563,-103.38638305664062,97.08908081054688,14.102231979370115,17.724000930786133,8.58509349822998,6.056271553039551,-9.99891757965088,4.080756664276123,-3.43168830871582,8.301909446716309,-1.0998715162277222,2.0031542778015137,-0.5730579495429993,1406.0,303.0
Chris Brown feat. Lil Wayne - Gimme That (radio edit).mp3,"Chris Brown,  feat. , Lil Wayne",Gimme That (radio edit),hip_hop;pop;rap,2006-07-17,186.9061224489796,172.265625,0.2472441047430038,6.0,2312.3582656244234,2643.741213813946,0.068189685927825,-114.27377319335938,71.50057220458984,7.73491907119751,20.291831970214844,13.609981536865234,7.805023193359375,8.076457977294922,19.23933982849121,8.507767677307127,14.516823768615724,4.691096305847167,6.943481922149658,1.3117308616638184,155.0,47.0
Chris Brown feat. Nicki Minaj & G‐Eazy - Wobble Up.mp3,"Chris Brown,  feat. , Nicki Minaj,  & , G‐Eazy",Wobble Up,,2019-04-17,221.0533333333333,95.703125,0.2387982010841369,11.0,3011.565713349282,2719.619113615866,0.1399349059113777,-47.626346588134766,65.26289367675781,-1.820478081703186,9.830536842346191,3.8158719539642334,-0.09788858145475388,0.49893316626548767,3.7112302780151367,-6.210716724395752,3.1704635620117188,0.827406644821167,4.828062057495117,2.5069308280944824,170068.0,20775.0
"Chris Brown feat. Rich the Kid, Yella Beezy & Sage the Gemini - Only When I Drive  Blamed.mp3","Chris Brown,  feat. , Rich the Kid, , , Yella Beezy,  & , Sage the Gemini",Only When I Drive / Blamed,,2019-10-04,390.0,161.4990234375,0.2719395160675049,11.0,2544.5936010341297,2501.81478247956,0.1016875937258127,-69.26123809814453,80.8487777709961,-3.94907808303833,3.047515869140625,-7.786079883575439,2.0199315547943115,-11.660138130187988,0.9409452080726622,-5.975887298583984,1.1586114168167114,-3.97561287879944,-0.0731847882270813,4.319530010223389,9.0,3.0
Chris Brown feat. Tory Lanez - Tell Me How You Feel.mp3,"Chris Brown,  feat. , Tory Lanez",Tell Me How You Feel,,2019-10-04,209.88,80.74951171875,0.2733434438705444,11.0,2129.521682407468,2483.908707019353,0.070639784491099,-78.99861907958984,92.16690826416016,16.70976448059082,29.5507869720459,8.479273796081543,4.07196855545044,0.14610286056995392,6.803964138031006,2.566021203994751,12.840476989746094,-1.4560654163360596,5.7815046310424805,6.237558841705321,445.0,138.0
Chris Brown feat. Tyga - All I Want.mp3,"Chris Brown,  feat. , Tyga",All I Want,,2019-06-28,213.6533333333333,107.666015625,0.286081463098526,9.0,2822.311978403362,2847.0021235133167,0.0861593429518188,-77.50186157226562,71.32281494140625,28.422840118408203,8.748085021972656,2.7617347240448,2.9765055179595947,-3.8599040508270255,10.21872615814209,-6.198346614837647,9.87462043762207,1.6087028980255127,2.37984561920166,2.7614378929138184,4004.0,1197.0
Ciara - Level Up.m4a,Ciara,Level Up,,,211.3015873015873,151.99908088235293,0.2375273406505584,10.0,2372.9119636126443,2672.269212905497,0.0789872396841137,-110.45150756835938,84.09672546386719,9.638924598693848,24.14982414245605,9.793108940124512,5.502840042114258,18.13820457458496,-4.919120788574219,6.914330005645752,10.20608901977539,-0.29313230514526367,1.7334439754486084,-1.1468738317489624,1434328.0,220863.0
Clara Luciani - Respire encore.mp3,Clara Luciani,Respire encore,,2021-06-11,228.62367346938777,117.45383522727272,0.1777383387088775,11.0,2277.980228771504,2745.7925853714764,0.0765443217274574,-103.64380645751952,94.85657501220705,25.31223487854004,22.71278190612793,13.44098949432373,7.99722146987915,4.730760097503662,1.0132381916046143,-0.5948134064674377,4.520913124084473,-8.056793212890625,1.2197046279907229,-5.462525367736816,268670.0,31031.999999999985
Claudio Capéo - Je vous embrasse fort.mp3,Claudio Capéo,Je vous embrasse fort,,2016-07-15,204.5387755102041,107.666015625,0.1387626975774765,4.0,2008.7519554075448,2255.279566119815,0.0846204255756579,-151.22886657714844,108.72821044921876,13.848284721374512,23.414081573486328,-5.585459232330323,11.272856712341309,-11.97317600250244,-3.4966516494750977,-3.4448423385620117,-10.111083030700684,-3.065622329711914,-3.076910257339477,-5.8715691566467285,10731.0,1909.0
Clean Bandit - Rather Be.mp3,Clean Bandit,Rather Be,,2014-08-21,254.850612244898,89.10290948275862,0.17849001288414,11.0,2590.052667813838,2458.2039992778705,0.1159828587582236,-81.42625427246094,74.31475830078125,-17.03969955444336,18.3421573638916,9.7609224319458,3.138474941253662,-10.503026008605955,4.014456272125244,-9.492704391479492,-1.245483040809631,-4.838038921356201,-1.9267423152923584,-3.1601603031158447,323963.0,44322.0
Clean Bandit and Mabel feat. 24kGoldn - Tick Tock.mp3,"Clean Bandit,  and , Mabel,  feat. , 24kGoldn",Tick Tock,electronic;pop,2019-02-08,183.86,99.38401442307692,0.1752610802650451,2.0000000000000004,2607.370822912601,2606.6870410908737,0.1098583682033668,-100.58192443847656,81.093994140625,-2.514270305633545,14.996807098388672,-0.6497129201889038,-9.427855491638184,5.18669319152832,-8.984606742858887,-6.248548984527588,1.560168981552124,-10.943593978881836,3.686135292053223,-7.629314422607422,4684.0,707.0
Clean Bandit feat. Sean Paul & Anne‐Marie - Rockabye.mp3,"Clean Bandit,  feat. , Sean Paul,  & , Anne‐Marie",Rockabye,dance;pop,2016-10-21,249.75673469387755,135.99917763157896,0.2103564888238906,0.0,2475.4750701694275,2459.834518450258,0.1228766190378289,-79.02552795410156,87.70996856689453,-14.399569511413576,8.776527404785156,1.3804628849029537,-13.184080123901367,4.764079570770262,-11.693426132202147,-7.113242149353027,2.957258462905884,-13.04900074005127,0.5179702043533326,-7.5321364402771,139651.0,26553.999999999985
Clean Bandit feat. Zara Larsson - Symphony (Cash Cash remix).mp3,"Clean Bandit,  feat. , Zara Larsson",Symphony (Cash Cash remix),,2017-05-25,246.0995918367347,135.99917763157896,0.0737254694104194,9.0,1727.980307853231,1873.545019393768,0.0792725743154992,-275.05859375,103.58344268798828,-1.0805784463882446,7.018129825592041,-13.270184516906738,-12.69749355316162,-2.4107375144958496,-7.982049942016602,-7.583460330963135,-6.00576114654541,-6.993122577667236,-1.6289995908737187,-5.979208469390869,62.0,27.000000000014552
Coldplay - Hymn for the Weekend.mp3,Coldplay,Hymn for the Weekend,rock;indie;pop;alternative,2018,260.688,89.10290948275862,0.0698942467570304,0.0,2685.725356458006,2354.8543694008304,0.1615632709703947,-190.1666412353516,76.7271728515625,-29.88734245300293,4.128975868225098,-8.846309661865234,-2.007514953613281,-5.184057712554932,-3.6282482147216797,-7.30767011642456,-3.161537885665893,-5.059384346008301,-2.903419256210327,-0.2336486279964447,10802520.0,1165961.0
Corneille - Le jour après la fin du monde.mp3,Corneille,Le jour après la fin du monde,,2011-06-20,229.6423333333333,135.99917763157896,0.1951877325773239,1.0,1686.715342422882,1829.7572491287751,0.0806047658064048,-152.51016235351562,117.01033020019533,-14.158322334289553,34.8088493347168,-7.122242450714112,21.57499313354492,-5.320348262786865,3.577127695083618,-6.612591743469238,10.212813377380373,-9.329580307006836,-2.764983654022217,-4.769737720489502,15757.0,3247.0
Craig Abaya - Regret (Official Music Video).mp3,Craig Abaya,Regret (Official Music Video),,,279.9020408163265,184.5703125,0.1498679518699646,8.0,1867.3043171560696,2072.670113192211,0.0789983885207043,-162.4047088623047,111.12149047851562,5.137033939361572,36.16232299804688,-1.2047284841537476,2.654308319091797,1.906548976898193,-3.6728320121765137,-7.505125999450684,2.1777780055999756,-9.25222396850586,-1.2413140535354614,-12.701460838317871,1901235.3333333335,137775.91666666666
Céline Dion - Je lui dirai.mp3,Céline Dion,Je lui dirai,ballad;french;pop,2003-10-14,236.574,135.99917763157896,0.3265648782253265,5.0,1648.469512580912,1708.4594270580428,0.0927396130635642,-72.26432037353516,138.22251892089844,-43.54177474975586,65.96747589111327,-25.20993423461914,34.02650451660156,-7.618535995483398,8.566870689392088,2.734245777130127,-2.1414730548858643,9.446261405944824,-13.025981903076172,12.21741008758545,54044.0,8574.0
Céline Dion - Pour que tu m’aimes encore.MP3,Céline Dion,Pour que tu m’aimes encore,,2004,253.766,89.10290948275862,0.1872521489858627,6.0,1531.7488940083028,1584.0338653377357,0.0736014067942144,-166.0765380859375,133.42225646972656,-8.36015033721924,49.7381477355957,-22.6928825378418,19.66975784301757,-8.412802696228027,8.493545532226562,1.2155426740646362,-7.151085853576661,7.6572604179382315,-8.950888633728027,6.91310167312622,1285.0,383.0
Céline Dion - Destin.mp3,Céline Dion,Destin,pop;rock,1995-03-27,254.325875,129.19921875,0.1878108084201812,2.0000000000000004,2412.4772493054365,2602.1952712985494,0.108599305521962,-76.47451782226562,88.33956146240234,-0.22507941722869873,20.241106033325195,3.806340456008911,-2.1754500865936284,5.394543170928955,-5.305789470672608,-1.0330274105072021,0.6663611531257629,-7.863254070281982,-1.2446366548538208,-7.284331798553467,126684.0,23872.0
Céline Dion - On ne change pas.mp3,Céline Dion,On ne change pas,ballad,,250.0505,95.703125,0.06333121657371521,5.0,1502.8479389777774,1828.2761954303087,0.0666917735947175,-269.4379272460937,123.86373138427734,15.876668930053713,23.49243927001953,-6.392191886901856,-0.21105077862739563,2.5064322948455806,-11.619925498962402,-8.221710205078125,-2.1150581836700444,-11.21595287322998,-3.633246660232544,-10.885445594787598,347000.0,43604.0
Céline Dion - Je Sais Pas.mp3,Céline Dion,Je Sais Pas,,,272.55333333333334,89.10290948275862,0.0801996961236,4.0,1764.4384485557473,1975.1639789944247,0.0872829189241486,-237.9122467041016,120.38874053955078,7.958323955535889,16.017133712768555,-2.9224555492401123,-4.212109565734863,5.469890117645264,-3.894028663635254,-6.284452438354492,-3.038062810897827,-6.113990783691406,5.807782173156738,-13.668859481811523,165508.0,31470.0
Céline Dion - Immortality.mp3,Céline Dion,Immortality,,1998,250.6774,161.4990234375,0.0568255372345447,6.0,1867.1596145193548,2089.5937678767536,0.0829747439168924,-248.6061553955078,106.32058715820312,-0.6831566095352173,19.628538131713867,-0.09178926795721054,-2.2223935127258305,1.7879545688629146,-3.423694372177124,-5.51676082611084,-1.948302030563355,-8.926496505737305,-4.610339641571045,-5.665740013122559,160506.0,36567.0
Céline Dion - En attendant ses pas.MP3,Céline Dion,En attendant ses pas,ballad;french;pop;rock,1998-08-31,247.727125,83.35433467741936,0.0717227086424827,8.0,1531.0362475889638,1944.3102394451869,0.0640443973127902,-244.9789581298828,120.84297943115234,16.108497619628906,31.3236141204834,4.174490928649902,5.608761787414551,3.688670158386232,-0.44472426176071145,-2.6843535900115967,0.925581395626068,-10.68356990814209,-2.746710538864136,-8.939722061157227,38385.0,6395.0
Céline Dion - L’Abandon.mp3,Céline Dion,L’Abandon,french;pop;rock,1998-08-31,268.0765625,143.5546875,0.1115730479359626,9.0,1452.5930012063277,2011.659103191848,0.0482232533741292,-212.02813720703125,119.39420318603516,25.086538314819336,42.456275939941406,6.847424983978272,10.97442626953125,4.035518169403076,7.1148457527160645,2.367575168609619,0.3358473777770996,-8.559441566467285,-1.235256552696228,-3.431852340698242,121.0,49.0
Céline Dion - S’il suffisait d’aimer.mp3,Céline Dion,S’il suffisait d’aimer,ballad;french;pop;rock,1998-08-31,213.538,123.046875,0.1000733524560928,5.0,1226.2152942250168,1302.4783454179817,0.0629121290271865,-243.3520965576172,140.55465698242188,-6.563587665557861,38.91274642944336,-9.45556926727295,11.103515625,-10.537296295166016,-7.50194787979126,-5.103103160858154,-12.051081657409668,-8.770963668823242,-14.81137180328369,-2.104037046432495,344.0,131.0
DJ Khaled feat. Drake - POPSTAR.mp3,"DJ Khaled,  feat. , Drake",POPSTAR,hip_hop,2020-07-17,485.694693877551,129.19921875,0.158782422542572,0.0,1823.9199978309496,2119.978593908912,0.0894361560927825,-167.46644592285156,107.3619384765625,-3.0827460289001465,10.350401878356934,9.096855163574222,2.510023832321167,-6.703419208526611,-3.9334373474121085,-2.3181674480438232,5.457691669464111,-5.828495502471924,5.896884441375732,0.11779676377773285,24707.0,6030.0
Niska - Salé (Clip Officiel)(MP3_160K)_1.mp3,DJ KipRaq,Track 06,,2014-11-23,170.256,143.5546875,0.3229328989982605,8.0,2077.8693246010366,2360.308719164356,0.0603286223514899,-121.33031463623048,84.80181884765625,29.558305740356445,24.80669593811035,6.226217269897461,7.509400367736816,-5.945223331451416,-3.1794562339782715,-11.833273887634276,1.3303736448287964,-3.9280691146850586,4.250330924987793,0.12997332215309143,184592.83333333326,22887.583333333314
Niska - Salé (Clip Officiel)-1.mp3,DJ KipRaq,Track 06,,2014-11-23,170.26,143.5546875,0.2755368947982788,8.0,2043.144153105813,2340.9283446088843,0.0594008123911571,-138.05517578125,85.50635528564453,29.3552303314209,24.669065475463867,6.643828392028809,7.1864824295043945,-6.192079544067383,-3.12656831741333,-12.18691635131836,1.2506145238876345,-3.968071937561035,4.332399368286133,0.03523069992661476,918139.5833333334,93822.66666666664
DaBaby - INTRO.mp3,DaBaby,INTRO,,2019-09-19,179.4,99.38401442307692,0.048184052109718295,7.0,3187.0602756611875,2768.663225594704,0.1468524755708204,-228.4955291748047,54.91450500488281,21.085147857666016,17.887676239013672,11.550443649291992,9.426377296447754,-16.772830963134766,5.289455890655518,-15.496834754943848,8.383395195007324,-11.065291404724121,2.3451864719390874,-1.1783676147460938,936134.0,116761.0
DaBaby feat. Roddy Ricch - ROCKSTAR.mp3,"DaBaby,  feat. , Roddy Ricch",ROCKSTAR,,2020-04-17,181.8383673469388,89.10290948275862,0.2316720485687255,10.0,2085.467106890316,2425.006798646365,0.0754305718483939,-141.74366760253906,91.21183013916016,13.181266784667969,12.75361156463623,9.514294624328612,2.12453031539917,-7.71762752532959,0.07628563046455383,-16.9494571685791,-4.030616760253906,-12.391769409179688,-5.204164028167725,-5.1965179443359375,85078.0,17020.0
Dadju - Papa.m4a,Dadju,Papa,,,242.97360544217688,143.5546875,0.2420104146003723,7.0,2374.686181904664,2595.7218827277807,0.0953888789788119,-100.20543670654295,79.17019653320312,-0.25928017497062683,7.9871764183044425,12.498635292053226,0.6809679269790649,-8.871039390563965,-3.2983572483062744,-12.35142993927002,0.1552073061466217,-1.7871103286743164,-10.41824722290039,-6.316815376281738,9951.0,1595.0
Dadju - Toi d'abord.m4a,Dadju,Toi d'abord,,,238.3760544217687,95.703125,0.1797353476285934,7.0,2312.941439552871,2374.456979434289,0.0903773824496904,-116.00609588623048,85.13390350341797,-0.6080929040908813,11.560713768005373,1.785263180732727,2.237729787826538,-10.80510425567627,-1.457389950752259,-10.661465644836426,-6.507326602935791,-7.072251319885254,-6.223267555236816,-6.971273899078369,9778.0,1823.0
Dadju - Mauvaise déduction.mp3,Dadju,Mauvaise déduction,,2022-05-12,194.1753514739229,117.45383522727272,0.2192506790161132,1.0,2387.6421164539406,2535.5280593952966,0.0944185522687693,-94.43595886230467,99.0645523071289,13.613728523254396,5.248571395874023,16.917068481445312,6.723827838897705,-4.374471664428711,4.994214057922363,-15.348400115966797,-1.6721259355545044,-7.109524726867676,0.018508486449718392,-0.0713312029838562,2480.0,555.0000000000146
Dadju - Bob Marley.mp3,Dadju,Bob Marley,,2017-11-24,213.1330612244898,89.10290948275862,0.1568269580602646,0.0,2205.9458222182043,2508.6707813482385,0.0792198535458591,-150.18775939941406,90.82488250732422,19.959205627441406,18.319808959960938,12.021254539489746,9.280980110168455,-5.331399440765381,7.449924945831299,-6.099655628204346,1.1884353160858154,-2.6923582553863525,7.291593074798584,5.430820941925048,122419.0,20057.0
Dadju - Comme si de rien n'était.mp3,Dadju,Comme si de rien n'était,,2017-11-24,235.2933333333333,107.666015625,0.2049494832754135,11.0,1903.7663452686,2211.2095639756485,0.0750868475474071,-137.49891662597656,117.66798400878906,14.935239791870115,10.1639404296875,13.969024658203125,3.1926076412200928,-7.47255277633667,0.6332448720932007,-7.597161769866943,-6.419922828674316,-8.479251861572266,-1.3095638751983645,2.314532995223999,26485.0,3914.0
Dadju - Déjà donné.mp3,Dadju,Déjà donné,,2017-11-24,244.2,64.599609375,0.2640216648578644,11.0,2632.7834587671364,2783.4668459828176,0.0920659587848297,-84.02368927001953,74.08895111083984,22.253868103027344,12.352937698364258,9.993955612182615,4.007399082183838,-14.990446090698242,6.588953971862793,-13.39649772644043,-2.842546939849853,-2.886934518814087,-1.2874817848205566,0.8662784099578857,11818.0,2126.0
Dadju - Intuition.mp3,Dadju,Intuition,,2017-11-24,187.34666666666664,135.99917763157896,0.2526558339595794,10.0,2294.2588497789457,2598.709557695624,0.0834275000604682,-78.99224853515625,92.80778503417967,8.601025581359863,13.627860069274902,8.392413139343262,-0.0008089520270004869,-6.606897354125977,1.2319031953811646,-5.746185779571533,-2.6003243923187256,-2.430173397064209,-2.545561552047729,-4.50045108795166,15125.0,2715.0
Dadju - J'ai dit non.mp3,Dadju,J'ai dit non,,2017-11-24,196.0533333333333,99.38401442307692,0.3279373049736023,10.0,2123.913952251084,2570.588523804576,0.067016979489164,-62.99407958984375,93.96646118164062,23.15102195739746,21.82484245300293,11.149580955505373,0.3929036259651184,-5.510533809661865,5.876368999481201,-7.240802764892578,-0.36520859599113453,-4.485018730163574,3.840807199478149,2.2809653282165527,16028.0,2869.0
Dadju - Lionne.mp3,Dadju,Lionne,,2017-11-24,224.6,99.38401442307692,0.2719134390354156,8.0,1899.963495528392,2386.303389445312,0.0482559440305727,-132.26239013671875,91.15885925292967,34.7850456237793,35.645835876464844,31.173145294189453,12.440784454345703,-1.9180004596710205,14.498558044433594,2.352694272994995,10.463505744934082,2.7597148418426523,4.531734466552734,7.265645980834962,40715.0,7207.0
Dadju - Oublie-le.mp3,Dadju,Oublie-le,,2017-11-24,202.0133333333333,112.34714673913044,0.2816168665885925,5.0,2405.7931633345347,2777.477826010293,0.0788691376015866,-66.89816284179688,91.57637786865234,20.55873107910156,11.811468124389648,21.3651123046875,7.755064010620117,4.429116725921631,13.472005844116213,-5.575595378875732,3.6946280002593994,-3.435063600540161,4.714449405670166,1.952330231666565,128964.0,12471.0
Dadju - Jaloux.mp3,Dadju,Jaloux,,2018-10-03,232.752,143.5546875,0.2849480509757995,10.0,2932.65699914638,2935.471079813324,0.109662980118034,-48.193946838378906,64.9699935913086,12.7860107421875,10.80284595489502,7.355071067810059,2.6105525493621826,-9.77337646484375,2.618706464767456,-8.702110290527344,0.03697974607348442,-3.528687000274658,-3.696460962295532,-3.875409603118897,157139.0,20582.0
Dadju - Ma Woman.mp3,Dadju,Ma Woman,,2019-11-17,231.9934693877551,99.38401442307692,0.2534078359603882,5.0,2228.202594022359,2552.752954714115,0.0668971767366486,-112.37567901611328,81.40933227539062,14.230548858642578,28.077152252197266,18.568931579589844,6.3683061599731445,4.777937889099121,9.882628440856934,0.3747396171092996,0.4513181447982788,-1.928063154220581,0.019727582111954606,-4.141190528869629,13818.0,1867.0
Dadju - Maamou.mp3,Dadju,Maamou,,2019-11-17,262.632,107.666015625,0.2428272366523742,8.0,2101.479646785976,2328.548874879837,0.0855903743590363,-114.1339874267578,97.36897277832033,5.323812007904053,14.30251407623291,18.30967330932617,2.218897819519043,-12.419647216796877,4.150835037231445,-10.943459510803224,-6.048027038574219,-2.0935776233673096,-3.0306966304779053,-3.3465051651000977,9181.0,1279.9999999999854
Dadju - Normal.mp3,Dadju,Normal,,2019-11-17,201.9265306122449,123.046875,0.2448477298021316,7.0,2281.049292340301,2463.3781581666503,0.08554540108601,-108.29012298583984,91.56394958496094,16.08854866027832,17.92551040649414,5.086430549621582,-2.0342857837677006,-6.59514856338501,1.8897565603256223,-10.659462928771973,3.1620028018951416,-5.343635559082031,-5.1845788955688485,-3.766563653945923,9260.0,1460.0
Dadju - Promesse.mp3,Dadju,Promesse,,2019-11-17,202.3333333333333,151.99908088235293,0.2436439841985702,7.0,2580.432447345633,2827.1987971110384,0.0910145668053405,-93.69593048095705,74.68833923339844,21.888648986816406,23.589330673217773,14.318341255187988,8.808924674987793,-3.621005773544312,0.5694677233695984,-8.649876594543457,-4.38886022567749,-0.3224439024925232,1.9954239130020146,-2.614781618118286,6219.0,1147.0
Dadju - Amour toxic.mp3,Dadju,Amour toxic,,2020-09-25,228.504,135.99917763157896,0.1617844253778457,9.0,1844.6564710751616,2301.179166749412,0.0627596356182275,-190.0238800048828,108.5309600830078,31.56215476989746,5.448484897613525,11.51106071472168,-1.7264369726181035,-1.251498103141785,-2.050349950790406,-10.951281547546388,-5.1895365715026855,-3.5317606925964355,-3.2260937690734863,-5.501399993896484,70111.0,9665.999999999985
Dadju - Elle me demande.mp3,Dadju,Elle me demande,,2020-10-30,222.192,95.703125,0.1896259039640426,10.0,2633.554957682765,2730.073409139113,0.0999687832575464,-129.57754516601562,76.83798217773438,8.137969017028809,-10.254281997680664,0.11311477422714233,-12.217930793762209,-21.74542617797852,-12.78190612792969,-18.543184280395508,-15.662582397460936,-14.01158618927002,-10.170641899108888,-11.773504257202148,15469.0,2346.0
Dadju - La roue tourne.mp3,Dadju,La roue tourne,,2020-10-30,204.1469387755102,92.28515625,0.2125040292739868,9.0,1969.6935081912247,2384.4481472719103,0.0739322815886222,-128.13482666015625,106.90010833740234,11.6197509765625,-1.831842303276062,3.1486289501190186,-7.727741718292236,-18.97816276550293,-7.0253753662109375,-11.114684104919434,-15.209678649902344,-9.257661819458008,-14.43417263031006,-11.47071552276611,3840.0,704.0
Dadju - Piqûre de rappel.mp3,Dadju,Piqûre de rappel,,2020-10-30,169.534693877551,135.99917763157896,0.2723620533943176,7.0,2052.3504984296706,2392.442367601914,0.0726084044843266,-128.8572998046875,96.1826171875,32.23240280151367,12.390484809875488,13.291428565979,-2.0710358619689946,-17.79483985900879,-0.6679750084877016,-17.611690521240234,-5.225482940673828,-7.229546546936035,-4.143327236175537,-0.9777926802635193,2718.0,467.00000000001455
Dadju - Va dire à ton ex.mp3,Dadju,Va dire à ton ex,,2020-10-30,301.98,107.666015625,0.11443797498941422,2.0000000000000004,1751.8807347959169,2169.1699102675752,0.0658489971338041,-208.0624237060547,97.86551666259766,24.602739334106445,20.086376190185547,13.652706146240234,3.338120698928833,-5.852895736694336,-1.6257249116897585,-9.155962944030762,-10.439716339111328,-6.667473793029785,-4.401031017303467,-9.265575408935549,32587.0,3585.0
Dadju - Le dua.mp3,Dadju,Le dua,,2021-06-02,160.776,135.99917763157896,0.2011304646730423,8.0,2619.226510295536,2764.4494159479736,0.1117247590339589,-94.64554595947266,91.4301986694336,21.56760597229004,7.0576276779174805,10.788274765014648,-5.1051554679870605,-5.388860702514648,-2.397575855255127,-15.440336227416992,-7.4073805809021,-1.4848425388336182,-7.999235153198242,-2.6703319549560547,7586.0,1095.0
Dadju feat. Ninho - Grand bain.m4a,Dadju feat. Ninho,Grand bain,,,242.41632653061225,143.5546875,0.2327340394258499,1.0,1179.130978860068,1739.7550019336122,0.0354294909781346,-193.70883178710932,123.72071075439452,26.395713806152344,25.851150512695312,12.067560195922852,4.404199123382568,9.73337745666504,-1.4070740938186643,-16.428874969482422,0.1663379967212677,-0.6906024217605591,-5.500168323516846,2.030902147293091,35.0,14.0
Dadju & Anitta - Mon soleil.mp3,"Dadju,  & , Anitta",Mon soleil,,2021-06-02,191.58,172.265625,0.2433123290538787,9.0,2258.746872212796,2609.9917070660667,0.0769549390479876,-114.18528747558594,82.3777847290039,18.38501739501953,25.025291442871094,16.711034774780273,7.6797614097595215,-2.7313101291656494,3.6648800373077393,-11.121461868286133,-3.5263895988464355,-5.280008792877197,-2.3084633350372314,-1.6581159830093384,602772.0,47035.0
Dadju & Gazo - Picsou.mp3,"Dadju,  & , Gazo",Picsou,,2022-05-12,182.4391836734694,73.828125,0.2043899893760681,9.0,2596.2498316745045,2664.54752126482,0.1122952393333978,-88.7877426147461,87.9139633178711,9.701326370239258,-0.9117166996002197,10.33473300933838,1.0177689790725708,-12.72188949584961,2.80863881111145,-10.629120826721191,-2.882052659988404,-7.390800476074219,-1.081752896308899,-2.907309293746948,33320.0,4771.0
Dadju & M. Pokora - Si on disait.mp3,"Dadju,  & , M. Pokora",Si on disait,,2021-05-14,200.26,123.046875,0.1428404748439788,11.0,1631.1622707257584,2114.4314103422507,0.0618843574642027,-190.4457550048828,126.9361801147461,23.982500076293945,5.600553512573242,8.073331832885742,4.698750019073486,-4.821842670440674,4.013252258300781,-11.877640724182127,-0.8289000988006591,-2.1971631050109863,-6.570397853851318,-1.584975004196167,13334.0,3004.9999999999854
Dadju & Rema - One Time.mp3,"Dadju,  & , Rema",One Time,,2022-05-12,189.59673469387755,103.359375,0.1627676039934158,11.0,2440.6816457876,2475.875272792535,0.1116102472547407,-138.4891815185547,71.67770385742188,-14.068011283874513,13.513206481933594,15.163215637207031,5.408103942871094,-4.639894485473633,2.8264083862304688,-11.730652809143066,2.7297239303588863,4.039999485015869,-0.897853672504425,-1.0596529245376587,23684.0,5303.999999999985
Dadju & Ronisia - Toko Toko.mp3,"Dadju,  & , Ronisia",Toko Toko,,2022-09-23,176.40489795918367,129.19921875,0.0224803127348423,11.0,2316.93014515813,2556.4013617816936,0.0930555597547407,-307.53521728515625,94.0307388305664,5.360904216766357,13.75924301147461,13.09470272064209,1.4533061981201172,-0.7932195067405701,1.1511852741241455,-5.019648551940918,2.8023674488067627,0.7259855270385742,1.5571850538253784,-3.2733075618743896,63659.0,10390.999999999985
Dadju feat. Alonzo & Maître Gims - Ma fierté.mp3,"Dadju,  feat. , Alonzo,  & , GIMS",Ma fierté,,2017-11-24,201.0122448979592,117.45383522727272,0.1707905083894729,3.0,2356.603626109907,2564.794519298692,0.0871595258683243,-147.00454711914062,73.51277160644531,14.123923301696776,12.928650856018066,0.017958886921405792,-0.2878374457359314,-3.301755905151367,-2.828554630279541,-9.926563262939451,-3.871743679046631,-7.755656242370605,-2.1411850452423096,-0.6699982285499573,17264.0,3055.0
Dadju feat. Burna Boy - Donne-moi l'accord.mp3,"Dadju,  feat. , Burna Boy",Donne-moi l'accord,,2019-11-17,186.62,99.38401442307692,0.1977234482765197,10.0,2749.472340879671,2781.903687495116,0.1131652265141253,-92.0042953491211,73.27155303955078,20.47414970397949,21.756898880004883,8.453869819641113,7.902058124542236,-0.11303862184286118,4.421485900878906,-3.8483736515045166,2.201236486434936,-2.187732458114624,2.0405001640319824,-1.3199970722198486,45.0,6.0
Dadju feat. Franglish - Django.mp3,"Dadju,  feat. , Franglish",Django,,2017-11-24,249.24,99.38401442307692,0.2547202110290527,8.0,2247.773162893711,2698.992232789284,0.0646400097353908,-105.49415588378906,87.01403045654297,26.916934967041016,20.38861083984375,18.50732612609864,6.078409194946289,-1.536582112312317,9.62078857421875,-5.884735584259033,-1.1382043361663818,-7.583183288574219,-3.248562812805176,0.8817456364631653,95205.0,14687.0
Dadju feat. Maître Gims - Par amour.mp3,"Dadju,  feat. , GIMS",Par amour,,2017-11-24,197.0938775510204,117.45383522727272,0.2250501960515976,5.0,1968.116856962145,2323.148270119241,0.0696800397276509,-122.88697052001952,97.71417999267578,24.28093910217285,14.040374755859377,-0.4674696922302246,3.1907198429107666,-11.263774871826172,4.386196613311768,-16.77518653869629,-11.10930633544922,-9.556339263916016,-9.956779479980467,-11.464241027832031,162412.0,21871.0
Dadju feat. Koba LaD - TPB.mp3,"Dadju,  feat. , Koba LaD",TPB,,2019-11-14,191.92163265306124,129.19921875,0.1436915397644043,10.0,2715.0887536507475,2522.989798163003,0.1091380399816176,-155.03431701660156,59.5377082824707,-5.950775146484375,0.5303443074226379,-1.9038023948669442,6.144756317138672,-6.325252056121826,2.875977039337158,-3.526577234268189,-1.0478479862213135,-2.675809144973755,4.222136974334717,-2.4767262935638428,44569.0,7254.0
Dadju feat. MKL - Compliqué.mp3,"Dadju,  feat. , MKL",Compliqué,,2019-08-29,220.2644897959184,99.38401442307692,0.2724621295928955,3.0,2389.913456555755,2605.2310707639945,0.0861007643188854,-92.2122802734375,90.60252380371094,16.41392707824707,7.918226718902588,12.259530067443848,1.0608692169189449,-4.988497257232666,-0.414992958307266,-5.273518562316895,-7.614761829376221,-8.702096939086914,-5.067083835601806,-3.3660728931427,182546.0,22805.000000000015
Dadju feat. Niska - Sous contrôle.mp3,"Dadju,  feat. , Niska",Sous contrôle,,2017-11-24,182.56,143.5546875,0.2853925824165344,8.0,1940.2191671302685,2286.6415637452983,0.0659100322900541,-88.14192199707031,100.81095123291016,5.2421555519104,22.9309139251709,10.260904312133787,2.0960769653320312,-5.48408842086792,-2.010300397872925,-3.258076667785645,3.1389338970184326,-2.5579841136932373,6.760655403137207,2.991774082183838,41158.0,6419.999999999985
Dadju feat. S.Pri Noir - Jenny.mp3,"Dadju,  feat. , S.Pri Noir",Jenny,,2017-11-24,225.0,112.34714673913044,0.1909824907779693,4.0,1969.5560263638647,2171.95661221922,0.0761837796899187,-174.16708374023438,95.78137969970705,15.89266586303711,20.281570434570312,12.627506256103516,-7.1497087478637695,-4.574901103973389,-0.5041224360466006,-8.744580268859863,-2.6313250064849854,-8.61085319519043,-1.2142634391784668,-1.7740217447280884,25160.0,4082.0
Dadju feat. Tiakola - Dieu merci.mp3,"Dadju,  feat. , Tiakola",Dieu merci,,2020-10-30,262.392,89.10290948275862,0.0870651826262474,11.0,1740.7634149852242,2295.9173893830102,0.0553968683484907,-214.5349578857422,112.02269744873048,13.051559448242188,20.36161231994629,14.258426666259766,13.296711921691896,2.716004610061645,8.010391235351562,-0.6778848171234131,5.1366071701049805,2.756014108657837,6.746548652648926,0.304979532957077,120671.0,15933.0
Dadju feat. Wizkid - Danger.mp3,"Dadju,  feat. , Wizkid",Danger,,2019-11-17,199.941224489796,99.38401442307692,0.1513088196516037,5.0,2118.225852896595,2371.917764582652,0.0912428345104489,-161.31982421875,93.53964233398438,1.0427881479263306,13.619951248168944,14.55086612701416,3.251961708068848,-1.0413175821304317,-1.7652804851531985,-5.231367588043213,-3.1199829578399654,-5.008238792419434,-3.2778811454772945,-1.9582542181015008,7007.0,1497.9999999999854
Daft Punk feat. Julian Casablancas - Instant Crush (radio edit).mp3,"Daft Punk,  feat. , Julian Casablancas",Instant Crush (radio edit),,2013,337.1102040816327,112.34714673913044,0.1897525340318679,10.0,1614.8280776039517,2334.848186595203,0.0423952462872484,-152.3448028564453,115.42145538330078,32.48326110839844,25.321918487548828,21.142309188842773,17.30205726623535,10.81960105895996,5.84292459487915,2.793489694595337,6.478979110717773,0.3111805021762848,5.722031116485596,-5.039548873901367,548.0,140.0
Daft Punk feat. Pharrell Williams and Nile Rodgers - Get Lucky (Drumless Edition).mp3,"Daft Punk,  feat. , Pharrell Williams,  and , Nile Rodgers",Get Lucky (Drumless Edition),,2023-11-17,368.11755102040814,117.45383522727272,0.1982813328504562,6.0,1821.399350699176,2399.929590327129,0.0595653994533668,-124.89236450195312,105.73580169677734,16.077960968017578,36.73821258544922,20.711854934692383,13.344900131225586,7.387511730194092,5.022219657897949,2.5831687450408936,5.794773578643799,-1.9134801626205444,2.747785806655884,-1.9311058521270752,257.0,126.0
Damso - Y.2 Diamants.mp3,Damso,Y.2 Diamants,,2021-06-18,197.59124716553288,129.19921875,0.1607016026973724,10.0,2567.78762677975,2429.405704215962,0.1048549970975232,-146.7532958984375,81.74296569824219,21.497323989868164,2.4443418979644775,-6.692298889160157,-15.48220157623291,-10.317811012268066,3.708625078201294,-19.08067321777344,-3.7989141941070557,-11.520773887634276,-6.54032039642334,-3.040630578994751,178950.75,16041.916666666657
Damso - Autotune.mp3,Damso,Autotune,,2016-07-08,293.9559183673469,123.046875,0.1147337853908538,9.0,1732.7189265891943,2029.7726311854765,0.0768665042085913,-213.2740478515625,119.46885681152344,7.022479057312012,11.887917518615724,2.7456207275390625,-10.066753387451172,-4.993334293365479,9.110283851623535,-6.599039554595947,-2.2148005962371826,-5.72553300857544,-1.8706891536712649,-2.9304044246673584,482477.0000000001,30151.999999999985
Damso - Α. Nwaar Is The New Black.mp3,Damso,Α. Nwaar Is The New Black,,2017-04-28,123.58530612244898,129.19921875,0.1904923319816589,9.0,2427.125748419844,2355.751925857638,0.1041934364720394,-132.26614379882812,78.74854278564453,24.486143112182617,6.472625255584717,-7.821852207183839,-8.838519096374512,-13.326034545898438,-0.9770602583885191,-17.94115447998047,-15.49070644378662,-10.164778709411618,0.6456541419029236,0.7318087816238403,363550.0,30015.000000000015
Damso - Macarena.mp3,Damso,Macarena,,2017-07-07,206.9,129.19921875,0.1825883537530899,6.0,2372.753254859417,2372.089212730446,0.091862256312887,-149.57273864746094,80.22666931152344,13.33924388885498,-7.378190994262692,-16.339555740356445,-17.768558502197266,-21.908796310424805,-3.3085272312164307,-23.70352363586425,1.150183916091919,6.722042560577392,5.372085094451904,-2.2496871948242188,8394.0,1442.0000000000146
Damso - 911.mp3,Damso,911,,2020-09-17,172.29333333333332,151.99908088235293,0.210514411330223,11.0,2980.435870132504,2922.105187634741,0.1095125653057275,-101.90091705322266,64.19175720214844,42.21501159667969,35.81138229370117,0.6282860636711125,3.657181978225708,-0.8730660676956177,13.981892585754396,-4.444565773010254,-1.502345085144043,-2.000600576400757,2.0699687004089355,-2.263782262802124,467584.0,36816.0
Damso - BPM.mp3,Damso,BPM,,2020-09-17,182.53333333333333,161.4990234375,0.1526714712381363,2.0000000000000004,1783.5741083513233,2016.5134793158425,0.0631910389052825,-224.41004943847656,89.05448913574219,39.40108489990234,20.571985244750977,9.811591148376465,3.8668718338012695,-4.333134651184082,10.513757705688477,-6.534669399261475,-4.978251934051514,-5.256986141204834,-7.723476886749268,-10.26306438446045,211237.0,18367.0
Damso - D'JA ROULÉ.mp3,Damso,D'JA ROULÉ,,2020-09-17,183.26666666666668,151.99908088235293,0.3389970660209656,4.0,2496.2529769624266,2823.5060021604545,0.04976122593363,-108.2996826171875,81.47001647949219,50.92327880859375,26.199323654174805,18.82499122619629,18.629846572875977,8.139537811279297,25.0853328704834,-4.786016464233398,7.660641670227051,10.079638481140137,0.7848894596099854,2.6957600116729736,134863.0,14963.0
Damso - DEUX TOILES DE MER.mp3,Damso,DEUX TOILES DE MER,,2020-09-17,315.64,67.99958881578948,0.1906729787588119,5.0,1233.0057341709812,1616.4574477842557,0.0451015791287732,-189.0142517089844,161.46234130859375,31.33023262023925,18.24596405029297,11.451759338378906,6.403437614440918,5.211705684661865,13.629143714904783,-3.1154580116271973,-1.097688913345337,6.115874767303466,-3.9736258983612065,1.164742350578308,247051.0,22271.0
Damso - INTRO.mp3,Damso,INTRO,,2020-09-17,316.44,143.5546875,0.1704895943403244,6.0,2599.349324340798,2373.4311298528955,0.1216073523364938,-115.77019500732422,73.6484146118164,-4.024826526641846,16.426942825317383,-13.224403381347653,8.818465232849121,-1.5366783142089844,2.5166215896606445,-14.791165351867676,-6.6357831954956055,-5.586255073547363,-3.1384193897247314,-11.28737735748291,109442.0,12664.0
Damso - LIFE LIFE.mp3,Damso,LIFE LIFE,,2020-09-17,160.66666666666666,123.046875,0.2032057791948318,4.0,2881.760728582732,2702.605462121807,0.1122627376402863,-125.3280258178711,75.62667846679688,28.37150764465332,14.05087661743164,3.935023546218872,5.463937759399414,-8.973400115966797,12.149696350097656,-10.500642776489258,-3.406104803085327,0.3886834383010864,-0.06305002421140668,-8.339692115783691,215861.0,19871.0
Damso - MEVTR.mp3,Damso,MEVTR,,2020-09-17,165.29333333333332,103.359375,0.135618582367897,0.0,2168.020378125701,2304.805049586292,0.0905565196884675,-131.97503662109375,101.52999114990234,10.15098762512207,22.14591789245605,-7.90599012374878,11.757315635681152,-0.09755019098520279,7.186939239501953,-3.785454750061035,6.342874050140381,-0.8791681528091431,3.1863453388214116,-1.9244874715805047,153677.0,15276.0
Damso - POUR L'ARGENT.mp3,Damso,POUR L'ARGENT,,2020-09-17,138.81333333333333,86.1328125,0.2420179098844528,7.0,2679.2799940919986,2720.897900245866,0.0883078560371517,-97.19537353515624,58.62117767333984,23.66891860961914,42.404823303222656,20.125612258911133,24.156211853027344,5.941629886627197,20.554224014282227,-1.6551800966262817,4.252872467041016,-1.2097245454788208,-8.235519409179688,-3.480786323547364,94086.0,12253.0
Damso - ROSE MARTHE'S LOVE.mp3,Damso,ROSE MARTHE'S LOVE,,2020-09-17,191.42666666666668,143.5546875,0.2408243119716644,1.0,2698.0196658733244,2713.9790220588684,0.0856856118783862,-121.21197509765624,67.50263977050781,28.15976333618164,16.9919490814209,8.3673677444458,13.194534301757812,-0.4204566478729248,10.123394966125488,-9.978276252746582,-0.5706756711006166,-0.7959717512130737,-2.001279354095459,-3.641005516052246,113109.0,13155.000000000015
Damso - SENTIMENTAL.mp3,Damso,SENTIMENTAL,,2020-09-17,206.72,135.99917763157896,0.1773245185613632,10.0,2019.860532027572,2420.409395845993,0.0701074747847329,-172.83209228515625,96.44876861572266,42.36697769165039,22.07173728942871,17.30000114440918,16.453128814697266,5.222043991088867,7.423849105834961,-9.364779472351074,-6.274400711059571,-4.605646133422852,-4.022213935852051,-10.243316650390623,182885.0,18382.0
Damso - THEVIE RADIO (interlude).mp3,Damso,THEVIE RADIO (interlude),,2020-09-17,60.69333333333333,103.359375,0.1227508783340454,9.0,1603.124486002219,1864.896245207732,0.0720715596579914,-192.055892944336,125.4351043701172,-5.0202956199646,33.085968017578125,12.62027454376221,4.757740020751953,3.228540658950805,5.472171783447266,1.5445436239242554,-3.849888324737549,-7.022037029266357,-2.1264169216156006,-10.350191116333008,51704.0,9947.0
Damso & SARAH SEY - Pa Pa Paw.mp3,"Damso,  & , SARAH SEY",Pa Pa Paw,,2025-05-30,220.16,129.19921875,0.1721664518117904,11.0,1483.9674321437378,1688.4208793040636,0.0656284769253096,-180.32862854003903,123.42787170410156,17.88336181640625,4.937763214111328,12.671725273132324,5.284209728240967,1.2128189802169795,9.959689140319824,-3.854159593582153,1.9866085052490243,-1.3517862558364868,-0.4283625781536101,-2.2087185382843018,179365.0,18085.0
Damso & YG Pablo - Τ. CHIALER.mp3,"Damso,  & , YG Pablo",Τ. CHIALER,,2021-04-28,228.85986394557824,129.19921875,0.1167260482907295,5.0,1526.460861715375,1881.9051860870973,0.0483288838767414,-250.33213806152344,115.3775634765625,23.16071319580078,23.72154998779297,11.54144287109375,15.085116386413574,5.091323852539064,5.308490753173828,-9.760791778564451,-4.12958288192749,-4.4159464836120605,-1.6802037954330447,-5.946166515350342,189967.0,17416.0
Doja Cat - Woman.mp3,Doja Cat,Woman,pop;rap;rnb,2021-06-25,192.92,107.666015625,0.2178793996572494,7.0,2192.7105649033097,2467.5418799496665,0.0794229891278057,-126.36737823486328,92.96714782714844,13.167485237121582,15.081871032714844,6.032395362854004,7.8826584815979,2.3958580493926998,2.71456265449524,1.0297081470489502,4.5973591804504395,-2.7736942768096924,1.404948830604553,-2.5073466300964355,24686049.0,1668315.0
Dosseh - Habitué.mp3,Dosseh,Habitué,,2018-11-16,222.74,129.19921875,0.0670336112380027,9.0,2000.8196117294567,2202.440499190507,0.0892915991437693,-239.17320251464844,101.97576141357422,7.262275218963623,6.583430290222168,5.730641841888428,-3.562632322311402,-7.609735488891602,4.259062767028809,-15.281927108764648,-10.279958724975586,-7.155978679656982,-11.179329872131348,-4.204018592834473,175488.0,20257.0
Drake - Toosie Slide.mp3,Drake,Toosie Slide,hip_hop;trap;rap;pop;alternative,2020-04-03,311.56244897959186,161.4990234375,0.053003422915935516,3.0,1265.2325409475206,1899.528898083558,0.0411497889657507,-302.6421813964844,121.21541595458984,36.7980842590332,2.290708065032959,5.839988231658936,8.527246475219727,5.7060418128967285,4.649611949920654,1.4649685621261597,1.7714239358901978,-0.6248766183853149,-0.6418838500976562,-2.5409209728240967,5906495.0,637470.0
Drake ft. Lil Durk - Laugh Now Cry Later.mp3,"Drake,  ft. , Lil Durk",Laugh Now Cry Later,,,301.32,135.99917763157896,0.1644575446844101,4.0,1905.0004829822808,1980.5312873307023,0.0878273222837654,-123.87799072265624,128.6815948486328,-1.04888916015625,2.7762556076049805,6.529055595397949,9.06629467010498,-8.339425086975098,2.055305004119873,-4.595608711242676,1.8046132326126099,-2.156188726425171,6.335599899291992,-6.493468761444092,57245.0,13649.0
Eamon - Fuck It (I Don't Want You Back).mp3,Eamon,Fuck It (I Don't Want You Back),,2004-10-25,228.42,135.99917763157896,0.1624641269445419,3.0,2452.7781719704462,2566.7329626961605,0.1058238121009094,-152.7921142578125,88.92201232910156,30.239004135131843,14.288641929626465,4.0298261642456055,10.293423652648926,4.378062725067139,3.4737143516540527,2.6881728172302246,0.4087683260440826,-0.68638688325882,-4.418471336364746,-8.898274421691895,748586.0,152537.0
Ed Harcourt - The Music Box.m4a,Ed Harcourt,The Music Box,,,212.8573242630385,117.45383522727272,0.1933289468288421,10.0,1906.166971331902,2233.7528762055867,0.0755343127176857,-125.14149475097656,111.62437438964844,2.1799609661102295,13.800016403198242,2.565765142440796,-2.9162487983703618,-5.011684894561768,4.591604232788086,-2.4670093059539795,3.964067220687866,-4.127139091491699,0.008427387103438294,3.0219533443450928,31989.0,10337.0
Ed Sheeran - Bad Habits.mp3,Ed Sheeran,Bad Habits,dance;pop;rock,2021-06-25,231.7,123.046875,0.253668874502182,11.0,2022.8861978954028,2302.633087768761,0.0800854945699496,-99.79061889648438,97.5894012451172,6.603929996490479,20.740015029907227,1.7700207233428955,6.617956161499023,-3.4387452602386475,-0.6139282584190371,-7.270900726318359,2.3300144672393794,-4.902312755584717,-1.1732361316680908,-4.694385051727295,7464984.0,732338.0
Ed Sheeran - Shivers.mp3,Ed Sheeran,Shivers,pop,2021-11-17,209.03183673469388,143.5546875,0.2609275281429291,2.0000000000000004,3001.8830659711366,2799.910356216762,0.1335640071715363,-50.20267868041992,66.67655181884766,7.778397560119629,14.719488143920898,4.970041275024414,-1.5833643674850468,-3.7032973766326895,-1.1561827659606936,-10.285762786865234,4.620354175567627,-2.6409125328063965,5.299066066741943,-1.4920425415039062,6640041.0,655538.0
Ed Sheeran & Beyoncé - Perfect Duet.mp3,"Ed Sheeran,  & , Beyoncé",Perfect Duet,pop,2017-11-30,268.9044897959184,184.5703125,0.1201940104365348,8.0,1949.28257767936,2007.7606730676928,0.0827740648582623,-187.66622924804688,98.7416534423828,6.578140258789063,34.09618377685547,-5.6818299293518075,3.3619158267974854,-2.073517084121704,-1.1603875160217283,-11.898272514343262,4.854603290557861,-13.726379394531254,-0.3102764785289764,-15.735064506530762,25426.0,6354.0
Ed Sheeran & Justin Bieber - I Don’t Care (Chronixx & Koffee remix).mp3,"Ed Sheeran,  & , Justin Bieber",I Don’t Care (Chronixx & Koffee remix),,2019-06-25,222.9028571428572,135.99917763157896,0.2173366248607635,6.0,2674.963524559883,2638.6000725425097,0.1028553871178405,-101.53693389892578,63.51194763183594,-3.6762619018554688,24.546554565429688,12.038331985473633,-1.8891891241073613,-18.307825088500977,-0.8580566048622134,-10.069414138793944,-0.553472399711609,-5.577351093292236,-3.573610305786133,-3.5184202194213867,2.0,1.999999999985448
Ed Sheeran feat. H.E.R. - I Don’t Want Your Money.mp3,"Ed Sheeran,  feat. , H.E.R.",I Don’t Want Your Money,,2019-07-12,204.50666666666663,92.28515625,0.1950688362121582,3.0,2940.359963782283,2751.484377847606,0.1198998796681501,-88.0449447631836,57.59833526611328,9.825241088867188,23.365253448486328,-0.6160401105880737,1.157183051109314,-11.534591674804688,1.796988606452942,-12.015883445739746,-2.4881513118743896,-10.11525535583496,-5.4400954246521,-12.950557708740234,417.0,70.0
Ed Sheeran feat. Skrillex - Way to Break My Heart.mp3,"Ed Sheeran,  feat. , Skrillex",Way to Break My Heart,,2022,190.2933333333333,172.265625,0.2026921808719635,9.0,1862.641615135559,2276.394755668216,0.063045348176277,-129.58152770996094,112.9766616821289,22.70957946777344,13.516100883483888,6.844059944152832,2.2278897762298584,-8.133069038391113,-2.0713021755218506,-5.4917755126953125,3.625244855880737,-5.162649631500244,-1.0481306314468384,-3.0921900272369385,6520.0,1702.0
Edith Nylon - De Bon Matin.mp3,Edith Nylon,De Bon Matin,,2021-11-29,195.57877551020408,135.99917763157896,0.1710045486688614,11.0,2524.174647349037,2418.079815607142,0.1192179110028057,-100.55935668945312,92.89629364013672,6.419671535491943,2.704591751098631,-10.337244033813477,-1.3275218009948735,-12.757781982421877,-1.8318260908126838,-9.01168441772461,-5.414164543151857,-7.97420597076416,-2.899571180343628,-8.209433555603027,39.0,22.999999999985448
Eskimo Callboy - VIP (official video).mp3,Electric Callboy,VIP (official video),,2018-06-08,258.2726530612245,83.35433467741936,0.2387861162424087,0.0,1573.540739811278,1642.4713320214692,0.0824148455640479,-79.9066162109375,151.84910583496094,-44.29362869262695,40.32368850708008,-22.420883178710938,14.106971740722656,-16.488740921020508,15.230063438415527,-14.606430053710938,9.665539741516112,-13.616800308227539,4.263089179992676,1.3951990604400635,2.0,1.0
Elton John & Dua Lipa - Cold Heart Sacrifice (RAY ISAAC extended remix).mp3,"Elton John,  & , Dua Lipa",Cold Heart Sacrifice (RAY ISAAC extended remix),,2021-08-26,254.19755102040816,117.45383522727272,0.1779164224863052,1.0,2370.566127376776,2519.551877646613,0.0995543866703753,-179.7554473876953,88.67922973632812,28.456281661987305,8.335651397705078,-4.292399406433106,7.409838676452637,-7.419207572937012,-0.5302450656890871,-4.550753116607666,0.8379008173942566,-3.919066667556762,2.4777910709381104,-5.131762027740479,2.0,1.999999999985448
Eminem - Mockingbird.mp3,Eminem,Mockingbird,hip_hop;pop;rap,2004-11-12,257.88,112.34714673913044,0.2463797479867935,4.0,2256.065279364861,2367.918327837064,0.0739256678720007,-102.74276733398438,93.00118255615234,16.59624671936035,33.95490264892578,9.365029335021973,13.139883995056152,3.933653116226196,4.596419811248779,2.37153959274292,2.9400525093078613,-4.783848762512207,7.277424812316894,1.0020232200622559,14446753.0,1652563.0
Eminem - Not Afraid.mp3,Eminem,Not Afraid,hip_hop;rap,2010-05-18,258.768,112.34714673913044,0.0901008620858192,0.0,2725.9665890738315,2527.45850754299,0.1443078953415247,-120.17723083496094,85.1287841796875,-7.810132503509523,13.814910888671877,5.947989463806152,0.7362636923789978,-5.942420959472656,3.199614763259888,-10.015957832336426,0.5013862252235413,-3.46091103553772,-0.7684391140937805,-1.753784418106079,10751122.0,1277667.0
Enrique Iglesias - Esperanza.mp3,Enrique Iglesias,Esperanza,ballad;latin;pop,1998-09-22,195.246625,151.99908088235293,0.1339576691389084,9.0,2348.29332842768,2615.1809118266137,0.0924635376354489,-145.88876342773438,90.43342590332033,26.5533390045166,26.537412643432617,8.486477851867676,8.353949546813965,0.7724622488021855,-0.37196940183639504,-8.738617897033691,2.4092142581939697,-8.201128005981445,0.30642029643058766,-7.262374877929687,76303.0,16637.000000000015
Eric Bellinger - Godly.mp3,Eric Bellinger,Godly,,2020-10-30,175.51673469387754,198.76802884615384,0.2084242403507232,7.0,2103.915248392648,2473.363629435714,0.0702046019374032,-129.38629150390625,96.75430297851562,7.857234477996826,13.636377334594728,9.54940414428711,-1.2406458854675297,8.085434913635254,-0.20931799709796883,-14.231206893920898,-1.5765573978424072,-6.002262115478516,0.7151566743850708,-5.83745002746582,1950.0,360.0
Et demain  Le collectif - Et demain.m4a,Et demain  Le collectif,Et demain,,,190.3339682539683,123.046875,0.1238279044628143,7.0,1985.9847150986689,2206.7925157774466,0.0878972387166215,-128.50460815429688,113.50597381591795,5.587288856506348,12.202176094055176,-1.097208023071289,-3.1727268695831303,-11.364137649536133,-5.491450309753418,-10.969525337219238,-3.7086246013641357,-6.015914916992188,-3.970974922180176,-7.469058513641357,226258.66666666674,24402.33333333333
Eva - Jazz.mp3,Eva,Jazz,,2019-07-05,199.10530612244892,107.666015625,0.2370285391807556,6.0,2094.0782651423806,2403.674826414342,0.0601457058460719,-141.60531616210938,84.20304870605469,10.160625457763672,37.126800537109375,13.812370300292969,5.413869857788086,11.182186126708984,2.98998498916626,2.999321699142456,6.7156147956848145,-4.035914421081543,5.361145973205566,-7.698914051055908,11884.0,2433.0
Eve - 廻廻奇譚.mp3,Eve,廻廻奇譚,,2020-10-03,218.04408163265308,123.046875,0.2895576357841491,10.0,2747.363394668558,2589.0868554123085,0.134199112930534,5.152275085449219,72.06355285644531,-7.910356521606447,39.813236236572266,9.124250411987305,8.820741653442383,-1.4569120407104492,3.9724373817443848,2.5668439865112305,3.4073803424835205,-0.37881937623023987,0.8076406121253966,0.5286064743995667,123908.0,12495.0
Exo - À toi la gloire.mp3,Exo,À toi la gloire,,,247.61475,69.83741554054055,0.2186756432056427,8.0,2286.650638375212,2488.0521835033983,0.0989523494944853,-34.86392593383789,96.41043853759766,-1.0031362771987915,23.359193801879883,2.7410342693328857,10.2849702835083,2.4965422153472896,5.448826313018799,-4.692368507385254,8.511075973510742,0.8930872678756714,2.36822247505188,-1.1309508085250854,153.0,35.0
Exodus - Adonai.mp3,Exodus,Adonai,,2020-08-04,291.6048979591837,112.34714673913044,0.2658731043338775,8.0,2361.499194179273,2551.4706145460746,0.0939402860753676,-60.41435241699219,86.56246185302734,2.6920578479766846,12.028250694274902,10.225011825561523,1.272934317588806,6.135934352874756,5.713586807250977,-8.355331420898438,6.343442440032958,4.4119529724121085,1.4586749076843262,1.401414155960083,120.0,10.0
Fababy feat. Aya Nakamura - Love d'un voyou.mp3,"Fababy,  feat. , Aya Nakamura",Love d'un voyou,,2016-03-11,244.11428571428573,112.34714673913044,0.139887660741806,4.0,1124.7315018386223,1533.7877388487923,0.0331861183001161,-245.0524444580078,118.11846923828124,27.178743362426765,28.41572570800781,23.28466987609864,14.54952621459961,15.636866569519047,12.268811225891112,4.952715873718262,11.746984481811523,3.871701717376709,10.629006385803224,1.324424386024475,47019.0,8891.0
Fally Ipupa - Ça bouge pas.m4a,Fally Ipupa,Ça bouge pas (Clip officiel),,,139.45904761904762,107.666015625,0.2130821794271469,8.0,2243.290137438966,2652.67845978734,0.0676278979416602,-134.00709533691406,83.83956146240234,35.55794906616211,17.33715057373047,6.171834945678711,6.457634449005127,-1.1965526342391968,7.343416690826416,-5.698722362518311,-3.044492959976196,-2.58713960647583,0.8844107389450072,-3.043581485748291,1.0,1.0
Fally Ipupa - Amore.mp3,Fally Ipupa,Amore,,2020-12-18,174.46,135.99917763157896,0.179148182272911,3.0,2058.178889472519,2297.936511447638,0.0824216482440015,-125.36094665527344,101.2316436767578,1.0913945436477661,9.62154769897461,-7.174909591674806,2.535517454147339,-7.892769336700438,-4.1986494064331055,-10.126781463623049,-3.3474936485290527,-3.470996379852295,-1.521721839904785,-6.185483932495117,21283.0,2652.0
Fally Ipupa feat. Ninho - Likolo.m4a,Fally Ipupa feat. Ninho,Likolo,,,195.6513378684808,117.45383522727272,0.2035162448883056,5.0,2554.916092818757,2812.5900333973123,0.0873116413506192,-103.8795928955078,77.60551452636719,18.25135803222656,9.779376983642578,4.524003028869629,1.3644311428070068,-5.749528408050537,-4.1041646003723145,-19.83209800720215,-6.123447418212891,-5.903234004974365,-3.9398794174194336,-8.169529914855957,2.0,1.999999999985448
Fally Ipupa feat. Aya Nakamura - Bad Boy.mp3,"Fally Ipupa,  feat. , Aya Nakamura",Bad Boy,,2017-06-16,184.824,117.45383522727272,0.2493003159761428,2.0000000000000004,1713.880052609553,1742.943765317464,0.0903055763835139,-116.01097106933594,134.46563720703125,-28.920888900756836,32.66874694824219,-7.019244670867921,-7.943037509918213,4.705422401428223,-3.605680465698242,-9.645021438598633,11.114829063415527,-6.966415882110596,2.116330623626709,-1.7934967279434204,101.0,35.0
Fireboy DML & Ed Sheeran - Peru.mp3,"Fireboy DML,  & , Ed Sheeran",Peru,,2021-12-23,187.4748526077097,107.666015625,0.137266531586647,0.0,2425.810975433741,2448.5294259494067,0.0909423828125,-158.771240234375,75.92821502685547,8.247671127319336,14.208232879638672,-3.6214230060577393,-3.3787143230438237,-10.330760955810549,-11.637340545654299,-18.70482063293457,-11.47448444366455,-10.879108428955078,-13.280903816223145,-9.782702445983888,1526884.0,199380.0
Fireboy DML feat. Asake - Bandana.mp3,"Fireboy DML,  feat. , Asake",Bandana,,2022-08-04,181.7861224489796,103.359375,0.1914250999689102,6.0,2027.6125098997857,2462.7262526314594,0.0625444063830301,-132.1898956298828,98.77035522460938,17.370513916015625,18.314350128173828,18.018814086914062,6.600610733032227,2.496054410934448,11.021892547607422,-3.866208553314209,-3.98563814163208,-0.3869492709636688,-1.319862961769104,1.7738877534866333,536617.9999999999,63069.0
Flavour - Shake.mp3,Flavour N'abania,Shake,,2012-10-18,236.9305625,123.046875,0.256386250257492,0.0,2534.3207050087485,2618.032762476472,0.1107548102505805,-43.154388427734375,80.67474365234375,-6.682979106903076,10.721491813659668,3.921435832977295,-3.377970933914185,-9.492073059082031,0.5129597783088684,-5.683620929718018,2.070329189300537,-4.924036502838135,-3.224992275238037,-6.065367698669434,405.0,81.0
Fortunes - Justin Bieber.mp3,Fortunes.,Justin Bieber,,2016-02-16,224.6791836734694,143.5546875,0.2348633706569671,9.0,2699.726307763088,2704.8110784474607,0.0915880705180921,-116.93578338623048,68.32657623291016,29.379634857177734,22.05087280273437,5.705995082855225,2.892868995666504,-13.42921257019043,4.195183277130127,-10.712432861328123,0.6977003812789917,-9.987984657287598,1.0515649318695068,-5.5080885887146,8935.0,2414.0000000000146
Franglish - Baby Mama.m4a,Franglish,Baby Mama,,,169.69142857142856,112.34714673913044,0.2696089744567871,3.0,2066.9646991592786,2485.117532279618,0.0707979468000193,-99.07652282714844,102.72025299072266,29.50307846069336,10.24913215637207,9.788535118103027,1.196608543395996,-9.811040878295898,7.586310863494873,-16.228923797607422,-0.7761080265045167,-3.035703182220459,0.1359263062477111,-4.6982035636901855,16652.0,2815.0000000000146
Franglish - Tonight.mp3,Franglish,Tonight,,2021-07-09,196.03399092970523,135.99917763157896,0.2114816606044769,9.0,2818.9777176067755,2721.508736795932,0.1122697292835719,-97.90245056152344,69.67282104492188,9.414319038391112,-1.684119462966919,-2.252286434173585,-0.9270881414413457,-21.61813735961914,0.32493606209754944,-11.542852401733398,-11.638702392578123,-13.080596923828121,-2.488743782043457,-8.579486846923828,2226.0,367.0
Franglish & Ninho - Sécu.mp3,"Franglish,  & , Ninho",Sécu,,2023-06-02,198.81795918367348,107.666015625,0.1827172636985778,11.0,2136.782818150416,2275.4538970288563,0.0855032622629644,-137.09982299804688,92.48226928710938,11.372062683105469,14.161066055297852,3.168491840362549,-2.219635963439942,-7.963602542877197,-4.880406856536865,-20.26174545288086,-5.440539360046387,-7.139233589172363,-9.645203590393066,-9.078619003295898,26720.0,4162.999999999985
Franglish feat. Leto & Tiakola - Biberon.mp3,"Franglish,  feat. , Leto,  & , Tiakola",Biberon,,2020-06-12,204.97507936507927,71.77734375,0.2738257944583893,0.0,2506.4219004195725,2694.3834014170698,0.087166895438274,-70.1773681640625,78.54584503173828,13.222228050231934,20.740327835083008,4.211796760559082,-7.855288028717041,-9.275823593139648,4.183536529541016,-20.999059677124023,-8.051901817321777,-13.155061721801758,-7.432479858398437,-11.74081039428711,26420.0,3991.0000000000146
Franglish feat. Tory Lanez - My Salsa.mp3,"Franglish,  feat. , Tory Lanez",My Salsa,,2020-06-12,209.8938775510204,99.38401442307692,0.1942059248685836,6.0,2385.781854023456,2621.489756855148,0.093597506591041,-108.0938491821289,85.21281433105469,18.81485748291016,23.36856269836425,8.729641914367676,0.5768755674362183,-5.62465763092041,8.221704483032227,-11.872817039489746,2.006898641586304,-1.1752071380615234,-2.857533693313598,-1.1143684387207031,156334.0,24840.0
French Montana & Doja Cat feat. Saweetie - Handstand.mp3,"French Montana,  & , Doja Cat,  feat. , Saweetie",Handstand,,2021-11-19,175.863125,117.45383522727272,0.2348829507827758,8.0,2561.9253241438705,2458.8346104776124,0.0995256642439048,-116.10393524169922,78.64791870117188,-2.8135597705841064,18.36050605773925,3.046166181564331,4.035033226013184,-2.3455591201782227,13.671236991882324,-2.199310302734375,10.817400932312012,1.7697776556015015,5.263180255889893,1.0465314388275155,982.0,372.00000000001455
Fresh - Chop (Nouvelle École).mp3,Fresh,Chop (Nouvelle École),,2022-07-01,195.56,123.046875,0.1163829863071441,10.0,1862.151752353568,2079.7294080719566,0.0848896983238196,-179.01608276367188,116.01354217529295,21.690933227539062,2.6033458709716797,2.6800992488861084,-7.471328258514404,-12.81838321685791,-4.008565902709961,-13.327502250671388,-10.945261001586914,-0.13254530727863312,-7.730034828186035,-12.078269004821774,121630.0,14120.0
Fuse ODG feat. Sean Paul - Dangerous Love (radio edit).mp3,"Fuse ODG,  feat. , Sean Paul",Dangerous Love (radio edit),,2014-05-18,235.1542857142857,129.19921875,0.2247559875249862,9.0,2969.8037194717976,2754.3174274623725,0.1418530726949496,-41.081424713134766,62.95299911499024,-7.068726539611818,4.797158718109131,-2.0481889247894287,1.8783514499664309,-7.03093957901001,1.4361610412597656,-3.633510112762451,6.067254543304443,-2.123873472213745,-0.4373800158500671,-4.587457656860352,91.0,19.0
Future - How It Was.mp3,Future,How It Was,,2015-09-09,265.09061224489795,135.99917763157896,0.1599365323781967,8.0,2208.202620934062,2399.037044546333,0.0803987957744775,-112.22970581054688,91.69588470458984,-15.874961853027346,8.768485069274902,2.239393472671509,7.968440055847168,-7.232459545135498,5.074065208435059,-1.4890155792236328,5.730613708496094,-1.49561607837677,5.354090213775635,1.9150283336639404,21491.0,2976.0
Future Boy - Fake It (For Real Mix).mp3,Future Boy,Fake It (For Real Mix),,2011-12-06,238.9420408163265,86.1328125,0.2351039201021194,5.0,1697.650219965086,2105.366135953253,0.0640940946691176,-105.86495971679688,124.06134796142578,6.258427143096924,15.494300842285156,17.230278015136715,8.502557754516602,2.2724444866180415,6.554957866668701,-6.0067219734191895,2.1972131729125977,-3.1275336742401123,0.014781939797103405,1.788196325302124,1.0,1.0
Future feat. Drake - Life Is Good.mp3,"Future,  feat. , Drake",Life Is Good,,2020-05-14,335.304,107.666015625,0.173920676112175,2.0000000000000004,2837.834996935824,2506.111264532718,0.1215446165102554,-138.35462951660156,77.60446166992188,25.639835357666016,14.130167007446287,-1.0434062480926514,7.979456424713135,-17.879253387451172,0.204069063067436,-9.596075057983398,-3.975404977798462,3.5266883373260507,2.521214246749878,0.327354371547699,62989.0,12680.0
Future feat. Drake & Tems - WAIT FOR U.mp3,"Future,  feat. , Drake,  & , Tems",WAIT FOR U,,2022-04-27,191.47755102040816,112.34714673913044,0.2641641795635223,5.0,1836.687040461153,2280.258597473505,0.0671496317482585,-92.1952133178711,115.40021514892578,12.209625244140623,15.095364570617676,22.50830841064453,10.748382568359377,3.701853752136232,9.492313385009764,-4.509773254394531,4.625589370727539,-2.1343579292297363,2.29557466506958,4.503097057342529,20009.0,3451.0
GENERATIONS from EXILE TRIBE - HOT SHOT (Music Video).mp3,GENERATIONS from EXILE TRIBE,HOT SHOT (Music Video),pop,2013-10-09,251.14122448979592,143.5546875,0.020040487870573886,0.0,2249.746799205382,2327.7561622414723,0.1163212920859133,-408.04168701171875,80.42138671875,2.8932044506073,3.406800270080568,0.735268771648407,-1.9645550251007085,-3.877418279647827,-3.8465511798858634,-4.981123924255371,-5.594751834869385,-3.812090396881104,-2.4799625873565674,-2.797548532485962,55.0,8.0
Maître Gims - Corazón.mp3,GIMS,Corazón,,2018-03-23,222.9812083333333,135.99917763157896,0.230977177619934,5.0,1991.474429308762,2279.273477415707,0.0713684270994582,-103.45252227783205,101.63387298583984,15.671799659729004,24.801389694213867,6.615997791290283,11.090774536132812,2.5253791809082027,10.108216285705566,4.529353618621826,3.32483172416687,2.352893352508545,3.1335320472717285,-1.493167281150818,82932.0,13896.0
GIMS - Le Pire.mp3,GIMS,Le Pire,,2018-03-23,241.584,99.38401442307692,0.2034637928009033,7.0,2125.293429819458,2053.999639160688,0.1125397578850619,-94.72697448730467,98.7182159423828,-15.069420814514162,10.882854461669922,13.40206527709961,3.4895472526550293,-12.324084281921388,7.807296752929687,-13.142372131347656,-3.797178030014038,-5.883378982543945,-9.89744758605957,-8.8360013961792,55880.0,9482.0
GIMS - Comme une ombre.mp3,GIMS,Comme une ombre,,2019-12-06,192.552,129.19921875,0.240174189209938,11.0,2207.6977036613944,2153.8353429720955,0.108503312149284,-54.5770378112793,97.03229522705078,-28.49136543273925,18.94843482971192,1.923085331916809,4.984807968139648,-6.504863262176514,12.186361312866213,-6.884622097015381,2.0454423427581787,-2.676758289337158,-0.5187684893608093,-4.369460582733154,6764.0,1089.0
GIMS - Le prix à payer (Clip Officiel)-mc.mp3,GIMS,Le prix à payer,,2019-04-25,286.4587755102041,103.359375,0.1120264157652854,11.0,1032.0271303827074,1255.6367927979015,0.0469460502128483,-232.64450073242188,149.94534301757812,17.865333557128906,13.768187522888184,11.656390190124512,-4.7357587814331055,-3.678272485733032,5.089611053466797,-3.2676634788513184,-2.438312292098999,0.7080231308937073,-1.2140716314315796,-0.9914906024932861,27253.0,4637.0
GIMS - Le prix à payer.mp3,GIMS,Le prix à payer,,2019-04-25,286.416,103.359375,0.11249015480279918,11.0,1041.469220506283,1287.1123204174232,0.0471259433049535,-229.73458862304688,148.53260803222656,19.16635131835937,12.833563804626465,12.00530242919922,-4.699841022491457,-3.720038414001465,5.264697074890137,-3.0567259788513184,-2.2777528762817383,0.6890679001808167,-1.1030021905899048,-0.9220080971717834,27253.0,4637.0
GIMS_-_Le_prix_à_payer_(Clip_Officiel)(128k).mp3,GIMS,Le prix à payer,,2019-04-25,286.4587755102041,103.359375,0.1120382994413375,11.0,1029.5846892126567,1252.184031154458,0.0470116204890673,-233.22254943847656,150.28602600097656,18.03982162475586,13.623919486999512,11.804046630859377,-4.930947303771973,-3.690894842147827,5.10338306427002,-3.268364667892456,-2.4045159816741943,0.710286021232605,-1.2638778686523438,-1.0236492156982422,27253.0,4637.0
GIMS - Immortel.mp3,GIMS,Immortel,,2020-09-25,191.45142857142852,129.19921875,0.2536115348339081,6.0,2105.023468702449,2298.655546350806,0.0891542228013738,-115.13490295410156,93.85485076904295,5.416727542877197,12.401397705078123,13.579499244689941,14.744218826293944,-10.907707214355469,12.43478775024414,-5.7236328125,1.514032244682312,1.527527093887329,6.121877193450928,-2.46277379989624,8344.0,1791.0
Maître Gims - J’me tire.mp3,GIMS,J’me tire,hip_hop;pop,2013-03-15,251.7733333333333,95.703125,0.1869304627180099,8.0,2421.70200732086,2315.613729538521,0.1064043074569466,-103.8224639892578,89.94686889648438,0.6185523867607108,26.59008026123047,14.9313325881958,0.8598944544792175,-6.479000091552734,6.410458564758301,-3.671308755874634,3.627986431121826,-0.027953440323472023,-4.568393230438232,-7.731232166290283,4.0,3.0
GIMS - Jusqu'ici tout va bien.mp3,GIMS,Jusqu'ici tout va bien,,2020-11-06,227.86,61.5234375,0.1688092499971389,5.0,1888.3716710845488,2126.549983043604,0.0783341824085719,-152.4931182861328,95.39842224121094,-4.3191328048706055,32.65653610229492,15.76327896118164,-3.2198750972747807,-9.913750648498535,0.06563792377710342,-12.663228034973145,-4.662716388702393,-3.8352572917938232,-11.251724243164062,-10.859777450561523,51098.0,8808.0
GIMS - JUSQU_ICI TOUT VA BIEN (Clip Officiel)(MP3_160K).mp3,GIMS,Jusqu'ici tout va bien,,2020-11-06,227.856,61.5234375,0.1982811093330383,5.0,1911.9509004756287,2139.1591620509744,0.079289203088719,-135.1822509765625,94.63172912597656,-4.267233371734619,32.65435791015625,15.175285339355469,-2.7927880287170415,-9.759135246276855,0.1453791260719297,-12.53884220123291,-4.600686550140381,-4.073668003082275,-11.069793701171877,-10.946605682373049,179025.66666666674,21101.75
Maître Gims - Intro.mp3,GIMS,Intro,,2015-08-28,104.0117,184.5703125,0.26772141456604,5.0,2820.2562455260395,2674.833693399936,0.1358973263956076,-23.05373191833496,68.98507690429688,-7.2056050300598145,9.487271308898926,2.510866641998291,1.855331540107727,-3.273146152496338,5.493093013763427,-7.695248126983643,1.269159197807312,-1.5274815559387207,-1.7410284280776978,-4.630082130432129,18093.0,3551.0000000000146
Maître Gims - Zombie.mp3,GIMS,Zombie,hip_hop;pop,2013-12-02,245.3333333333333,54.978390957446805,0.1941198855638504,10.0,2653.729632109652,2484.934019008248,0.1289317600498258,-90.42938232421876,70.74310302734375,-15.66373920440674,16.59630012512207,12.530105590820312,7.051347255706787,-5.576652526855469,9.221198081970217,-9.239997863769531,0.7272998094558716,-4.195115566253662,-5.8853044509887695,-10.518704414367676,175466.0,26214.0
GIMS & Maluma - Hola señorita.mp3,"GIMS,  & , Maluma",Hola señorita,,2019-04-25,213.1330612244898,129.19921875,0.2455071806907653,7.0,2185.101609577221,2484.5590287465416,0.0852766952278444,-71.19721984863281,92.26481628417967,-0.6248427629470825,17.079381942749023,12.035913467407228,1.7765945196151731,-1.2703464031219482,1.867380976676941,-9.53191375732422,-1.379950761795044,0.4184337854385376,0.6173495650291443,-6.463886737823486,440346.0,63385.0
GIMS feat. DHURATA DORA - Only You.mp3,"GIMS,  feat. , Dhurata Dora",Only You,,2021-05-27,224.58,95.703125,0.2237627506256103,5.0,2188.9473831898326,2465.852823687788,0.087245693147736,-91.87760925292967,95.44943237304688,-3.1078412532806396,10.344257354736328,15.028020858764648,6.4923415184021,4.666585445404053,0.10703449696302414,-7.494891166687012,2.656731367111206,-3.324408531188965,4.50164794921875,-6.333272457122803,26126.0,3268.0
GIMS feat. Gazo - Oro Jackson.mp3,"GIMS,  feat. , Gazo",Oro Jackson,,2020-12-04,179.905306122449,135.99917763157896,0.1909801065921783,11.0,2202.8515585969485,2341.686420763185,0.0921164119944853,-126.68462371826172,95.26838684082033,9.506207466125488,0.4062008559703827,10.740290641784668,6.101451396942139,-18.20140838623047,1.0987095832824707,-10.044303894042969,-2.6319069862365723,0.5550988912582397,3.0613529682159424,-2.0180368423461914,637265.4166666666,49408.58333333333
GIMS feat. X Nilo Virus - Origami.mp3,"GIMS,  feat. , X Nilo Virus",Origami,,2020-12-04,219.744,95.703125,0.2293754816055297,11.0,1888.5568970949137,2272.99709507594,0.0670553390455688,-121.75715637207033,119.0444564819336,20.62178039550781,2.497135400772093,14.18211555480957,-2.553881168365479,-7.6154398918151855,7.200728893280029,-17.668582916259766,-6.189871311187743,0.6571661233901978,-3.967650890350342,-3.9599533081054688,4245.0,857.0
GIMS x DADJU x SLIMANE - Belle (Clip Officiel).mp3,"GIMS, , , Dadju,  & , Slimane",Belle,,2021-04-05,260.98,161.4990234375,0.2140047550201416,2.0000000000000004,2112.495394997141,2463.632524245234,0.0897381194973877,-94.11084747314452,110.1271514892578,21.27975273132324,11.206308364868164,10.934659957885742,2.423956155776977,-14.402658462524414,6.229369640350342,-2.0841379165649414,-2.568762540817261,-7.21035099029541,-2.7155795097351074,-2.7112998962402344,58573.0,9664.0
"GIMS, Dadju & Slimane - Belle.mp3","GIMS, , , Dadju,  & , Slimane",Belle,,2021-04-05,260.976,161.4990234375,0.2525582313537597,2.0000000000000004,2159.4523091952674,2496.336254606784,0.0911891689241486,-76.2619857788086,108.61363220214844,21.993309020996094,10.584915161132812,10.650239944458008,3.114220380783081,-14.715368270874023,6.307497978210449,-2.0486905574798584,-2.478801965713501,-7.422106266021728,-2.476834535598755,-2.69277024269104,58573.0,9664.0
"GIMS, Dadju & Alonzo - 1010.m4a","GIMS, Dadju & Alonzo",1010,,,237.4240362811792,129.19921875,0.1581988483667373,2.0000000000000004,2374.6363133349096,2501.1859666591304,0.1021877796657314,-123.72307586669922,86.37578582763672,4.8924479484558105,14.231257438659668,13.035161018371582,8.252463340759277,-7.507431507110596,9.207855224609377,-7.955104351043701,-3.9275360107421875,-2.44496750831604,2.577447414398193,-1.5258681774139404,13902551.333333336,100514.24999999999
Garou - Le Sucre et le Sel.mp3,Garou,Le Sucre et le Sel,pop;rock,2003,233.88225,83.35433467741936,0.0804925113916397,11.0,1533.995620761896,2034.1939220478043,0.051457171838719,-260.9662475585937,117.87349700927734,42.586544036865234,28.27725601196289,6.813007831573486,2.79636025428772,-5.5920939445495605,-13.451570510864258,-8.961339950561523,-3.4972150325775138,-3.732593059539795,-6.593130111694336,-5.151179313659668,14791.0,3346.0
Gazo - Euphon.mp3,Gazo,Euphon,,2021-02-26,201.09061224489795,143.5546875,0.1859440207481384,5.0,2454.167347742242,2513.488284462504,0.1011095548930921,-115.39710998535156,88.78743743896484,10.652862548828123,5.3864850997924805,2.871839761734009,6.810657024383545,-10.6902494430542,4.653377532958984,-2.6734750270843506,-0.5785640478134156,0.41327187418937683,2.442757368087769,-0.19911831617355347,216949.0,15771.000000000015
Gazo - Haine & Sex.mp3,Gazo,Haine & Sex,,2021-02-26,201.432,151.99908088235293,0.2109624594449997,0.0,1851.6565872395,2102.593560459225,0.0730900720177051,-144.05459594726562,104.923583984375,12.314208984375,13.30801010131836,7.214199542999268,14.986149787902832,-7.724194526672363,2.1632063388824463,-8.814034461975098,1.4448527097702026,-1.812390804290772,-2.5444829463958736,-0.7474134564399719,547.0,134.0
Gazo - Malagangx.mp3,Gazo,Malagangx,,2021-02-26,123.54666666666668,143.5546875,0.2136599719524383,1.0,2016.2991502106545,2177.697655992274,0.0760394117042376,-136.55157470703125,103.99817657470705,-10.107449531555178,-5.305234432220459,2.461352825164795,0.5537997484207153,-12.072691917419434,-0.6472073197364809,-8.062708854675293,-3.9673523902893058,-5.641860008239746,-1.2059006690979004,-1.1195634603500366,23296.0,4444.0
Gazo - BECTE.mp3,Gazo,BECTE,,2022-07-01,138.8930612244898,151.99908088235293,0.1990086734294891,9.0,2227.15733851623,2254.2743643277063,0.0908711436363196,-116.31719207763672,90.31062316894533,4.468329906463623,28.969711303710938,10.02614688873291,16.026391983032227,-3.3448777198791504,4.702310085296631,-9.474431991577148,-5.1194233894348145,-2.7651941776275635,-0.9462180137634276,-4.804812908172607,182101.0,15825.0
Gazo - BOSS.mp3,Gazo,BOSS,,2022-07-01,188.89142857142852,143.5546875,0.1993356943130493,11.0,1929.3065882754684,2115.855449075488,0.0821058905161571,-139.87193298339844,106.66629791259766,7.961356163024902,15.255074501037598,14.505417823791504,6.21625566482544,-3.452056169509888,9.593382835388184,-5.989969253540039,1.111634612083435,-2.809667587280273,1.3657392263412473,0.2150816023349762,61860.0,7116.0
Gazo - CELINE 3X.mp3,Gazo,CELINE 3X,,2022-07-01,158.22351473922902,135.99917763157896,0.1871727257966995,8.0,2519.148184927076,2505.840829732996,0.1212995310685952,-80.84953308105469,85.1690444946289,-3.171304702758789,6.827376842498779,-5.420638084411622,-0.6383918523788452,-11.241332054138184,-1.580496430397034,-10.77133846282959,-1.6786761283874512,-6.359931468963623,-3.499773979187012,-5.173936367034912,403352.0,24701.0
gazo_die_mp3_45695.mp3,Gazo,DIE,hip_hop,2022-07-01,240.5616326530612,129.19921875,0.1508235186338424,8.0,2392.83701173836,2334.1369023500224,0.1100860690184791,-118.53889465332033,90.77888488769533,-4.498127937316896,12.482001304626465,2.257852554321289,-2.391872882843018,-18.715484619140625,-1.1160162687301638,-14.33732795715332,-8.10302448272705,-9.76562213897705,-5.1225996017456055,-6.7371368408203125,524576.9999999999,39501.0
Gazo - HENNESSY.mp3,Gazo,HENNESSY,,2022-07-01,218.17469387755105,143.5546875,0.2388919293880462,11.0,2239.015942039107,2409.057000153906,0.0861918446449303,-108.69940948486328,92.32711791992188,9.382110595703123,12.04750919342041,3.4545485973358154,9.060542106628418,-6.820101737976074,-1.7374570369720461,-5.624691009521484,-5.473931312561035,-9.561656951904297,-4.12854814529419,-6.36492395401001,75664.0,8596.000000000015
Gazo - IMPACT.mp3,Gazo,IMPACT,,2022-07-01,186.48816326530613,135.99917763157896,0.2847373187541961,8.0,1973.7247149572704,2369.556426705392,0.06076909587848291,-99.68809509277344,103.52257537841795,15.072147369384766,8.831623077392578,18.23638916015625,15.749313354492188,1.0354884862899776,18.88680648803711,-1.7709825038909912,5.209659576416016,0.791897714138031,3.129016160964966,3.3614180088043213,51820.0,6792.999999999985
Gazo - JEUX DANGEREUX.mp3,Gazo,JEUX DANGEREUX,,2022-07-01,149.02857142857144,161.4990234375,0.1780900955200195,7.0,2279.635080958932,2423.488846801471,0.1018442443280766,-115.50890350341795,95.92652130126952,12.82941436767578,12.226388931274414,0.5807697176933289,13.91872501373291,-6.6304192543029785,8.759989738464354,-6.274438858032227,-7.057048797607422,-3.425452470779419,-1.1657586097717283,-1.1372967958450317,72368.0,8579.0
Gazo - LETTRE À UN OPPS.mp3,Gazo,LETTRE À UN OPPS,,2022-07-01,178.9126530612245,143.5546875,0.2067065685987472,10.0,2391.819235819582,2602.1346338981266,0.0956103440039667,-79.42283630371094,95.38694763183594,16.161283493041992,13.594191551208496,3.374192714691162,5.548561096191406,-8.165952682495117,10.580480575561523,-5.987325191497803,-3.9766104221343994,-3.1324682235717773,-1.3932499885559082,-2.2044081687927246,146679.0,11887.0
Gazo - MOLLY.mp3,Gazo,MOLLY,,2022-07-01,210.44,143.5546875,0.1672940999269485,10.0,2133.6869700955763,2223.4871096868505,0.0889112159563661,-123.69078826904295,100.18025970458984,-3.731916904449463,10.299474716186523,1.1548559665679932,4.424455165863037,-8.027155876159668,2.510978937149048,-7.007917404174805,-5.560100555419921,-10.111562728881836,-7.188193321228027,-6.311515331268311,72726.0,8084.0
Gazo et Tiakola - 2434.mp3,"Gazo,  et , Tiakola",24/34,,2023-12-01,227.5265306122449,143.5546875,0.2233015894889831,7.0,1860.051549632784,2159.879184123566,0.0672985348539086,-115.24080657958984,118.21753692626952,20.773500442504883,15.427953720092772,8.267102241516113,1.3081234693527222,0.21082454919815063,-0.675455689430237,-10.30125331878662,-0.47079962491989125,-7.632585525512695,-3.644745826721192,-6.3418288230896,70771.0,8996.999999999985
Gazo et Tiakola - CARTIER.mp3,"Gazo,  et , Tiakola",CARTIER,,2023-12-01,229.12,73.828125,0.2442472428083419,6.0,1889.3162961812147,2207.923895752889,0.0745399876644736,-69.74485778808594,124.19468688964844,-1.9344812631607056,6.936985969543457,11.914434432983398,4.580345630645752,-3.745518445968628,1.835475325584412,-7.439353942871094,5.671769618988037,-1.5061299800872803,-0.1137240827083587,-3.134887933731079,159215.0,14562.0
Gazo et Tiakola - INTERLUDE.mp3,"Gazo,  et , Tiakola",INTERLUDE,,2023-12-01,142.49795918367346,103.359375,0.1449109315872192,11.0,1979.2010702520088,2346.9831622652214,0.076856489151993,-129.22705078125,111.14256286621094,10.698918342590332,20.562923431396484,7.823162078857422,3.06015944480896,0.8175161480903621,6.4076337814331055,-5.154055595397949,2.268299102783203,-1.421688199043274,1.4520280361175537,-0.6883500218391418,34174.0,5291.0
Gazo et Tiakola - MAMI WATA.mp3,"Gazo,  et , Tiakola",MAMI WATA,,2023-12-01,233.2734693877551,117.45383522727272,0.2408740371465683,10.0,1789.5930774324936,2043.698758913443,0.0697087621541215,-113.53819274902344,126.1952896118164,26.151363372802734,5.358095645904541,9.90537166595459,7.069060802459717,0.061946336179971695,8.611246109008789,-1.8581856489181519,3.027224063873291,2.1155009269714355,4.398977756500244,1.185508370399475,248486.0,25752.0
Gazo et Tiakola - NOTRE DAME.mp3,"Gazo,  et , Tiakola",NOTRE DAME,,2023-12-01,216.4244897959184,73.828125,0.1876674890518188,10.0,2668.2326983902176,2786.933286423904,0.1156330876306114,-90.97728729248048,87.92784881591797,11.371140480041504,3.2163116931915283,16.541749954223633,4.73146915435791,-4.083999633789063,6.379320621490479,-0.6646289825439453,-0.008971176110208035,-1.759244441986084,1.1142648458480835,-3.275597333908081,149368.0,14101.0
Gazo et Tiakola feat Kore - AMBITIONS.mp3,"Gazo,  et , Tiakola,  feat , Kore",AMBITIONS,,2023-12-01,193.54122448979592,135.99917763157896,0.2845955789089203,7.0,2582.833439690022,2782.968558251168,0.0927915779798761,-58.57929992675781,88.28675079345703,15.957627296447754,4.092005252838135,8.10080623626709,-5.36745023727417,-5.065484523773193,4.398187160491943,-10.885757446289062,-2.5281732082366943,-2.682711601257324,4.029599189758301,1.850410819053649,50762.0,6002.0
Gazo feat Hamza - Drill Fr 5.mp3,"Gazo,  feat , Hamza",Drill Fr 5,,2020-10-02,229.0938775510204,143.5546875,0.2751557528972626,0.0,2669.824189990503,2686.279255826156,0.1057922552244582,-78.54100036621094,80.6709213256836,2.6190741062164307,-2.5463967323303223,-6.523436069488526,-1.5653977394104008,-1.2898774147033691,4.008323669433594,-4.150062084197998,-2.38216233253479,-5.451754570007324,3.928714752197266,-0.895669162273407,417.0,61.0
Gazo feat. Damso - BODIES.mp3,"Gazo,  feat. , Damso",BODIES,,2022-07-01,166.47836734693877,143.5546875,0.2526114284992218,2.0000000000000004,2203.46335020473,2629.968834689037,0.0676951688878676,-126.66106414794922,90.30323791503906,29.724470138549805,13.501320838928224,15.74573802947998,9.955581665039062,0.0686679556965828,14.272171974182127,0.08704303205013275,9.718157768249512,1.0743547677993766,-2.776994466781616,-1.890419006347656,648.0,86.0
Gazo feat. Freeze Corleone - Drill FR 4.mp3,"Gazo,  feat. , Freeze Corleone",Drill FR 4,hip_hop;rap,2020-06-18,267.78122448979593,135.99917763157896,0.1242576465010643,10.0,2305.130131908268,2218.0547404864883,0.1070624667424535,-173.13462829589844,92.94622802734376,8.273757934570312,4.7696213722229,-5.522464752197268,3.001676559448242,-8.724766731262207,5.690681457519531,-7.984706878662109,-5.707179546356201,-2.7646923065185547,-3.7430555820465083,-8.33098316192627,370856.0,28737.000000000015
Gazo feat. M Huncho - M.A.L.A.mp3,"Gazo,  feat. , M Huncho",M.A.L.A,,2022-07-01,226.82122448979592,143.5546875,0.1625210344791412,10.0,2515.4266017831314,2327.0511735786845,0.1080768219088622,-135.54605102539062,79.15524291992188,15.017644882202148,4.702990531921387,-10.924376487731934,-0.5155289769172668,-12.591781616210938,-0.5905644297599795,-5.259974002838135,-5.0208821296691895,-3.701050519943237,-0.8976801633834839,-1.7821974754333496,193.0,33.0
Gazo feat. Skread - GRA GRA BOOM.mp3,"Gazo,  feat. , Skread",GRA GRA BOOM,,2022-07-01,208.53551020408165,143.5546875,0.1885879635810852,9.0,2062.409383368436,2110.9400755904026,0.083260645438274,-129.65867614746094,96.68781280517578,0.7627587914466858,21.7695426940918,2.713988780975342,3.60774040222168,-3.450322389602661,-1.313178777694702,-14.663652420043945,-10.640233039855957,-9.673943519592283,-3.91850471496582,-0.8205598592758179,245.0,39.0
Gazo feat. Tiakola - FLEURS.mp3,"Gazo,  feat. , Tiakola",FLEURS,,2022-07-01,211.0955102040816,129.19921875,0.2039622515439987,10.0,2407.215506879016,2484.55232928516,0.1021709619291795,-96.63368225097656,88.20344543457031,3.8007888793945312,9.790760040283203,1.66077721118927,6.542865753173828,-13.286685943603516,4.272693157196045,-9.862066268920898,-2.5496752262115474,-3.380986452102661,-4.129415035247803,-7.33696985244751,1172.0,146.0
gazo_fleurs_ft._tiakola_paroles_mp3_47648.mp3,"Gazo,  feat. , Tiakola",FLEURS,,2022-07-01,210.99102040816325,129.19921875,0.1945776045322418,10.0,2435.2264217784245,2498.5488291235133,0.1041006554760062,-99.55177307128906,87.26602172851562,4.1553635597229,9.695551872253418,1.8409221172332764,6.71913480758667,-13.106986045837402,4.319134712219238,-9.617627143859863,-2.411440849304199,-3.314587354660034,-3.987629413604736,-7.213932991027832,1172.0,146.0
gazo_fleurs_ft_tiakola_visualizer_mp3_69198.mp3,"Gazo,  feat. , Tiakola",FLEURS,,2022-07-01,211.3044897959184,129.19921875,0.2037908136844635,10.0,2330.962209796692,2420.0735295475747,0.0992025369461106,-99.06717681884766,91.10897827148438,1.7091937065124512,10.916709899902344,0.8647907972335815,7.22469425201416,-13.97910213470459,4.637463569641113,-10.173633575439451,-2.525939464569092,-3.536888599395752,-4.292128086090088,-7.547150135040283,1172.0,146.0
Gazo ft. Landy & Franglish - Go.mp3,"Gazo,  ft. , Landy,  & , Franglish",Go,,2021-02-26,189.54666666666665,143.5546875,0.2760938107967376,7.0,2344.6320415609066,2516.7396274977937,0.089913477469524,-115.03141784667967,77.3995361328125,4.940661430358887,13.38623046875,-1.8075978755950928,4.963264465332031,-7.914523601531982,1.1913539171218872,-12.542110443115234,-6.750321865081787,-6.796253681182861,-3.614539384841919,-2.4593582153320312,210.0,43.0
Glass Animals - Heat Waves (instrumental).mp3,Glass Animals,Heat Waves (instrumental),,2023-04-05,235.08,161.4990234375,0.2657042741775512,11.0,1733.2499476112116,2119.174029434961,0.0584348318377515,-142.144287109375,100.82495880126952,21.827173233032227,15.700663566589355,8.607704162597656,6.779385089874268,-5.258735179901123,4.449246883392334,-7.777890205383301,-0.03555912151932705,-4.813270092010498,-1.328500747680664,-5.134804248809815,342.0,78.0
Green Day - Holiday.mp3,Green Day,Holiday,alternative;punk;rock,,155.088,151.99908088235293,0.2175065726041793,0.0,2470.7374362798864,2654.934377412541,0.0999697280742066,-106.88673400878906,90.65711975097656,24.850997924804688,26.322654724121094,11.49494457244873,1.9426405429840088,-1.2085174322128296,6.170385837554932,-9.195379257202148,6.13703727722168,-5.143810749053955,6.686982154846191,-0.4623706340789795,12857812.0,1640221.0000000002
Gym Class Heroes feat. Adam Levine - Stereo Hearts.mp3,"Gym Class Heroes,  feat. , Adam Levine",Stereo Hearts,hip_hop;alternative;pop;rock,2011-06-14,216.768,89.10290948275862,0.1978008449077606,1.0,2802.76846128784,2511.9894367505462,0.1465304820530185,-69.73020935058594,69.25212097167969,-10.816212654113771,14.905847549438477,-0.6497961282730103,0.8768397569656372,-7.094242095947266,3.0226075649261475,-2.547147274017334,4.448669910430908,-7.349145412445068,2.369370698928833,-3.238219976425171,7947854.0,1030420.0
HATIK - Prison pour mineurs.mp3,HATIK,Prison pour mineurs,,2020-03-19,94.92897959183672,112.34714673913044,0.1805014312267303,4.0,2392.8876633414898,2388.2543535924865,0.1021526324859713,-114.06835174560548,95.71753692626952,6.521224498748779,4.007968902587891,3.696675777435303,4.896942615509033,-3.6889379024505615,3.9804062843322754,-5.720732688903809,-1.8731327056884766,0.5695911049842834,1.4143866300582886,-4.350816249847412,48357.0,6669.0
HATIK & Sam's - FLK (Fais les kiffer).mp3,"HATIK,  & , Sam’s",FLK (Fais les kiffer),,2020-03-19,128.33959183673468,117.45383522727272,0.256851464509964,1.0,2685.243004837705,2754.250473093594,0.1063294779774574,-71.04595184326172,69.64108276367188,8.808576583862305,5.7978620529174805,-3.0833263397216806,8.169489860534668,-12.267026901245115,1.8589661121368408,-7.302707195281982,-8.303953170776367,-2.83518385887146,1.9297155141830444,-2.126791954040528,14626.0,2152.9999999999854
Halsey - Without Me.mp3,Halsey,Without Me,alternative;contemporary;rnb;electronic;dance;indie;pop,2018-10-04,203.93795918367343,135.99917763157896,0.171343520283699,8.0,1821.4227329658283,2063.539336759284,0.0734082862688661,-188.32470703125,95.0766143798828,23.83070182800293,9.116256713867188,3.436397314071656,-2.207863330841065,-4.486474990844727,-5.334782123565675,-4.40626859664917,-8.38808822631836,-8.131943702697754,-5.819785118103027,-13.589605331420898,13811942.0,1137098.9999999998
Hamza - Paradise.m4a,Hamza,Paradise,,,208.770612244898,143.5546875,0.1803241670131683,3.0,2476.635665352747,2487.520178078958,0.0994357176978521,-107.61418914794922,93.66102600097656,8.564903259277344,5.61421012878418,-2.589228868484497,0.0757601261138916,-4.535581588745117,-0.9439353346824648,-11.552788734436035,2.2433228492736816,-6.2277512550354,-2.3235042095184326,-2.333138465881348,171878.0,14551.0
Hank Williams III - I Don’t Know.mp3,Hank Williams III,I Don’t Know,contemporary;rock;indie;alternative,1999-09-07,181.1069387755102,123.046875,0.1511897593736648,11.0,1799.1355499486842,2110.035441673047,0.0715256445917182,-185.87496948242188,105.63944244384766,17.769142150878906,7.442810535430909,1.3917897939682007,-0.17847822606563568,2.658486127853393,-3.068382740020752,-6.4564127922058105,6.138274192810059,-6.920943260192871,3.215259552001953,-7.170772075653076,85.0,32.0
Harry Styles - As It Was.mp3,Harry Styles,As It Was,pop;indie,2022-03-21,165.69469387755103,172.265625,0.3219101727008819,6.0,1895.199024507472,2311.694556231844,0.0718814625459558,-64.14810180664062,113.64571380615234,13.08858585357666,14.397542953491213,7.7206130027771,2.621734142303467,-2.122608661651612,5.3625569343566895,-1.2534517049789429,0.4500908553600311,-2.2584919929504395,-0.6751065850257874,-2.071939945220948,40852990.0,1953862.0
Hiro - Aveuglé.mp3,Hiro,Aveuglé,,2016,213.1330612244898,135.99917763157896,0.2864037752151489,2.0000000000000004,2303.8866329971856,2553.298362487228,0.088876257739938,-79.32018280029297,85.4974594116211,8.663925170898438,8.413375854492188,-2.2543296813964853,3.392617464065552,-2.751040458679199,0.738467276096344,-7.426335334777832,-0.523896098136902,0.6168136596679688,0.7878732681274414,2.9613804817199707,5232.0,1059.0
Hyper Crush - Cheap Thrills.mp3,Hyper Crush,Cheap Thrills,electronic;hip_hop,2012-02-07,261.825306122449,89.10290948275862,0.1405928879976272,9.0,2123.21766223343,2062.299007453979,0.1046975906419311,-209.2745819091797,77.24319458007812,-20.4673080444336,3.6169328689575195,-2.1409859657287598,-17.650070190429688,0.6018481850624084,-15.310800552368164,-3.385690689086914,-4.123367786407471,-9.845976829528809,-0.924231767654419,-3.719350814819336,18263.0,3413.0
Hélène - Amour secret.mp3,Hélène,Amour secret,,1993,210.1369375,107.666015625,0.1552730202674865,5.0,1830.3438302439072,1979.826036467725,0.0848927217371323,-102.63353729248048,123.65011596679688,-10.339857101440431,43.74308395385742,-16.195621490478516,18.947340011596676,-9.50477695465088,12.312582015991213,-9.0245361328125,8.828619003295898,-11.395482063293453,5.981182098388672,-5.405309677124023,6429.0,1697.0
Hélène - Dans les yeux d’une fille.mp3,Hélène,Dans les yeux d’une fille,,1993,193.858375,151.99908088235293,0.1283508390188217,2.0000000000000004,2966.024046163712,2912.4073840234764,0.1317866180703366,-76.92135620117188,69.41082000732422,8.268081665039062,26.54206085205078,7.60161018371582,9.388785362243652,4.738367080688475,3.1405184268951416,0.8362840414047241,1.0755503177642822,-2.436086416244507,1.0096315145492554,-1.6661028861999512,1.0,1.0
ICEKIID - KOLO.m4a,ICEKIID,KOLO,,,166.92825396825396,103.359375,0.3074441850185394,6.0,2332.774997931964,2604.2290090910537,0.0810614901799535,-45.617835998535156,89.72185516357422,9.565940856933594,23.42602157592773,8.996127128601074,2.87717342376709,-0.45661094784736633,0.29365283250808716,-11.682365417480469,3.49865460395813,-4.929981708526611,-3.1139657497406006,-9.010584831237791,167249.25,21331.666666666657
Imagine Dragons - Believer.mp3,Imagine Dragons,Believer,rock;alternative;pop,2017,216.576,123.046875,0.2065507918596267,10.0,2372.7461053594184,2396.517409182837,0.1020197912635448,-76.0651626586914,85.44998168945312,-11.799704551696776,22.68708038330078,4.849397659301758,9.667722702026367,-8.510773658752441,6.799992084503174,-5.307629108428955,-3.766350507736206,-1.4796247482299805,-3.3047044277191167,0.44624266028404236,11841148.0,1224732.0
Imagine Dragons x JID - Enemy (from the animated series Arcane League of Legends).m4a,Imagine Dragons x JID,Enemy (from the animated series Arcane League of Legends),,,213.32172335600907,78.30255681818181,0.0504116490483284,7.0,2474.4525607727937,2497.104596245034,0.1212020259892608,-233.1679534912109,86.36178588867188,0.38116586208343506,17.009113311767578,5.71605920791626,7.392323970794678,-5.729731559753418,5.457844257354736,-1.142617106437683,2.4970033168792725,1.4533060789108276,1.6251672506332395,-3.867169618606568,377220.50000000023,41863.83333333334
"Imagine Dragons with JID, Arcane, League of Legends - Enemy.mp3","Imagine Dragons,  with , JID, , , Arcane, , , Riot Games Music Team",Enemy,,2022-05-06,170.832,75.99954044117646,0.1104779094457626,6.0,2406.557800975179,2471.822831174014,0.0986335683533281,-144.17481994628906,82.65974426269531,4.031977653503418,23.488975524902344,3.9594764709472656,9.475489616394045,-8.856487274169922,5.668308734893799,-0.6741229295730591,0.651227593421936,0.4373720586299896,-0.4369839429855346,-5.716897010803223,260697.0,29177.000000000015
Imen Es feat. Alonzo - 1ère fois.m4a,Imen Es feat. Alonzo,1ère fois (Clip Officiel),,,200.8990476190476,78.30255681818181,0.1011556759476661,8.0,2248.476343364164,2504.936715011851,0.0967106774864551,-187.6174468994141,98.93846893310548,5.488304615020752,3.6931824684143066,-2.2876994609832773,-4.633297920227051,-3.2072603702545166,-0.30289831757545493,-3.0122225284576416,2.3379337787628174,-2.071402072906494,-4.488401412963867,-7.580613136291504,15.0,10.0
Imen Es & Amel Bent - Jusqu’au bout.mp3,"Imen Es,  & , Amel Bent",Jusqu’au bout,,2020-09-18,173.0612244897959,117.45383522727272,0.2139640599489212,10.0,2033.121216585123,2435.807344827386,0.0719092401557662,-124.87419128417967,104.61532592773438,6.388821601867676,23.02118873596192,11.985033988952637,-8.48383903503418,9.218371391296388,-11.598655700683594,2.482913017272949,2.2146136760711665,-16.36146354675293,0.7178651094436646,-6.77142858505249,773699.75,62793.25000000001
"J Balvin, Dua Lipa, Bad Bunny & Tainy - UN DÍA (ONE DAY).mp3","J Balvin, , , Dua Lipa, , , Bad Bunny,  & , Tainy",UN DÍA (ONE DAY),hip_hop;pop;dance;pop,2020-07-24,234.501224489796,107.666015625,0.1654741913080215,4.0,1582.4597054701735,1536.8355854565784,0.0852296433581656,-166.68551635742188,107.6216278076172,-29.966415405273438,37.12897109985352,-15.94743824005127,12.694635391235352,-17.870620727539066,12.99191951751709,-10.254544258117676,10.790485382080078,-3.996220827102661,3.67182731628418,0.11292434483766556,715691.0,113597.0
"J Balvin, Willy William & Beyoncé - Mi gente.mp3","J Balvin, , , Willy William,  & , Beyoncé",Mi gente,contemporary;rnb;latin;pop,2017-09-28,184.57075,135.99917763157896,0.2671274840831756,4.0,2278.174849045216,2433.6488529206986,0.0864545036764705,-91.6187744140625,85.10775756835938,-14.586100578308104,18.911592483520508,5.406157970428467,-4.9820098876953125,-6.473737239837647,5.5985541343688965,-14.225741386413574,4.116759777069091,-0.9355848431587219,2.4140865802764893,0.24680638313293457,4189456.0,637924.0000000001
JACKBOYS + Pop Smoke + Travis Scott - GATTI.m4a,"JACKBOYS, Pop Smoke & Travis Scott",GATTI,,,190.542947845805,143.5546875,0.1577973514795303,9.0,3464.443161022247,3013.2573342003257,0.1739365899525928,-93.80230712890624,58.08522415161133,14.852215766906738,8.633040428161621,5.6228556632995605,7.476168632507324,-7.530685901641846,-1.7513928413391116,-14.12584400177002,1.0731817483901978,-7.881721019744873,5.472054958343506,-14.149749755859375,228149.0,19441.0
Jack Green - Promises.mp3,Jack Green,Promises,rap;hip_hop,1981,193.3322448979592,143.5546875,0.1909424215555191,4.0,1967.2112841898413,2091.9422163809554,0.0858518996105843,-99.84784698486328,108.34781646728516,-13.504884719848635,24.309410095214844,0.5481402277946472,12.987802505493164,-8.643142700195312,2.8989298343658447,-5.615119934082031,2.2439424991607666,3.7860255241394025,2.577378511428833,-0.11291754245758057,280.0,43.99999999998545
"Jack Harlow feat. DaBaby, Tory Lanez & Lil Wayne - Whats Poppin (remix).mp3","Jack Harlow,  feat. , DaBaby, , , Tory Lanez,  & , Lil Wayne",Whats Poppin (remix),hip_hop,2020-12-11,227.73551020408163,143.5546875,0.1385125517845153,4.0,3434.6714352182703,2826.263510403008,0.1746268730045472,-109.19667053222656,55.14564895629883,6.10342264175415,5.535841941833496,5.10017204284668,-9.082294464111328,-7.881052017211914,0.48921528458595276,-13.751422882080078,2.938028812408448,-7.506327152252197,1.8650193214416504,-5.367522239685059,1831.0,613.0
Jack Harlow feat. Drake - Churchill Downs.mp3,"Jack Harlow,  feat. , Drake",Churchill Downs,,2022-05-05,310.7004081632653,99.38401442307692,0.1848594844341278,1.0,2038.210925377693,2309.875018858606,0.0811055186363196,-137.5986785888672,108.56909942626952,15.437228202819824,12.8590087890625,9.098623275756836,0.22957098484039307,-2.6494414806365967,-2.473432779312134,-6.725865840911865,3.482185363769531,-10.166135787963867,-4.998560905456544,-8.07877254486084,4378.0,1114.0
Jack Ü with Justin Bieber - Where Are Ü Now.mp3,"Jack Ü,  with , Justin Bieber",Where Are Ü Now,contemporary;dance;electronic;hip_hop;house;pop;trap,2015-02-27,265.128,123.046875,0.1264995783567428,1.0,2271.154810682744,2247.850599410155,0.1067635267511609,-149.7154541015625,101.16087341308594,-10.469968795776369,0.7174484133720416,-9.747221946716309,-9.10537338256836,-14.873933792114258,-8.7010498046875,-6.405330181121826,-4.518240928649902,-7.215150833129883,2.7163727283477783,-4.009824275970459,45251.0,12010.0
Jain - The Fool.mp3,Jain,The Fool,,2023-02-23,229.35510204081632,92.28515625,0.2462476640939712,5.0,1944.738599488028,2177.415047359052,0.0790805875701431,-106.67445373535156,102.43626403808594,14.69210433959961,20.9890365600586,7.243144989013672,8.777585983276367,-4.623903274536133,5.57512903213501,-8.710116386413574,-1.0809036493301392,-6.723892688751221,-1.739982843399048,-0.8232184052467346,121875.0,23534.0
Japano File - Acid Rain.mp3,Japano File,Acid Rain,,2020-10-23,191.04,135.99917763157896,0.0835305824875831,7.0,2109.047096090847,2239.646329565599,0.1011358207962461,-214.1929168701172,105.69711303710938,-2.1523022651672363,17.10365867614746,11.889721870422363,-6.5417890548706055,-2.80876898765564,-7.810708522796631,-14.534403800964355,2.998359680175781,-7.217804431915283,-6.886629581451416,-4.7455267906188965,481.0,149.0
Jason Derulo - Wiggle.m4a,Jason Derulo,Wiggle,,,223.9230839002268,112.34714673913044,0.150949940085411,0.0,2710.357489692459,2654.980775164377,0.1319175696594427,-126.76708984375,71.01925659179688,-3.7611870765686035,8.45722770690918,1.6700329780578613,9.373332977294922,-0.5724758505821228,7.384060382843018,-3.414227247238159,-0.3009363114833833,-4.454426765441895,-1.7302368879318235,-3.112748146057129,11888.0,3335.0
Jason Derulo - Get Ugly.mp3,Jason Derulo,Get Ugly,,2015-06-01,200.51591836734693,112.34714673913044,0.2108939886093139,2.0000000000000004,2576.961240856914,2554.720670474683,0.1177441859761996,-69.79598999023438,81.10150146484375,-4.490681171417236,16.64639663696289,7.569240570068359,7.17338228225708,1.522046327590942,5.380297660827636,-4.209416389465332,7.565922737121582,-0.6510614156723022,-0.048535466194152804,-4.57859468460083,15352.0,2382.0000000000146
Jason Derulo feat. Nicki Minaj & Ty Dolla $ign - Swalla.m4a,Jason Derulo feat. Nicki Minaj & Ty Dolla $ign,Swalla,,,235.1847619047619,129.19921875,0.2352244406938552,6.0,2044.6288380834087,2219.21423697891,0.0840641175261222,-134.4534454345703,90.15924072265624,-2.9300642013549805,12.595890998840332,7.064268112182617,2.3714792728424072,2.452151775360107,0.9624094367027283,-1.4334490299224854,4.530450344085693,-0.86161881685257,0.06297241151332847,-4.502886772155762,6323.0,1097.0000000000146
Jawsh 685 x Jason Derulo - Savage Love (Laxed-Siren Beat).mp3,"Jawsh 685,  x , Jason Derulo",Savage Love (Laxed-Siren Beat),pop,2025-05-16,172.094693877551,151.99908088235293,0.1277060061693191,3.0,2702.565444145865,2617.8029061635675,0.1266368003821594,-148.3466796875,66.4690170288086,0.6982858180999765,13.16825008392334,4.301919937133789,6.623414039611816,-3.166743040084839,1.894606113433838,-5.34120512008667,2.8987786769866943,-4.394824028015137,-2.200313329696656,-5.300574779510498,2.0,1.0
Jaymes Young - Happiest Year.mp3,Jaymes Young,Happiest Year,,2017-06-23,277.2,143.5546875,0.0766028389334678,1.0,1168.8762477421485,1524.360714307221,0.0490019712654798,-299.5234680175781,130.64332580566406,38.25590896606445,17.288179397583008,9.402195930480955,1.3717353343963623,2.3100299835205074,-2.0495176315307626,-1.1155458688735962,-1.4966460466384888,-4.888766288757324,0.8526849150657653,-6.313723564147949,2139613.0,278645.0
Jean‐Jacques Goldman - Au bout de mes rêves.mp3,Jean‐Jacques Goldman,Au bout de mes rêves,pop;french,1982,226.149875,129.19921875,0.1799151599407196,11.0,2471.22234166212,2647.676110163592,0.1075365757425503,-70.21369171142578,91.6407699584961,1.472405195236206,13.400762557983398,2.2564117908477783,3.4405853748321533,2.2291684150695796,3.8579580783844003,-3.8565359115600586,-0.3767212629318236,-4.964110374450684,-2.7509818077087393,-6.21444034576416,38.0,10.0
Jibbs - Chain Hang Low.mp3,Jibbs,Chain Hang Low,hip_hop;rap,2006-09-11,216.11102040816328,172.265625,0.2197340726852417,6.0,3628.020532421473,3108.857942576004,0.1818577438685178,-42.51398468017578,42.71792221069336,7.916167736053467,6.523674011230469,-3.2835988998413086,-0.7801059484481816,-4.654146671295166,2.6304023265838623,-1.1038782596588135,3.948275089263916,-2.2868247032165527,-1.7817857265472412,-7.884697437286377,622225.0,167599.0
Joe Dassin - Le Dernier Slow.mp3,Joe Dassin,Le Dernier Slow,,1979,214.7110833333333,151.99908088235293,0.3199322521686554,9.0,1984.2057583630428,2297.7099818116126,0.0805592256433823,-50.81552505493164,108.61842346191406,4.721144199371338,36.60665512084961,-5.632075309753419,19.568492889404297,-6.217805862426758,13.152560234069824,-14.638484001159668,14.171317100524902,-11.906264305114746,7.379518508911133,-14.448418617248535,33307.0,8739.0
Joeboy - Beginning.mp3,Joeboy,Beginning,,2019-11-08,160.6791836734694,112.34714673913044,0.1984725147485733,8.0,2162.24069827964,2464.56293285291,0.0831130650759481,-104.38553619384766,98.06534576416016,-2.4309327602386475,14.33388614654541,19.388273239135746,4.144466400146484,-5.7945637702941895,3.680540800094605,-5.716958045959473,-0.4132869839668275,-0.1491554230451584,-0.0771293267607688,-2.1719272136688232,52990.0,8179.0
Joeboy feat. Mayorkun - Don't Call Me Back.mp3,"Joeboy,  feat. , Mayorkun",Don't Call Me Back,,2019-11-08,154.40979591836734,107.666015625,0.2258497327566146,0.0,2017.864981395466,2631.7734005099787,0.0663329322271671,-114.66007232666016,105.3698959350586,29.755043029785163,0.7096316814422607,17.45053482055664,15.9605131149292,-1.1379687786102293,7.209693431854248,-9.552742004394531,-3.9824864864349365,2.7119648456573486,1.2306914329528809,-3.451589107513428,24782.0,4436.0
John Legend - All of Me.m4a,John Legend,All of Me,pop;rnb;soul,,307.24643990929707,123.046875,0.1721739917993545,5.0,1547.4146993672778,1861.190003227624,0.060512105746904,-180.5233612060547,119.51901245117188,-1.101654291152954,9.074291229248049,-0.41740450263023376,-7.1772356033325195,-19.646120071411133,-13.105293273925781,-21.541566848754883,-10.66789627075195,-9.387033462524414,-7.615696907043457,-13.03226089477539,10493416.0,1273211.0
Juice WRLD - Armed and Dangerous.mp3,Juice WRLD,Armed and Dangerous,electronic;house;pop;jazz;hip_hop;trap,2018-10-15,193.43673469387755,129.19921875,0.2031504660844802,0.0,2516.3341794121898,2350.5152455816533,0.1244718474869388,-90.71605682373048,73.64229583740234,-25.965526580810547,7.491942405700683,-4.338859081268311,-4.751341819763184,-6.610869884490967,0.5899772644042969,-8.546032905578613,-2.8380107879638676,-7.111201286315918,-0.014749816618859712,-8.053552627563477,9156731.999999998,562602.0
Juice WRLD - Glo’d Up.mp3,Juice WRLD,Glo’d Up,,2023-05-18,176.82285714285717,103.359375,0.1361272931098938,0.0,2276.1979919931887,2227.435427016529,0.1097689885473103,-120.84123229980467,94.8083724975586,-20.560407638549805,0.08668447285890579,1.5174634456634521,1.831592798233032,4.4238715171813965,2.5115716457366943,-4.5730881690979,2.8652448654174805,-5.405203342437744,0.6134139895439148,-4.393082618713379,1086178.0,87983.0
Juice WRLD - In My Head.mp3,Juice WRLD,In My Head,,2022-10-28,202.1877551020408,161.4990234375,0.2102796733379364,5.0,1964.2372059168488,2118.9222773026017,0.068834617780089,-144.52096557617188,90.58123016357422,8.558978080749512,28.366504669189453,2.623199939727783,-2.123646974563598,4.295544624328613,-4.82084608078003,-7.1298346519470215,5.114090919494629,-7.213755130767822,-0.3503338694572449,-2.114487171173096,3604070.0,213389.0
Juice WRLD - Lucid Dreams.mp3,Juice WRLD,Lucid Dreams,punk;rock;hip_hop;rap;trap,2017-06-15,241.8155102040816,161.4990234375,0.1752165257930755,8.0,1719.7128223719783,2061.159744307836,0.0659822162828947,-155.56869506835938,114.56460571289062,6.310585498809815,29.80034637451172,15.35950756072998,2.8046905994415283,-1.844522714614868,5.10485315322876,-9.225000381469728,0.012167348526418209,-6.597715854644775,1.7126007080078125,-4.916656970977783,18009809.0,1254367.0
Juice WRLD - Stay High.mp3,Juice WRLD,Stay High,,2020-08-07,168.85551020408164,151.99908088235293,0.2495536208152771,8.0,1571.7090314052684,1977.1150536251528,0.0514824929252128,-125.31421661376952,125.77774047851562,8.033841133117676,18.80571937561035,14.923657417297363,6.763786792755127,9.749717712402344,6.872270584106445,-0.5191431045532227,8.325791358947754,4.004837989807129,7.927947521209717,7.104935646057128,4832818.0,296117.0
Juice WRLD - Wishing Well.mp3,Juice WRLD,Wishing Well,hip_hop;punk;rock,2020-07-10,202.10938775510203,151.99908088235293,0.2689109444618225,0.0,2092.740974048654,2434.050825379076,0.0620988308460719,-90.1343994140625,102.6195831298828,13.10595417022705,29.262239456176758,16.1099910736084,9.501322746276855,4.6646499633789045,10.215678215026855,-3.3204076290130606,11.67977809906006,1.4277383089065543,7.473649978637695,4.564998149871826,8848139.0,568401.0
Juice WRLD - Righteous.mp3,Juice WRLD,Righteous,punk;rock;trap;pop;rap;rock,2020-04-24,228.23183673469387,143.5546875,0.2450634241104126,0.0,1427.6706999849755,1880.685253758544,0.0366466037998258,-177.57102966308594,114.87239074707033,20.67504119873047,28.132509231567383,24.045425415039062,8.96036148071289,6.340859413146973,6.002941131591797,2.2270538806915283,2.223548650741577,-7.496331691741943,2.2823023796081547,3.0018510818481445,7275361.0,409697.0
Juice WRLD - Robbery.mp3,Juice WRLD,Robbery,hip_hop;pop;punk;rock;trap,2019-02-13,217.3126530612245,161.4990234375,0.2387695759534835,6.0,2452.5416777419064,2498.369738107653,0.10621874546488,-78.57874298095703,88.68378448486328,-4.856073379516602,4.683852672576904,1.4769617319107056,-6.486783027648926,-9.928145408630373,2.360656261444092,-11.626714706420898,5.909965991973877,-1.539555549621582,2.472341537475586,-3.0419516563415527,11143538.0,684240.0
Juice WRLD - All Girls Are the Same.mp3,Juice WRLD,All Girls Are the Same,hip_hop;rap;punk;rock,2018-07-03,176.3526530612245,161.4990234375,0.1483017206192016,7.0,1685.6405762570007,2061.603756827517,0.0588244742284249,-226.0770568847656,101.9510726928711,14.654901504516602,15.943238258361816,2.447629928588867,0.6017327308654785,0.24195300042629242,8.65889549255371,-5.307182788848877,-2.642683744430542,-3.6646223068237305,8.700507164001465,0.7722970843315129,17812314.999999996,947663.9999999999
Justin Bieber - Sorry.mp3,Justin Bieber,Sorry,dancehall;pop;house,2016,198.74,135.99917763157896,0.2294997870922088,5.0,2117.333849160586,2555.40797934527,0.0759551340581462,-81.12541961669922,107.38607788085938,9.917798042297363,12.310544967651367,9.333104133605955,0.8246199488639832,-0.07461323589086533,2.4375927448272705,-2.9993858337402344,5.2956862449646,0.719079852104187,6.696657180786133,0.2286558300256729,12916682.0,1499697.0
Justin Bieber - Mistletoe.mp3,Justin Bieber,Mistletoe,contemporary;rnb;pop;rock,2011-10-17,183.07675,161.4990234375,0.1338134109973907,9.0,3010.117973682046,2873.07012301754,0.1510306438056308,-129.40501403808594,64.59611511230469,10.34216594696045,13.853371620178224,7.157410144805908,-7.509779453277588,-0.5719487071037292,-3.4660720825195312,-2.420316696166992,-2.7897214889526367,-5.717154502868652,0.619155764579773,-8.31257152557373,5611628.999999999,1032438.9999999999
Justin Bieber - Yummy.mp3,Justin Bieber,Yummy,pop,2020-01-03,230.664,143.5546875,0.2284252047538757,9.0,2268.4614078764416,2426.468125001229,0.0924121396091331,-114.3411102294922,97.84021759033205,16.610706329345703,17.836463928222656,-3.4401493072509775,-2.9317934513092045,-9.109253883361816,-0.9655800461769106,-6.932613372802734,2.092221736907959,-9.735150337219238,0.4224974513053894,-2.680705547332764,2848273.0,402658.0
Justin Bieber feat. Daniel Caesar & GIVĒON - Peaches.mp3,"Justin Bieber,  feat. , Daniel Caesar,  & , GIVĒON",Peaches,,2021-04-02,198.08165532879812,89.10290948275862,0.2356718033552169,0.0,1872.589167234357,2204.1888156705472,0.0754672307348103,-109.21759033203124,109.22164916992188,15.81982421875,13.074617385864258,5.104926586151123,9.083633422851562,-2.9927449226379395,-2.406665325164795,-5.344095230102539,-1.350576400756836,-3.925617694854736,-1.9811668395996087,-5.082437038421631,155490.0,25356.0
Justin Bieber feat. Khalid - As I Am.mp3,"Justin Bieber,  feat. , Khalid",As I Am,,2021-03-19,174.58,99.38401442307692,0.1332619786262512,3.0,2184.5273427187058,2401.218044822584,0.0872067667013351,-159.60267639160156,98.4390106201172,13.221224784851074,14.10065746307373,9.487346649169922,-1.685701966285706,-7.613908767700195,-1.157780170440674,-1.2267388105392456,2.8314428329467773,-2.0189032554626465,1.923179268836975,-2.265725612640381,33635.0,3015.0
KDA - THE BADDEST.mp3,K/DA,THE BADDEST,,2020-08-27,175.15102040816328,151.99908088235293,0.1345278322696685,3.0,2580.244829535039,2726.1423856156107,0.095350141495743,-90.43367004394533,83.019775390625,1.040435552597046,14.575177192687988,6.011291980743408,9.4075927734375,1.1090942621231075,7.407903671264648,2.440427780151367,6.721873760223389,-1.2568302154541016,7.061212062835693,0.7155355215072632,4415869.0,305482.0
KANA-BOON - シルエット.mp3,KANA-BOON,シルエット,pop;rock,2014-11-26,265.1167346938776,92.28515625,0.284827172756195,9.0,2610.4153411137218,2565.945795367075,0.1152525154798761,-20.451635360717773,73.28848266601562,-8.127771377563478,37.742919921875,9.973663330078123,11.661334037780762,7.917026996612549,10.257843017578123,1.2667738199234009,9.780975341796877,-2.00541353225708,4.997069358825684,-1.257884860038757,3703107.0,373810.0
Kaaris - Goulag.m4a,Kaaris,Goulag,,,174.01034013605442,135.99917763157896,0.2441294938325882,9.0,2520.150892565812,2498.063373223152,0.1063340130974264,-107.06414794921876,73.36791229248047,6.71904993057251,0.7422173619270307,-3.8920164108276376,2.7405219078063965,-7.69037389755249,1.6949164867401123,-13.481719970703123,-6.192134857177734,-3.31795072555542,0.9540744423866271,-3.974597930908203,104470.0,12508.0
Kaaris - Château noir.mp3,Kaaris,Château noir,,2021-03-25,210.625306122449,135.99917763157896,0.167671650648117,0.0,2594.613723938181,2427.6830804933707,0.1119571839323722,-108.16620635986328,82.6006088256836,7.905268669128418,19.82083320617676,-0.5785560011863708,5.360402584075928,-6.19571590423584,3.379556179046631,-14.304126739501951,-3.007038354873657,-5.697109699249268,-2.1918275356292725,-7.674219608306885,40417.0,6275.0
Kaaris & Kalash Criminel - Tu dois des sous.mp3,"Kaaris,  & , Kalash Criminel",Tu dois des sous,,2022-01-28,222.01469387755105,69.83741554054055,0.2023819535970688,7.0,2800.976990837846,2649.264854326728,0.1155956728908668,-104.60982513427734,71.67459869384766,15.410944938659668,12.599483489990234,3.496614933013916,3.926900386810303,1.7612657546997066,10.34560489654541,-1.8156335353851318,-0.8268009424209596,-1.0204689502716064,5.455310344696045,-0.06585943698883057,36564.0,6239.0
Kalash - Tombolo.mp3,Kalash,Tombolo,,2022-04-29,196.1795918367347,143.5546875,0.2951133251190185,0.0,1684.949226232841,2242.733195411825,0.0526506642439048,-101.22252655029295,123.57360076904295,25.16966438293457,11.325244903564451,11.853562355041504,9.13805103302002,-4.241129398345947,3.4552152156829834,-8.477145195007324,-1.5305804014205933,0.22321435809135437,-3.063012838363648,-4.809114456176758,54994.0,6556.0
Kalash & Gazo - Tu le sais.mp3,"Kalash,  & , Gazo",Tu le sais,,2022-04-29,222.53714285714287,123.046875,0.261450856924057,10.0,1867.18956996168,2150.5166475837573,0.0706942059307275,-106.783447265625,115.10216522216795,8.825757026672363,15.824228286743164,12.86180400848389,13.325313568115234,-3.080638885498047,8.335266113281248,-4.60092830657959,-0.3038373589515687,-2.52852201461792,-4.033745288848877,0.7546291947364807,163312.0,16681.0
Kalash feat. Damso - Mwaka Moon.mp3,"Kalash,  feat. , Damso",Mwaka Moon,,2017-10-13,237.9232653061225,78.30255681818181,0.1437511444091797,8.0,2141.5254622612447,2472.338855283786,0.0631965188419117,-178.47886657714844,93.13980102539062,26.74184799194336,16.28159523010254,8.735443115234375,9.317614555358888,-1.0854963064193723,6.090768814086914,-8.85469913482666,4.480900287628174,-1.1064367294311523,3.9187450408935542,-2.305219888687134,503267.0000000001,48739.0
Kaneki feat. Ninho - Jules César.mp3,"Kaneki,  feat. , Ninho",Jules César,,2022-01-28,210.83428571428573,73.828125,0.1709185391664505,6.0,2775.5623584816963,2402.5657043638125,0.1363466811992066,-138.28134155273438,61.33758163452149,12.203079223632812,12.825069427490234,-3.1731629371643058,-14.690024375915527,-22.6826286315918,-11.334404945373537,-16.963462829589844,3.163463592529297,3.9824798107147217,-2.2316248416900635,-1.3283954858779907,6.0,6.0
Kaysha - One love.mp3,Kaysha,One love,,2005-01-01,239.36,117.45383522727272,0.1534075736999511,0.0,2996.71618310743,3028.1435621604387,0.1284434787998258,-104.23108673095705,66.01654052734375,21.323843002319336,17.98819351196289,-2.4903976917266855,3.7777352333068848,-0.36437276005744934,-5.498064041137695,-10.072294235229492,1.7341065406799316,-5.094053268432617,1.9393928050994877,-11.437138557434082,22202.0,6102.999999999985
Kaza - Fatigué.m4a,Kaza,Fatigué,,,170.15582766439908,135.99917763157896,0.16770800948143,4.0,2455.149189409284,2472.909181722424,0.1031987334921633,-124.13079071044922,89.35555267333984,-3.432015895843506,-2.5386104583740234,-1.698786735534668,-2.4277439117431645,-15.901896476745604,-6.6029767990112305,-15.131355285644531,-10.835779190063475,-14.726384162902832,-6.125412464141846,-7.651266098022461,29099.0,3806.0
KeBlack & Dadju - Pas permis.m4a,KeBlack & Dadju,Pas permis,,,206.4486167800453,99.38401442307692,0.06403288245201111,0.0,2430.030806110635,2633.7584061532434,0.0905773056549922,-235.9708709716797,83.56336975097656,9.37053394317627,-0.03205725178122343,3.832014322280884,0.35984477400779724,-7.30404806137085,-0.9787038564682009,-9.497753143310549,-3.7811472415924072,-2.0208256244659424,-3.104498147964477,-5.238870143890381,6.0,3.0
Kendji Girac - Conquistador.mp3,Kendji Girac,Conquistador,,2020-10-09,221.36163265306124,99.38401442307692,0.10682228207588192,2.0000000000000004,2425.867051619964,2670.89418940108,0.0986237422600619,-163.10816955566406,85.55216979980469,14.801111221313477,16.14851951599121,8.835307121276855,4.780673503875732,0.8058766722679134,2.175867080688477,-12.666192054748535,2.2533912658691406,-2.6199212074279785,-0.5397310256958008,-6.387364387512207,20292.0,3963.0000000000146
Kendji Girac - Yelele.mp3,Kendji Girac,Yelele,,2020-10-09,196.416,123.046875,0.11364832520484922,3.0,1928.0569895746407,2214.6859848874465,0.0825686617163312,-206.05862426757807,100.43930053710938,16.37308692932129,26.25733757019043,17.41305160522461,0.8537289500236511,0.36083078384399414,-2.727240562438965,-6.863780975341797,-2.2250206470489506,-3.49673843383789,-4.138826847076416,-0.6605589389801025,3697.0,675.0
Kendji Girac - Eva.mp3,Kendji Girac,Eva,,2022-04-11,221.30938775510205,172.265625,0.1290008276700973,1.0,1765.516626953786,2132.2943437275603,0.0746905914401122,-185.8126373291016,123.28434753417967,18.84528541564941,7.487882137298584,-7.4522414207458505,6.330472469329834,-9.248333930969238,-0.3329659104347231,-15.05215072631836,-9.802974700927734,-4.299664497375488,-4.348578453063965,-10.67790699005127,12483.0,2993.0
Kendji Girac & Soolking - Bebeto.mp3,"Kendji Girac,  & , Soolking",Bebeto,,2020-10-09,205.9232653061225,112.34714673913044,0.1490786522626876,10.0,2049.4777368403425,2395.3764615691844,0.0761782997532894,-172.16456604003906,96.9106903076172,8.31933879852295,-4.703645706176758,-2.051939010620117,5.850446701049805,-15.896245956420898,-5.418829917907715,0.32926520705223083,-2.988154172897339,-1.165805459022522,1.3235936164855957,-1.985323190689087,78732.0,13599.0
Kendrick Lamar - HUMBLE..mp3,Kendrick Lamar,HUMBLE.,hip_hop;pop;trap;rap,2017-03-31,199.26666666666668,129.19921875,0.136493980884552,2.0000000000000004,2161.7091302068325,2459.053720125381,0.076909020958301,-168.86370849609375,88.30845642089844,11.056217193603516,14.658127784729004,-3.414271593093872,-19.81311798095703,-13.674097061157228,-7.076015949249268,-19.559158325195312,-11.876328468322754,-16.31743049621582,-11.615373611450195,-11.098496437072754,30457366.0,2224215.0
Kenza Farah - Avec toi.mp3,Kenza Farah,Avec toi,,2012-09-03,254.44,123.046875,0.2399342060089111,6.0,2765.0353668805656,2919.707888750723,0.1148014600062887,-69.71721649169922,82.5901107788086,21.9013729095459,14.668322563171388,8.576680183410645,-2.9524867534637456,10.330005645751951,-7.400723934173584,1.5099972486495972,1.975677251815796,-10.858421325683594,0.8399643301963805,-7.91654634475708,5232.0,1014.0
Khaled - Aicha.mp3,Khaled,Aicha,pop,1996,262.4261224489796,172.265625,0.014314340427517808,2.0000000000000004,1457.0365151760238,1930.4610451377348,0.0546559431235487,-424.58465576171875,111.1651611328125,30.018104553222656,36.88661575317383,2.978618621826172,2.03257417678833,-7.831643581390381,-10.642411231994627,-5.655485153198242,-3.2468903064727783,-3.758822679519653,-1.2745364904403689,-3.518355131149292,295178.0,62311.0
Kcee - Hakuna Matata.mp3,Kingsley Chinweike Okonkwo,Hakuna Matata,,2013-11-01,227.2391836734694,129.19921875,0.245416983962059,10.0,2502.010210067744,2535.7046704577324,0.114463026678599,-22.81343650817871,83.173583984375,-13.388421058654783,18.22274780273437,0.5357446670532227,4.845945835113525,5.888711929321289,3.142771482467652,-1.5558197498321533,5.766319274902344,-5.145345687866211,1.5257716178894045,-6.889531135559082,538596.7499999999,68117.5
Kizz Daniel - Eh God (Barnabas).mp3,Kizz Daniel,Eh God (Barnabas),,2021-11-18,184.6334693877551,112.34714673913044,0.2007698118686676,3.0,1914.624756181241,2275.2597289767355,0.067867125520027,-124.37857818603516,102.24401092529295,10.082552909851074,16.908279418945312,1.0792778730392456,11.54413890838623,-0.7793238759040833,7.381027221679687,-2.356198787689209,7.194192886352538,4.08812427520752,5.140463352203368,-0.6984306573867798,52968.0,10599.000000000015
Kizz Daniel - Cough (Odo).mp3,Kizz Daniel,Cough (Odo),,2022-11-30,176.45714285714286,112.34714673913044,0.2504960000514984,0.0,1871.0416294043089,2172.212097725604,0.0668261265238003,-105.89772033691406,107.33128356933594,-7.570400714874269,21.79107666015625,1.4340349435806274,3.9364826679229736,-7.836416721343994,-2.7997400760650635,-5.555413722991943,2.250021457672119,-0.7272517681121826,-1.201334834098816,-2.6963706016540527,245045.0,38217.0
Kizz Daniel & Tekno - Buga (Lo Lo Lo).mp3,"Kizz Daniel,  & , Tekno",Buga (Lo Lo Lo),,2023-07-27,185.1297959183673,117.45383522727272,0.226507693529129,8.0,1673.9991884486092,2219.2726015562644,0.0558059739623645,-125.10982513427734,112.85755157470705,21.75550651550293,16.20476531982422,6.133451461791992,12.006269454956056,1.3044013977050777,4.636533737182617,-0.2303503155708304,7.95179843902588,1.262523889541626,5.349787712097168,2.3566977977752694,235318.0,34476.0
Kizz Daniel feat. Philkeyz - Nesesari.mp3,"Kizz Daniel,  feat. , Philkeyz",Nesesari,,2018-11-30,174.60244897959183,112.34714673913044,0.3020390272140503,0.0,2190.6442600119462,2539.189209649784,0.0801790314193111,-84.7929458618164,88.43032836914062,18.78838157653809,21.95759391784668,5.458649635314941,5.698263168334961,0.8505320549011226,3.521005868911743,-5.525506496429443,2.0141851902008057,-12.185385704040527,-3.99912166595459,-5.19805383682251,199588.0,29617.000000000015
Koba LaD - Marie.mp3,Koba LaD,Marie,,2019-09-27,240.2481632653061,135.99917763157896,0.1821774691343307,1.0,2466.285959175508,2594.875024473148,0.0834371371904024,-134.7683868408203,73.15680694580078,20.55150604248047,8.966948509216309,-5.143660545349124,3.6214284896850586,-14.085322380065918,-0.021567141637206078,-15.907188415527344,-0.8510504364967347,0.22887106239795685,3.748582124710083,4.263274192810059,60138.0,8183.0
Koba LaD - Train de vie.mp3,Koba LaD,Train de vie,,2018-09-28,216.11102040816328,143.5546875,0.1425302028656005,3.0,2300.6110022867856,2196.291756858824,0.1011533943861261,-148.1851043701172,85.79722595214844,-1.4449734687805176,6.8083882331848145,-15.641658782958984,1.822542667388916,-13.8536958694458,-5.570559501647949,-18.578838348388672,-4.569177150726318,-3.2198331356048584,-3.581168174743653,-4.708630084991455,139733.0,15993.0
Koba LaD & Green Montana - Mission.mp3,"Koba LaD,  & , Green Montana",Mission,,2021-12-10,167.21333333333334,69.83741554054055,0.1890940964221954,2.0000000000000004,3324.3949716672887,2934.788088056044,0.1690254329527863,-49.552581787109375,56.38319778442383,0.9611491560935974,5.459454536437988,-3.3866806030273446,-3.169298648834229,-8.787287712097168,-3.4130427837371826,-12.365206718444824,-2.5311622619628906,-8.944320678710938,-8.629225730895996,-10.475655555725098,18032.0,2476.0
Koba LaD & Naps - Doudou.mp3,"Koba LaD,  & , Naps",Doudou,,2021-12-10,178.9387755102041,129.19921875,0.2626301944255829,9.0,3022.532845574925,2961.6743302970176,0.1344700863486842,-31.346567153930664,72.66072082519531,17.899578094482422,-4.308957099914551,-7.242480754852296,-2.380836963653565,-8.077248573303223,-8.485503196716309,-19.858680725097656,-7.689342975616455,-7.275717258453369,-8.398340225219727,-8.895633697509766,132991.0,14125.0
Koba LaD Feat. Frenetik & Gianni - Kilos de beuh.mp3,"Koba LaD,  Feat. , Frenetik,  & , Gianni",Kilos de beuh,,2021-06-18,203.81333333333333,135.99917763157896,0.1813161969184875,9.0,3011.265785681408,2645.23431450426,0.148834322997291,-103.49636840820312,66.12013244628906,5.728042125701904,-5.475850582122803,-5.200613498687745,-2.495442867279053,-9.989150047302246,0.030712777748703957,-9.391077041625977,-3.404291868209839,-6.831122875213623,1.2980777025222778,-4.6199212074279785,17623.0,3115.0
Koba LaD Feat. Gazo - Daddy chocolat.mp3,"Koba LaD,  Feat. , Gazo",Daddy chocolat,,2021-06-18,191.98458049886625,143.5546875,0.1980770826339721,11.0,2557.875479982792,2583.9023070630537,0.1082843036474458,-104.3698959350586,81.67412567138672,-4.546141624450684,7.038395881652832,0.786217451095581,-7.64829158782959,-4.922934055328369,-2.831403970718384,-3.1629724502563477,-7.127804279327393,-6.5991315841674805,-2.552665948867798,-1.5068871974945068,298586.0,27792.0
Koba LaD Feat. SDM & Guy2Bezbar - Tue ça.mp3,"Koba LaD,  Feat. , SDM,  & , Guy2Bezbar",Tue ça,,2021-06-18,170.49333333333334,129.19921875,0.2041671127080917,3.0,3029.4758974225333,2820.904589921779,0.1434123981109713,-80.79380798339844,62.28399658203125,9.30161476135254,0.9907239079475403,-9.3999662399292,-5.814949035644531,-12.387598991394045,-7.525920391082764,-14.800856590270996,-3.7436037063598633,-5.145552635192871,-0.0495323911309242,-3.378183364868164,60758.0,6933.999999999985
Koba LaD feat. Freeze Corleone - 7 sur 7.mp3,"Koba LaD,  feat. , Freeze Corleone",7 sur 7,,2020-10-23,206.88975,123.046875,0.1552967876195907,1.0,2037.1999287596527,2077.974095120416,0.0773504393019543,-197.51788330078125,72.58125305175781,-4.422646999359131,5.75382137298584,-9.055984497070312,4.556471824645996,-3.533985137939453,-6.252329349517822,-9.026463508605955,-2.629504442214966,-5.898105144500732,-4.361199855804443,-4.027703762054443,126950.0,13319.0
Kodak Black feat. Travis Scott & Offset - ZEZE.mp3,"Kodak Black,  feat. , Travis Scott,  & , Offset",ZEZE,,2018-10-11,225.54122448979592,99.38401442307692,0.2900984585285187,10.0,2121.583200863907,2381.3119449947058,0.06984179233988,-122.20013427734376,89.90696716308594,3.487271547317505,7.9856696128845215,-1.9017016887664804,2.654578447341919,-7.691301345825195,4.294127464294434,-0.2294062077999115,6.170057773590088,-1.8714834451675415,4.988511085510254,-3.505055904388428,221070.0,48199.0
Kyle Exum & Shawn Wasabi - Bassthoven.mp3,"Kyle Exum,  & , Shawn Wasabi",Bassthoven,,2020-06-26,127.8,80.74951171875,0.2865786850452423,9.0,2677.3368037935684,2647.968705516371,0.1019583781806308,-88.27653503417969,80.84848022460938,12.1194486618042,14.300902366638184,13.109111785888668,-4.336895942687988,1.8892551660537715,4.190139293670654,-9.72458267211914,10.981691360473633,-6.287374496459961,6.740947723388672,3.8737573623657218,292853.0,42384.0
LSD - Genius.mp3,LSD,Genius,,2018-05-03,222.58938775510205,161.4990234375,0.1677844077348709,6.0,2051.341192848491,2317.9368725565687,0.078364794468363,-143.5174560546875,93.96916198730467,-1.1683242321014404,24.9498348236084,6.486895084381104,2.69821834564209,2.9955933094024654,1.7372000217437744,-6.155801296234131,1.2672806978225708,-1.7868894338607788,-3.1612472534179688,-2.016577243804932,122904.0,15455.0
LSD - Thunderclouds (Lost Frequencies remix).mp3,LSD,Thunderclouds (Lost Frequencies remix),,2018-10-26,195.9183673469388,112.34714673913044,0.1843877434730529,7.0,2006.31477504262,2373.521122815481,0.0778625299317918,-145.87057495117188,95.21172332763672,2.6976988315582275,31.382488250732425,23.84715461730957,9.303603172302246,8.227132797241211,1.867126703262329,9.44909381866455,7.328524112701416,-7.4248433113098145,4.247245788574219,-3.49349331855774,1721.0,469.0
La Fouine - Les balances sont respectées.mp3,La Fouine,Les balances sont respectées,,2010-01-18,200.69333333333333,151.99908088235293,0.2574814558029175,11.0,3269.6433546572603,2998.9994956868354,0.1528186148534249,-39.213436126708984,55.69418716430664,7.601456642150879,8.203275680541992,-1.580959439277649,1.3273005485534668,-0.32120582461357117,4.323039531707764,-6.065366744995117,6.375424861907959,-8.160893440246582,-1.3247134685516355,-1.911632061004639,1143.0,360.0
La Fouine - Essaie encore.mp3,La Fouine,Essaie encore,,2013-02-04,240.11755102040817,92.28515625,0.2513100802898407,8.0,2612.078096313569,2717.120756849172,0.1092769280306695,-43.87271499633789,82.09061431884766,12.312417984008787,22.87140655517578,4.573352336883545,4.538191318511963,5.564176559448242,9.08464241027832,-1.5244685411453247,7.681992053985596,1.0184409618377686,4.648072242736816,2.143649101257324,7102.0,1730.0
La Fouine - J'espère.mp3,La Fouine,J'espère,,2013-02-04,380.94666666666666,99.38401442307692,0.2447391152381897,0.0,2384.4950717619863,2548.865696522226,0.0802319411522832,-78.26960754394531,92.61475372314452,-5.599102020263672,-1.8068417310714722,-1.5002539157867432,-8.101866722106934,5.666956424713135,2.5628228187561035,-13.430809020996094,9.096625328063965,1.87010943889618,0.47753170132637013,1.8380255699157724,5672.0,1318.0
La Fouine - Quand je partirai.mp3,La Fouine,Quand je partirai,,2013-02-04,251.3333333333333,161.4990234375,0.2429085671901703,0.0,2471.9796941995105,2632.4663428202603,0.0925345878482972,-83.87615203857422,82.70330810546875,15.872804641723633,30.658435821533203,7.507686138153076,6.210568428039551,7.5926103591918945,2.9394431114196777,-2.258127212524414,-1.0281957387924194,0.2752416133880615,2.2268638610839844,2.1075000762939453,43084.0,7809.0
La Fouine - Interlude - One Shot.mp3,La Fouine,Interlude - One Shot,,2011-02-14,152.6266666666667,103.359375,0.3462546765804291,8.0,2337.5425912393803,2595.325552059952,0.0626727124854876,-63.406158447265625,74.19957733154297,-2.4423270225524902,23.90657424926757,6.601207256317139,5.427478790283203,2.9594883918762203,8.246725082397461,-1.9175275564193726,10.533748626708984,3.155674934387207,4.5353522300720215,3.7991063594818124,3890.0,948.9999999999854
La Fouine - La lumière.mp3,La Fouine,La lumière,,2011-02-14,297.93333333333334,107.666015625,0.219524085521698,7.0,2227.2597418645937,2610.259130717181,0.0820115978134675,-78.19731140136719,101.27908325195312,14.372342109680176,23.978673934936523,16.899066925048828,1.2585601806640625,2.2400398254394527,6.712998867034912,-0.7080549001693726,6.47128963470459,-2.174561023712158,2.356564283370972,1.2595796585083008,2790.0,754.0
"La Fouine feat. Canardo, Youssoupha, Sultan & Fababy - Panam Boss.mp3","La Fouine,  feat. , Canardo, , , Youssoupha, , , Sultan,  & , Fababy",Panam Boss,,2013-02-04,411.64,103.359375,0.2243900299072265,1.0,3084.779907862849,2685.670889733432,0.1439959168803212,-55.936073303222656,50.49571990966797,-16.294357299804688,10.115644454956056,-10.743111610412601,-8.127534866333008,-8.515523910522461,-4.936560630798339,-13.748477935791016,3.1221868991851807,-2.4601387977600098,1.1412596702575684,1.2096824645996094,85.0,29.0
La Fouine feat. Green - Le mauvais œil.mp3,"La Fouine,  feat. , Green",Le mauvais œil,,2010-01-18,225.90666666666667,151.99908088235293,0.2857532501220703,7.0,2493.890585579507,2651.96746357144,0.097359766532024,-51.6981201171875,79.42926025390625,-0.09934709221124649,12.120569229125977,4.656382083892822,4.551166534423828,2.538821697235107,14.273457527160645,-7.157912254333496,10.94313907623291,1.0592699050903311,3.9997210502624516,1.653210163116455,81.0,29.0
La Fouine feat. Youssoupha - Il se passe quelque chose.mp3,"La Fouine,  feat. , Youssoupha",Il se passe quelque chose,,2013-02-04,218.592625,80.74951171875,0.2823129594326019,1.0,3403.7762582801115,3035.992292561169,0.141257082345685,-34.90468215942383,44.39950942993164,0.37768328189849854,-1.186898112297058,-4.508054733276368,-3.4185559749603276,0.9475407600402832,10.92799949645996,-0.5080423951148987,13.35195255279541,4.039675712585449,3.2982363700866695,0.6953157186508179,3175.0,1070.0
La Fouine feat. Zaho - Ma meilleure.mp3,"La Fouine,  feat. , Zaho",Ma meilleure,,2013-02-04,305.05333333333334,172.265625,0.2633269131183624,5.0,2841.027112459265,2891.003594458305,0.1169242740784636,-25.60033416748047,70.08195495605469,15.208186149597168,23.91266632080078,3.503967523574829,12.31285572052002,0.9474871158599854,7.594942569732666,3.4035375118255615,6.794705867767334,4.206302642822265,3.748189687728882,1.7598847150802612,27104.0,6845.999999999985
Lady Gaga - Hold My Hand.mp3,Lady Gaga,Hold My Hand,pop,2022-04-11,225.4889795918368,151.99908088235293,0.1576164364814758,2.0000000000000004,1910.5748457622112,2094.117800215465,0.0888101205737229,-132.69680786132812,115.72959899902344,-12.997395515441896,21.28042984008789,15.93864917755127,0.6741644740104675,10.834689140319824,6.576241493225098,-0.019108539447188377,11.603787422180174,-6.594750881195068,-0.3570091724395752,4.947683334350585,2737342.0,271822.0
Laeti - Bonhomme.mp3,Laeti,Bonhomme,,2021-10-10,123.35020408163264,143.5546875,0.3241483271121979,0.0,2400.024540895583,2590.918279157709,0.0752939513593266,-36.65647506713867,83.17196655273438,0.5030527114868164,29.101728439331048,8.774687767028809,8.095231056213379,12.820697784423826,20.487621307373047,4.086548805236816,6.16637134552002,0.14600348472595215,5.92232084274292,-0.14324365556240082,2417.0,521.0
Landy Feat. Niska - Millions d'euros.mp3,"Landy,  Feat. , Niska",Millions d'euros,,2020-12-18,159.13333333333333,89.10290948275862,0.1941836327314376,9.0,2106.663937865173,2381.918655831751,0.0812612244219233,-154.12030029296875,83.79280090332031,13.622808456420898,-1.0777080059051514,-11.593703269958496,2.3208158016204834,-5.471469402313232,-11.376676559448242,-13.15156364440918,-6.309239864349365,-8.498790740966797,-2.171317338943481,-9.754101753234863,71510.0,10534.0
Lara Fabian - Je t'aime.mp3,Lara Fabian,Je t'aime,ballad;french;pop,1997,263.139375,123.046875,0.0935351625084877,7.0,1553.4980477582712,2085.923944349319,0.0591294610463428,-235.0417938232422,129.0176544189453,23.72840118408203,21.969425201416016,17.679386138916016,3.864667892456055,8.534895896911621,-0.693148732185364,-1.0006483793258667,3.347740411758423,-8.611917495727539,-1.3226038217544556,-3.465874433517456,369570.0,58054.0
Lartiste feat. Awa Imani - Chocolat.m4a,Lartiste feat. Awa Imani,Chocolat,,,233.7219047619048,107.666015625,0.2164322435855865,2.0000000000000004,2057.0335778323124,2324.649618570871,0.0762824185492453,-118.38507080078124,104.9323959350586,11.565655708312988,6.834685802459717,7.585097789764404,14.792180061340332,0.5061152577400208,2.3568716049194336,-1.508724570274353,1.8283175230026245,-4.540768623352051,5.226084232330322,3.8268797397613534,286.0,82.99999999998545
"Le classico organisé, Jul, PLK, SCH, Gazo, Soso Maness, Kofs, Guy2Bezbar, Naps - Le classico organisé.mp3","Le classico organisé, , , Jul, , , PLK, , , SCH, , , Gazo, , , Soso Maness, , , Kofs, , , Guy2Bezbar, , , Naps",Le classico organisé,,2021-11-05,391.7061224489796,92.28515625,0.2151479572057724,11.0,1824.568350731208,2059.0546499281413,0.0798876499613003,-107.13495635986328,118.67420959472656,2.9798145294189453,14.514403343200684,-0.7677003741264343,2.029501914978028,-6.824350833892822,-1.8285557031631472,-5.773991107940674,2.189640045166016,2.8971903324127206,6.436642646789551,-1.1377453804016113,92280.0,11797.0
Niska - D.M.B.mp3,Lee Banyard,Track 15,,2000,184.8992,135.99917763157896,0.2580036222934723,8.0,2561.585121642792,2584.580390574068,0.106144671838719,-68.52572631835938,82.40684509277344,3.2640702724456787,-0.4464935064315796,-9.109628677368164,-2.461861610412598,-20.777006149291992,-0.14802895486354806,-10.503389358520508,-3.723407506942749,-9.083606719970703,-3.773950815200805,-8.574406623840332,93704.66666666674,9434.249999999985
Lefa - Tu m'as volé.mp3,Lefa,Tu m'as volé,,2016-01-29,181.704,103.359375,0.2755191326141357,11.0,2584.38237417218,2571.6005999634617,0.1158528519857778,-15.822035789489746,84.27297973632812,-0.4996497631072998,32.24863815307617,-1.8192100524902335,7.536965847015381,-4.432638168334961,6.272068500518799,-9.693344116210938,3.211948871612549,-7.0238938331604,-1.691791534423828,-5.5402913093566895,2178.0,500.0
Lefa - Solitaire.mp3,Lefa,Solitaire,,2017-09-22,223.392,129.19921875,0.1548520028591156,1.0,2790.381058194178,2409.32342799979,0.1490123264560758,-151.2908935546875,66.50223541259766,-7.590419769287111,-14.873587608337399,-2.4906466007232666,-9.830801010131836,-5.678700923919678,-12.416749954223633,-21.15732192993164,-12.366515159606934,-8.965974807739258,3.76024866104126,-1.4463651180267334,13284.0,2739.0
Lefa feat. Dosseh - Spécial.mp3,"Lefa,  feat. , Dosseh",Spécial,,2020-07-10,174.49795918367346,151.99908088235293,0.2005961090326309,7.0,2323.289576351176,2390.791383721943,0.0884204781830495,-112.3879165649414,90.25550079345705,13.310187339782717,14.77263355255127,2.5687050819396973,10.326016426086426,-4.6362833976745605,7.868733882904053,-8.055549621582031,-0.394364297389984,2.164785385131836,1.7096920013427734,-0.13063304126262665,825.0,145.0
Lil Nas X - HOLIDAY.m4a,Lil Nas X,HOLIDAY,,,167.97315192743764,151.99908088235293,0.1487361341714859,7.0,2520.8470973611707,2785.525136599633,0.0919705323021478,-132.8123321533203,88.15738677978516,33.51295471191406,19.9910831451416,13.571916580200195,5.2527265548706055,2.8353385925292964,7.235488891601562,-4.7973504066467285,4.5497565269470215,-1.6937010288238525,6.772484302520752,0.865737795829773,2892209.0,366493.0
Lil Nas X - MONTERO (Call Me by Your Name) (But Lil Nas X Makes All the Sounds with His Mouth).mp3,Lil Nas X,MONTERO (Call Me by Your Name) (But Lil Nas X Makes All the Sounds with His Mouth),,2021-04-23,137.70430839002267,117.45383522727272,0.1761268675327301,3.0,2910.218553555,2861.390348574664,0.1209399338477167,-105.58289337158205,69.95048522949219,17.739681243896484,13.184361457824709,8.793702125549316,-0.0582447350025177,2.0150361061096187,-7.735241889953613,-5.968073844909668,-2.1449284553527828,-10.601370811462402,0.35781729221343983,-4.356908798217773,2511.0,838.0
montero_call_me_by_your_name_mp3_38758.mp3,Lil Nas X,MONTERO (Call Me by Your Name) (But Lil Nas X Makes All the Sounds with His Mouth),,2021-04-23,137.95265306122448,117.45383522727272,0.174547865986824,3.0,2902.9424448954014,2847.802198850669,0.1215759844233746,-106.60733032226562,70.20276641845703,17.550865173339844,13.003890991210938,9.046098709106444,0.4071270823478699,2.1344764232635494,-7.706620693206787,-6.331119060516357,-1.6861698627471924,-10.867232322692873,0.4057220220565796,-4.519408702850342,2511.0,838.0
Lil Nas X & Billy Ray Cyrus - Old Town Road (DJ Zinc Remix).mp3,"Lil Nas X,  & , Billy Ray Cyrus",Old Town Road (DJ Zinc Remix),,,157.28326530612244,135.99917763157896,0.2176347076892852,8.0,2211.8663380040207,2294.6674595505788,0.0853343290441176,-141.26194763183594,83.29415130615234,-0.41428396105766296,11.179971694946287,7.426326751708984,-8.943167686462402,-3.888868808746338,-5.699598789215088,-17.64594078063965,1.8193533420562744,-13.3782958984375,-0.2659938633441925,-4.778400897979736,13.0,7.0
Lil Tecca feat. Lil Yachty - BANK TELLER.mp3,"Lil Tecca,  feat. , Lil Yachty",BANK TELLER,,2021-09-01,177.10344671201815,143.5546875,0.1864287108182907,11.0,2485.570243836294,2409.6344767054948,0.1020704334365325,-117.39778137207033,75.66617584228516,-5.489238739013672,6.440855026245117,-3.161982297897339,-3.2559516429901127,-7.784747123718262,0.6776769161224365,-9.058157920837402,0.08737172931432724,-14.59026050567627,2.1448869705200195,-1.543612003326416,2452.0,404.0
Lorie - Je serai (ta meilleure amie) (Groove radio remix).MP3,Lorie,Je serai (ta meilleure amie) (Groove radio remix),,2001-11-19,210.920625,107.666015625,0.1824574619531631,4.0,2792.644991696124,2556.569699903315,0.145342469584462,-59.88676834106445,68.38819122314453,-9.792906761169435,28.73775291442871,0.6533455252647404,10.020241737365724,5.376582622528076,13.276081085205078,-2.1795148849487305,9.98493480682373,-1.575514793395996,5.388479232788086,-4.109302997589111,52.0,20.000000000014552
Lost Area - Mirror.mp3,Lost Area,Mirror,,2010-04,242.184,151.99908088235293,0.1046262606978416,7.0,2199.418229995428,2624.4360990636737,0.0808691255079334,-165.4344940185547,112.9236068725586,22.68287467956543,7.967637538909912,14.302163124084473,0.24342992901802063,1.43335771560669,-2.9682984352111816,-9.006794929504395,0.23935002088546753,-5.830971717834473,-0.5562122464179993,-4.742849826812744,5445.0,1543.9999999999854
Louane - Aimer à mort.mp3,Louane,Aimer à mort,,2020-10-23,172.54,99.38401442307692,0.0808252766728401,9.0,1592.101697960139,1754.3020121396069,0.0789537931743421,-229.7860412597656,138.5970916748047,-9.125240325927736,-4.2667436599731445,10.897808074951172,-5.02806282043457,-1.358251690864563,-7.425835609436035,0.5190097093582153,4.215056896209717,-7.022464752197266,-1.9634684324264529,-4.027594089508057,86214.0,15705.0
Lucenzo - Baila pa mí.mp3,Lucenzo,Baila pa mí,,2022-04-11,162.82122448979592,95.703125,0.1573176383972168,7.0,2290.778842668489,2287.616832261972,0.1028245860947175,-149.25363159179688,87.56694793701172,-4.006720066070557,2.538390636444092,-2.458566665649414,4.94526481628418,-3.816033601760864,-1.6443506479263303,-7.415263652801514,2.080747365951538,-1.7531750202178955,-0.5538522601127625,-1.937485814094544,407215.6666666665,45930.999999999985
Lucky Dube - I've Got You Babe.mp3,Lucky Dube,I've Got You Babe,,1988,253.421875,172.265625,0.1233110204339027,7.0,2645.7347748857533,2765.646359305952,0.1061894561484133,-117.78116607666016,77.41769409179688,14.152836799621582,18.85507202148437,-0.2808118760585785,0.7726854085922241,-7.509260177612305,5.554591655731201,-10.779727935791016,-1.7984987497329712,-6.20292854309082,-1.8562361001968384,-2.6054346561431885,36182.0,8101.0
Luis Fonsi + Ozuna - Imposible.mp3,"Luis Fonsi,  + , Ozuna",Imposible,,2018-11-30,164.53333333333333,184.5703125,0.1823943257331848,3.0,2971.441519829604,2921.5416286146933,0.1176493263835139,-83.3204116821289,63.06100082397461,14.760037422180176,11.717975616455078,-0.7378931045532227,6.448646545410156,-6.227566242218018,-1.5261670351028445,-1.5711463689804077,4.685440540313721,2.203111171722412,-0.4073576927185058,-0.6744528412818909,320885.0,57834.99999999999
Luis Fonsi ft. Daddy Yankee - Despacito.mp3,"Luis Fonsi,  ft. , Daddy Yankee",Despacito,latin;pop,2017-01-13,281.544,89.10290948275862,0.1030076593160629,2.0000000000000004,2293.707198537423,2391.435847627482,0.1083933354900348,-165.548828125,88.99343872070312,-7.409223556518555,13.113253593444824,-3.148066997528076,4.686015129089356,-6.189726829528809,0.35032781958580017,-10.759305953979492,-5.342270851135254,-3.3109071254730225,-1.2874864339828491,-2.516530036926269,3226152.0,585306.0
Lukas Graham - 7 Years.m4a,Lukas Graham,7 Years,pop,1970,239.3512925170068,117.45383522727272,0.0871547907590866,10.0,1928.3892522005244,2229.221690823114,0.0824431900638544,-230.8025665283203,107.72945404052734,10.271121978759766,4.939220428466797,1.002015590667725,-2.679397583007813,-10.86656188964844,-4.029958248138428,-16.144224166870117,1.486604928970337,-7.215263366699219,-5.670247554779053,-10.497418403625488,7222733.0,861071.0
Lynda feat. Dadju - Adieu.m4a,Lynda feat. Dadju,Adieu,,,219.2790929705216,117.45383522727272,0.1589013636112213,8.0,2513.14618334178,2629.6982023137125,0.0971008867671246,-128.8068084716797,82.19647216796875,1.241976022720337,9.691143035888672,-2.3708558082580575,-7.0860915184021,-2.200493097305298,-10.75533390045166,-2.41542387008667,-2.2897839546203613,-16.454980850219727,-5.282053470611572,-11.1746826171875,30.0,14.0
"Lyrical Lemonade, Juice WRLD & Cordae - Doomsday.mp3","Lyrical Lemonade, , , Juice WRLD,  & , Cordae",Doomsday,,2023-08-02,345.6,92.28515625,0.1522981226444244,8.0,2195.2606699759035,2303.5456016425005,0.1090182372291021,-162.47982788085938,94.31350708007812,0.25569820404052734,15.155921936035156,20.21334648132324,4.876574993133545,-0.2580561637878418,5.076058864593505,-2.6543197631835938,2.6153266429901123,-2.836935043334961,-1.0957845449447632,1.9380251169204712,6825.0,2437.0
Lââm - Jamais loin de toi.mp3,Lââm,Jamais loin de toi,pop,1999,278.977625,112.34714673913044,0.1346480250358581,9.0,1533.6647214418456,2261.11345968288,0.0453128401339976,-201.46432495117188,112.5444564819336,35.01752853393555,33.09659194946289,17.660234451293945,17.159582138061523,12.731843948364258,1.7231115102767944,3.39561128616333,2.9903509616851807,-5.202749252319336,3.96410083770752,-1.4068809747695927,3935.0,770.0
MEDUZA feat. Goodboys - Piece of Your Heart.mp3,"MEDUZA,  feat. , Goodboys",Piece of Your Heart,house;pop;dance,2019-02-01,181.3420408163265,117.45383522727272,0.1788672357797622,11.0,3097.345967173349,2803.3921322559777,0.1343841080326044,-89.1558837890625,64.11180877685547,3.8421781063079834,5.322857856750488,-2.3817410469055176,-0.10486293584108353,-6.63521671295166,0.9773430824279785,-11.648798942565918,5.775627136230469,-6.628425598144531,0.5294057130813599,-7.549086570739746,3340762.0,399647.0
"MHD - Afro Trap, Part. 3 (Champions League).m4a",MHD,"Afro Trap, Part. 3 (Champions League)",,,153.2517006802721,123.046875,0.2244042307138443,11.0,2545.5251855911424,2453.007461881836,0.117697889959849,-101.02281951904295,78.60516357421875,-5.612954616546631,13.482277870178224,20.1010684967041,10.961274147033691,1.1464722156524654,9.014284133911131,-9.20683765411377,1.945056438446045,-2.096884489059448,-0.4189185798168182,3.2370684146881104,2109.0,373.0
"MHD - Afro Trap, Pt. 7 (La puissance).m4a",MHD,"Afro Trap, Pt. 7 (La puissance)",,,140.10920634920635,117.45383522727272,0.2336688488721847,8.0,2956.186934161467,2668.025459117658,0.1495128903226586,-72.76825714111328,70.30412292480469,1.2216547727584839,-2.1122822761535645,-2.61110782623291,-9.960285186767578,-15.451123237609863,2.099491596221924,-10.851460456848145,-0.7099048495292665,-9.018543243408203,-7.823573112487793,-3.559637546539306,100.0,47.0
MHD - Afro Trap Part. 10 (Moula Gang).mp3,MHD,Afro Trap Part. 10 (Moula Gang),,2018-04-27,174.1322448979592,86.1328125,0.2459846287965774,1.0,2702.243072484737,2607.654954370624,0.1269102303236261,-51.341217041015625,72.56204986572266,-11.774846076965334,8.557632446289062,1.1178821325302124,9.772703170776367,-1.275346279144287,8.305272102355955,-1.9680163860321045,6.619816303253174,4.461005210876464,7.016513824462891,2.2935242652893058,875.0,15.0
MHD - Encore.mp3,MHD,Encore,,2018-09-19,200.09795918367348,112.34714673913044,0.2075775265693664,11.0,2474.9022217400925,2382.1946590096804,0.1160601447610294,-95.48282623291016,85.68394470214844,0.8880022168159485,8.571245193481445,3.469670295715332,4.6443963050842285,-11.55622673034668,-2.8954310417175293,-19.39661979675293,-0.8471280932426454,-3.1574132442474365,-2.3743579387664795,-2.375474214553833,25973.0,3884.0
MHD - Samedi dimanche.mp3,MHD,Samedi dimanche,,2018-09-19,182.7526530612245,129.19921875,0.2559956312179565,3.0,2536.527631596941,2579.2091000558444,0.1061095246589589,-50.208351135253906,92.64797973632812,9.563255310058594,-1.3876692056655884,0.2949828505516052,21.571393966674805,-9.249457359313965,6.689617156982422,-1.4481934309005737,-4.1116862297058105,-0.3002846539020543,2.884476900100708,-4.2750563621521,6911.0,1675.0
MHD - XIX.mp3,MHD,XIX,,2018-09-19,260.8326530612245,198.76802884615384,0.1241736784577369,2.0000000000000004,1812.8036622607087,2012.5617249512627,0.0798271816950464,-171.6490936279297,123.47760009765624,-6.8384318351745605,17.72145652770996,1.9848933219909668,-3.8647129535675053,-2.9172582626342773,0.25387540459632874,-15.319104194641112,-4.7485089302063,-6.537328720092773,-7.875844955444336,-1.819275140762329,36979.0,4968.0
mhd_afro_trap_part.11_king_kong_mp3_78642.mp3,MHD,Afro Trap Part. 11 (King Kong),,2021-07-15,155.06285714285715,123.046875,0.2420194894075393,0.0,2786.9850210447244,2679.422735955035,0.1159896614381772,-61.067665100097656,73.82328796386719,10.596406936645508,13.176523208618164,5.07225227355957,13.326662063598633,-1.2170435190200806,6.267079830169678,-5.974388122558594,1.0410237312316897,1.4676424264907837,-0.05234400182962409,-1.1657657623291016,168817.0,20256.000000000015
MHD feat. Dadju - Bébé.mp3,"MHD,  feat. , Dadju",Bébé,,2018-09-19,245.76,103.359375,0.1411088854074478,8.0,2088.156001353504,2261.173422772605,0.0791550391229682,-164.2984161376953,103.5550765991211,15.283117294311523,4.954680442810059,5.018601417541504,13.432753562927246,-3.3907153606414795,2.5509181022644043,-5.034737586975098,4.489379405975342,0.34562909603118896,2.2268025875091557,1.4124066829681396,107614.0,14987.0
MHD feat. OrelSan - Le temps.mp3,"MHD,  feat. , Orelsan",Le temps,,2018-09-19,213.52489795918368,135.99917763157896,0.1992235034704208,11.0,2360.7294516285624,2425.750045046548,0.1039449496904024,-85.4916763305664,92.19856262207033,0.05314537137746811,21.22056007385254,-6.156243801116944,-3.081013917922974,-0.34643158316612244,1.3820765018463137,-14.318739891052246,-0.12387906759977341,-5.079927921295166,-1.6493524312973022,-0.34294047951698303,20757.0,3253.0
MHD feat. Tiakola - Pololo.mp3,"MHD,  feat. , Tiakola",Pololo,,2021-07-15,195.024,107.666015625,0.2634425461292267,8.0,2790.9885452950343,2876.1144544334697,0.1143997239623645,-47.71688461303711,83.6876220703125,10.033523559570312,3.8707520961761475,1.5044128894805908,-8.367175102233887,4.537173748016357,-3.687607765197754,-10.551895141601562,5.3581719398498535,-4.144974708557129,2.6845204830169687,-3.927144050598145,106935.0,14802.0
MHD feat. Wizkid - Bella.mp3,"MHD,  feat. , Wizkid",Bella,,2018-11-30,183.7975510204081,103.359375,0.2163751125335693,9.0,2324.886973489424,2452.460850843954,0.0896982482343266,-97.58853912353516,86.7274169921875,15.799574851989746,13.48818302154541,-7.232853412628175,8.7379150390625,-5.167148590087891,-0.27891272306442283,-13.55733871459961,-0.6553182005882264,-2.073073148727417,-3.382139682769776,-2.9879281520843506,191180.0,27509.0
Mabel - Don’t Call Me Up (stripped).mp3,Mabel,Don’t Call Me Up (stripped),,2020-07-31,194.6122448979592,99.38401442307692,0.0899444669485092,11.0,2762.2205717481165,2750.728477118562,0.1162574224796826,-192.6691131591797,69.90426635742188,-1.051117181777954,7.562025547027588,7.620519161224365,-14.849553108215332,8.325311660766602,-14.540806770324707,-15.460687637329102,7.663074016571046,-16.422513961791992,-3.2658154964447017,-5.217672348022461,22.0,12.0
Maes feat. Ninho - Distant.mp3,"Maes,  feat. , Ninho",Distant,,2020-01-17,197.1605,135.99917763157896,0.1066659390926361,4.0,1083.2942851442135,874.4572777230628,0.0728750317458397,-243.4092254638672,181.93701171875,-37.61424255371094,-7.699159145355221,-2.453612804412842,-19.30268859863281,-5.526028633117676,-5.048449993133545,-9.094983100891112,-2.746590614318848,1.8096352815628043,-7.896683692932128,-3.3560829162597656,278601.0,23317.0
Major Lazer & Khalid - Trigger.mp3,"Major Lazer,  & , Khalid",Trigger,contemporary;rnb;dancehall,2018-10-19,175.49061224489796,123.046875,0.2052609920501709,3.0,2546.3278041798344,2430.54077922877,0.0932235481569272,-111.12867736816406,68.55641174316406,-10.263219833374025,10.36874771118164,-7.073133468627931,6.545874118804932,-4.994757652282715,5.886664390563965,-1.2786927223205566,4.963308811187744,-0.3078231513500218,4.921072483062744,0.35940802097320557,568233.0,119331.0
Major Lazer feat. Justin Bieber & MØ - Cold Water.mp3,"Major Lazer,  feat. , Justin Bieber,  & , MØ",Cold Water,contemporary;rnb;dancehall;electronic;pop;house;rock,2016-07-22,188.52,123.046875,0.2026072889566421,1.0,2261.230232056445,2393.506924006073,0.0974888284878096,-95.84952545166016,102.69677734375,-12.282236099243166,7.220759868621826,6.167237758636475,-1.2254918813705449,-1.6809061765670776,6.402158737182617,-4.705800533294678,5.207992076873779,-4.051560401916504,0.860862910747528,-1.612761378288269,2417366.0,375782.0
Marc Anthony - I Need You.mp3,Marc Anthony,I Need You,latin;pop;rock,2002-01,250.646,184.5703125,0.2833144962787628,7.0,1674.71523405477,1758.6702010246804,0.0810390035434404,-86.69013977050781,133.1864013671875,-34.31496810913086,57.241546630859375,-26.152761459350582,28.23612594604492,-15.32120132446289,7.47008466720581,-0.9434313774108887,-5.266884326934815,6.636833667755126,-17.529823303222656,10.010095596313477,83949.0,22509.000000000015
Maroon 5 - Shiver.mp3,Maroon 5,Shiver,,,270.816,129.19921875,0.1709815412759781,0.0,1918.333955210963,2237.8983274591865,0.0685657229585913,-158.7884063720703,99.8990478515625,25.14583969116211,27.598466873168945,11.171231269836426,11.274344444274902,-1.5418500900268557,-0.9913946986198423,-4.527372360229492,-3.3195290565490723,-7.237014293670654,-5.115013599395752,-3.151553153991699,2461310.0,498121.0
Maroon 5 - Memories.mp3,Maroon 5,Memories,folk;jazz;pop;rnb;rock,2019-09-20,195.144,172.265625,0.1427740603685379,11.0,1804.2031606315447,2118.1537599675285,0.0717790444199883,-159.57986450195312,115.50885009765624,2.9282431602478027,11.310760498046877,-1.4594378471374512,8.876934051513672,-14.478344917297363,-3.533754825592041,-11.797659873962402,-7.567847728729248,-6.951982021331787,-8.174546241760254,-7.6775288581848145,5229800.0,683092.0
Maroon 5 feat. Wiz Khalifa - Payphone (Supreme Cuts remix).mp3,"Maroon 5,  feat. , Wiz Khalifa",Payphone (Supreme Cuts remix),alternative;pop;rock;contemporary;electronic,2012-06-20,279.432,107.666015625,0.0173192508518695,11.0,2233.714248575214,2468.6878553999027,0.0906731100643382,-332.09844970703125,91.55368041992188,3.712815046310425,23.282712936401367,4.161556243896484,10.248774528503418,-0.2234204113483429,6.3345136642456055,-3.5107829570770264,2.6803779602050777,-0.7438787221908565,-0.6338486075401306,0.48304036259651184,18455.0,4905.999999999985
Marshmello & Anne‐Marie - Friends.mp3,"Marshmello,  & , Anne‐Marie",Friends,dance;electronic;pop;rnb,2018-02-09,233.8481632653061,95.703125,0.2248812168836593,0.0,2574.364692284142,2434.7068629648115,0.1167789612761222,-96.20074462890624,55.29385757446289,-4.694381713867189,7.318143844604492,-3.268465518951416,0.5545744895935059,2.3281855583190914,-8.53603744506836,-7.18560266494751,-3.1222622394561768,-14.194782257080078,-4.505556106567383,-12.1897611618042,4684635.0,670183.0
Maître Gims - Brisé.m4a,Maître Gims,Brisé,,,217.33877551020407,107.666015625,0.1966210305690765,3.0,2296.290392306896,2241.732276738966,0.1138685480359907,-59.53505325317383,88.31270599365234,-25.719621658325195,36.820308685302734,9.232863426208496,4.977663040161133,-3.0658411979675293,7.602377414703369,-3.7480764389038086,-1.2945189476013184,-5.5104594230651855,-1.2789651155471802,-7.521685600280762,28115.0,3460.0
Megan Thee Stallion - B.I.T.C.H..m4a,Megan Thee Stallion,B.I.T.C.H.,,,209.76907029478457,86.1328125,0.1635157167911529,11.0,2052.190215937218,2274.9105487630995,0.0769396330180921,-157.1421661376953,94.63455200195312,2.751776933670044,11.54651165008545,-0.5406023859977722,4.730050086975098,-0.2694522738456726,3.582185745239258,-2.496293783187866,2.956312656402588,-2.31961727142334,-0.3654371201992035,-1.7437951564788818,1394005.0,163467.0
Megan Thee Stallion - Body.mp3,Megan Thee Stallion,Body,,2020-11-20,173.9,184.5703125,0.3893289566040039,5.0,2573.377929245162,2846.8166179917234,0.062260772421633095,-68.91290283203125,65.67498016357422,10.522331237792969,17.554290771484375,14.959809303283691,8.783756256103516,12.49423789978027,19.162879943847656,-2.163701295852661,7.455679893493653,1.8476710319519043,8.819847106933594,4.2457427978515625,3291930.0,455300.0
Meghan Trainor - To the Moon.mp3,Meghan Trainor,To the Moon,pop,2024-05-03,156.1077551020408,71.77734375,0.1750413179397583,9.0,2433.130406222184,2695.1488185456187,0.0792459304856811,-173.18478393554688,68.65979766845703,14.075977325439451,25.481121063232425,23.55305862426757,11.21738338470459,1.2938257455825801,4.587889194488525,-1.773397445678711,2.909686088562012,-8.898514747619629,1.386345386505127,-2.130868673324585,329531.0,54858.0
Meryl - Billets.m4a,Meryl,Billets,,,213.0663038548753,123.046875,0.2411866784095764,0.0,2584.3584363538803,2738.1080835734,0.100947991244195,-74.78114318847656,88.3071517944336,13.358951568603516,2.414228677749634,1.589894413948059,1.7336077690124512,-0.8841651082038879,-1.0909411907196047,-4.831362724304199,4.523664474487305,-5.050049304962158,1.3031504154205322,-6.050535678863525,8646.0,1243.0
Meryl feat. Le Motif - La brume.m4a,Meryl feat. Le Motif,La brume,,,192.14512471655328,80.74951171875,0.1826494485139846,11.0,2241.084061440912,2519.927045376466,0.0741486446038119,-154.77328491210938,94.90476989746094,30.123510360717773,5.548125267028809,4.717261791229248,-2.6610784530639653,2.464170932769775,-8.042034149169922,-7.580821990966797,4.259230613708496,-9.322269439697266,-2.744922637939453,-7.260278224945068,50.0,4.0
Metro Station - Disco.mp3,Metro Station,Disco,electronic;pop,2007-09-18,153.8,151.99908088235293,0.2181908339262008,2.0000000000000004,1744.16020292567,1932.19411257,0.0731055670109326,-103.80894470214844,134.11758422851562,-1.8103904724121094,12.81916046142578,7.893988609313965,5.936945915222168,-0.6763998866081238,2.4434938430786133,-1.616814136505127,4.438671588897705,-1.984035611152649,3.0875239372253422,-2.319921970367432,903317.0,119938.0
Metro Station - Shake It.mp3,Metro Station,Shake It,electronic;rock;alternative;dance;indie;pop,2007-09-18,185.28,112.34714673913044,0.2057921290397644,5.0,1677.374653641984,1863.7083116687013,0.0779192189314048,-145.77938842773438,125.47803497314452,22.976638793945312,17.895214080810547,2.3383629322052,6.8905463218688965,-13.474578857421877,8.814649581909178,-6.901328086853027,-6.785179615020751,0.7192713618278503,-5.883235931396484,-2.7873213291168213,9368609.0,1019960.0
Migos feat. Drake - Walk It Talk It.mp3,"Migos,  feat. , Drake",Walk It Talk It,hip_hop;pop;rap;trap,2018-01-26,277.296,143.5546875,0.2912377417087555,9.0,1995.023765975107,2109.949362431328,0.086003070276219,-136.92141723632812,112.30634307861328,28.617477416992188,16.217844009399414,-3.7083470821380624,14.850991249084473,-0.51829993724823,11.98713493347168,9.598601341247562,4.400277137756348,2.889085054397583,7.832345485687256,0.5653754472732544,4036769.0,530183.0
Migos feat. Lil Uzi Vert - Bad and Boujee.mp3,"Migos,  feat. , Lil Uzi Vert",Bad and Boujee,rap;trap,2016-10-28,334.96816326530615,129.19921875,0.2805160284042358,5.0,2220.729489491913,2587.394886250468,0.060233195868808,-100.09883880615234,94.335693359375,17.772987365722656,15.547983169555664,12.813288688659668,2.2101919651031494,0.3256259560585022,3.783160448074341,-1.1558092832565308,3.7640285491943364,0.5383268594741821,0.8482280373573302,1.4842997789382935,236570.0,33975.0
Miley Cyrus - Midnight Sky.mp3,Miley Cyrus,Midnight Sky,pop;rock,2020-08-14,222.9028571428572,112.34714673913044,0.2651723027229309,11.0,1968.5040125987764,2302.4879533014173,0.0747752470128676,-94.40985107421876,99.3989486694336,0.42394793033599854,18.54242515563965,7.060426712036133,9.56315803527832,7.397199630737305,4.48618745803833,2.680973529815674,5.190183162689209,-0.5162021517753601,4.971939563751221,0.02007385902106762,11219917.0,668895.0
Miranda Lambert - Tourist.mp3,Miranda Lambert,Tourist,,2022-04-29,211.92,151.99908088235293,0.2108706533908844,10.0,2830.4930458489307,2696.870166907755,0.124394372520801,-80.6581039428711,71.18939971923828,-1.113129734992981,10.416356086730955,3.1409380435943604,3.840603828430176,1.3010702133178706,4.577413082122803,-0.39252933859825045,3.0918922424316406,-2.433817148208618,5.691767692565918,-2.815131187438965,35211.0,5778.0
Mona Evie - Justin Bieber.mp3,Mona Evie,Justin Bieber,,2023-01-28,212.3755102040816,151.99908088235293,0.110413484275341,2.0000000000000004,1080.3549300938828,1286.047554078045,0.0503617514028637,-247.17930603027344,145.35110473632812,11.732247352600098,7.545276165008545,5.325730800628662,0.3662477731704712,-4.223293304443359,-5.545178413391114,-5.268613815307617,-3.498936414718628,-3.732095241546631,-0.967976450920105,-3.7074360847473145,5108.0,411.0
Moneybagg Yo - See Wat I’m Sayin.mp3,Moneybagg Yo,See Wat I’m Sayin,,2022-05-27,146.41632653061225,135.99917763157896,0.2927128970623016,5.0,2340.688156890863,2728.497122757839,0.062211264028637706,-116.26234436035156,83.13070678710938,28.56371307373047,13.26239013671875,15.77255630493164,14.536728858947754,-0.41175827383995056,15.72488021850586,1.9328038692474365,2.1254703998565674,11.454961776733398,11.704485893249512,5.449899673461913,373702.0,68309.0
Moneybagg Yo with Jhené Aiko - One of Dem Nights.mp3,"Moneybagg Yo,  with , Jhené Aiko",One of Dem Nights,,2021-10-22,142.02775510204083,129.19921875,0.2976547479629516,3.0,2342.431536899426,2759.471341920152,0.0617577520317337,-105.46238708496094,87.23695373535156,41.74618148803711,25.19970321655273,9.99756145477295,11.715086936950684,6.88783073425293,5.328274726867676,9.001462936401365,2.2561349868774414,0.9149896502494812,0.029088590294122613,-1.0857627391815186,1238.0,388.0
Mr. Eazi feat. Tekno Miles - Short Skirt.mp3,"Mr Eazi,  feat. , Tekno Miles",Short Skirt,,2017-02-10,162.5419375,103.359375,0.2061573415994644,10.0,2501.487420435179,2739.196735146142,0.0867749854876161,-95.2042236328125,83.5417709350586,16.065786361694336,12.9229736328125,4.672506809234619,1.922107815742493,1.7984893321990971,6.555546283721924,-12.873976707458496,5.586647987365723,-1.8271727561950686,0.5705589056015015,-0.06896330416202545,6802.0,1437.0
Mr Eazi x Major Lazer ft. Nicki Minaj & K4mo - Oh My Gawd.mp3,"Mr Eazi,  x , Major Lazer,  ft. , Nicki Minaj,  & , K4mo",Oh My Gawd,pop;dance,2018-10-19,158.834875,123.046875,0.2404157370328903,10.0,2349.914793033149,2584.8756774239087,0.0917798683001161,-94.02783966064452,92.1100845336914,24.598249435424805,16.278032302856445,12.239293098449709,1.6859173774719238,-8.663896560668945,5.785664081573485,-14.02010440826416,0.554142415523529,-6.264096736907959,0.30593153834342945,-2.16568660736084,46449.0,9118.0
Mylène Farmer & Seal - Les Mots.mp3,"Mylène Farmer,  & , Seal",Les Mots,electronic;french;house;pop;soul,2001-11-27,282.3916875,123.046875,0.1183242201805114,8.0,2676.500199663264,2779.0877172985247,0.1000024187306501,-101.83419799804688,80.38990783691406,4.62795877456665,17.27488899230957,5.127241611480713,20.766679763793945,3.4805715084075923,8.890253067016602,-2.061666250228882,10.17276382446289,-6.997639656066895,6.68280029296875,-2.745030403137207,63079.0,11886.0
Naira Marley - Soapy.mp3,Naira Marley,Soapy,,2021-12-10,175.46448979591835,123.046875,0.2018244564533233,5.0,2176.5662501508714,2387.1404573169825,0.0808279315015479,-92.13128662109376,92.83511352539062,0.4591010510921478,16.913938522338867,2.1168065071105966,15.623041152954102,3.3678231239318843,3.9465906620025644,-2.734118700027466,5.45140552520752,1.1161348819732666,5.598303794860839,-0.7221022248268127,77781.0,11364.0
Naps feat. Gims - Best Life.mp3,"Naps,  feat. , GIMS",Best Life,,2021-09-29,189.44,135.99917763157896,0.2244614660739898,10.0,2608.961038189738,2543.3916664189296,0.1147579984399187,-91.966552734375,73.24054718017578,-7.259165287017822,-0.9797529578208923,-7.968149662017823,-4.070039749145508,-18.193416595458988,-4.178043365478516,-16.18714714050293,-5.876440525054932,-16.0134334564209,-8.31623363494873,-6.118626594543457,244571.0,30780.0
naps_ft._gims_best_life_clip_officiel_mp3_59400.mp3,"Naps,  feat. , GIMS",Best Life,,2021-09-29,197.2244897959184,135.99917763157896,0.2124919146299362,10.0,2565.33060269652,2533.6877583143764,0.1140612906346749,-94.46061706542967,77.34002685546875,-2.750331401824951,2.8886048793792707,-3.80289387702942,-0.652061820030212,-14.596969604492188,-1.22046172618866,-12.852887153625488,-3.267900228500366,-13.53345966339111,-6.17170524597168,-4.2837324142456055,244571.0,30780.0
Naps feat. Gazo - Vamos.mp3,"Naps,  feat. , Gazo",Vamos,,2022-06-17,241.28,69.83741554054055,0.1679366677999496,11.0,2706.576415865295,2450.481597316464,0.1267246683315596,-109.434814453125,72.39014434814453,-8.82536315917969,-0.3309556841850281,-16.736433029174805,-0.2532346844673157,-17.73491096496582,2.520638227462769,-5.754082679748535,-4.155377864837647,-9.913692474365234,-2.7264411449432373,1.3066340684890747,126478.0,13574.000000000015
Naps feat. Ninho - 6.3.mp3,"Naps,  feat. , Ninho",6.3,,2020-02-28,216.81632653061223,117.45383522727272,0.189737394452095,8.0,1999.881529981284,2227.547992714381,0.0849618823166602,-122.95629119873048,105.51549530029295,3.8113245964050293,13.934844017028809,3.0224945545196533,-9.832109451293944,-1.6983380317687988,-0.6450310349464419,-20.866004943847656,-3.1967172622680664,-2.778988838195801,-7.259340286254883,-5.5692877769470215,241376.0,22925.0
Natasha St‐Pier - Tu trouveras.mp3,Natasha St‐Pier,Tu trouveras,ballad;french;pop,2002-03-19,222.384,143.5546875,0.3038309812545776,6.0,1273.874063499121,1466.8054716257266,0.0545998210139318,-124.4701919555664,145.2929229736328,-14.346656799316408,44.57494735717772,-14.12979793548584,8.452624320983887,-7.858814239501953,1.6157747507095337,-3.759156465530396,-1.873340487480164,0.7264782190322876,-10.502009391784668,6.205170154571532,156.0,82.0
Natasha St‐Pier et Florent Pagny - Là-bas.mp3,"Natasha St‐Pier,  et , Florent Pagny",Là-bas,,2003-09-01,308.1745,99.38401442307692,0.0918339788913726,2.0000000000000004,1165.7378764511402,1625.102115288755,0.0550334918609713,-232.9994659423828,156.03443908691406,8.941450119018555,20.841358184814453,11.62747573852539,0.8706090450286865,3.966460466384888,2.22579288482666,-5.302534103393555,-3.1816210746765137,-6.799317359924316,3.087343692779541,-2.60109281539917,20.0,15.0
Naza - Happy birthday.mp3,Naza,Happy birthday,,2018-05-03,226.56,151.99908088235293,0.1608883440494537,9.0,1969.7472128727336,2134.913930457561,0.0827859695481811,-131.10450744628906,109.19022369384766,-3.4799773693084717,7.71233892440796,7.400032520294189,-1.9075088500976558,1.533071637153626,-0.22275942564010642,-10.6878023147583,0.3054841756820678,-11.113632202148438,-7.405076026916504,-5.757778644561768,15058.0,5174.000000000015
Naza - Faut pardonner.mp3,Naza,Faut pardonner,,2020-11-13,200.016,103.359375,0.1275677978992462,4.0,1333.2697140528794,1512.9470060213755,0.0617294075319272,-238.40554809570312,116.87545776367188,32.481407165527344,12.305425643920898,0.48034194111824036,-19.843799591064453,-6.785162925720215,-8.751178741455078,-23.167734146118164,-6.817646503448486,-10.577247619628906,-4.543044567108154,-4.141067028045654,21614.0,3961.0
Naza feat. Niska - Joli Bébé.mp3,"Naza,  feat. , Niska",Joli Bébé,,2020-11-06,173.374693877551,103.359375,0.2986025214195251,6.0,2071.918549000768,2488.832190861928,0.069820250520027,-112.77837371826172,98.77383422851562,21.58782386779785,8.517193794250488,17.236114501953125,-12.082592010498049,-0.6414551138877869,-3.9680044651031485,-20.158042907714844,-0.3053549230098723,-13.446441650390621,0.9910529851913451,-9.13133716583252,193599.0,25963.000000000015
Neffex - Unstoppable.m4a,Neffex,Unstoppable,,,204.09324263038548,161.4990234375,0.2534390389919281,4.0,2260.8535138332363,2243.122490083411,0.1027469221652476,-58.80922317504883,94.91961669921876,-6.312722206115723,34.94179153442383,2.487323760986328,8.678085327148438,2.5124771595001216,5.274239540100098,-2.575676679611206,1.3178735971450806,-3.4996492862701416,1.1779850721359253,-4.647103786468506,95416.0,12671.0
Nekfeu - Chanson d’amour.mp3,Nekfeu,Chanson d’amour,,2019-06-21,222.94666666666663,123.046875,0.2311487793922424,2.0000000000000004,1898.2661158620613,2257.030858650175,0.0641010863124032,-139.2707061767578,96.59504699707033,22.79819679260254,22.16766357421875,7.778247833251953,12.245199203491213,-11.116267204284668,-7.924134254455566,-23.28131103515625,-11.08353042602539,-11.283437728881836,-6.431060314178467,-6.441112041473389,28.0,10.0
Nekfeu - On verra (instrumentale).mp3,Nekfeu,On verra (instrumentale),,2015-12-04,205.64,151.99908088235293,0.158068835735321,0.0,1708.968459173306,2014.5293700433976,0.0640918271091331,-150.5294189453125,125.32691192626952,1.0624451637268066,20.25426483154297,4.64727783203125,4.691100597381592,-4.175175666809082,3.984558582305908,-6.982543468475342,-0.3172852098941804,-5.847956657409668,-3.1937971115112305,-1.231054186820984,192.0,63.0
Nekfeu_-_On_Verra_(Clip_Officiel)(128k)-1.mp3,Nekfeu,On verra (instrumentale),,2015-12-04,205.6620408163265,151.99908088235293,0.1862398087978363,0.0,1990.1867858419405,2313.560763333211,0.0696989360608552,-127.0492706298828,110.2630386352539,10.356760025024414,12.925450325012209,8.177922248840332,1.6062437295913696,-2.8968281745910645,1.9033715724945068,-7.090141773223877,-1.658679485321045,-6.730152606964111,-3.5316381454467773,-2.618446350097656,192.0,63.0
Nekfeu - 1er Rôle.mp3,Nekfeu,1er Rôle,,2019-06-06,266.68408163265303,123.046875,0.2197014838457107,1.0,1691.1499190007555,2002.152110911618,0.061705787115421795,-141.13235473632812,114.40335845947266,27.085922241210938,24.025793075561523,16.180673599243164,-4.157065391540527,-10.13367748260498,-3.7573254108428955,-5.930593013763428,-0.03289227932691574,-6.110266208648682,-2.036362648010254,6.317703247070312,134969.0,13490.0
Nekfeu - Alunissons.mp3,Nekfeu,Alunissons,,2019-06-21,278.3608163265306,172.265625,0.1284641474485397,5.0,1761.0229898862135,2027.199037428304,0.0787773014222136,-174.15609741210938,128.0682373046875,-9.479417800903322,45.14599609375,16.783714294433594,-8.259029388427734,1.1756405830383296,-18.63328742980957,-12.311683654785156,-5.777893543243408,-7.9449872970581055,-11.094223022460936,-8.697481155395508,285719.0,21648.0
Nekfeu feat. Alpha Wann - Compte les hommes.mp3,"Nekfeu,  feat. , Alpha Wann",Compte les hommes,,2019-06-06,250.9844897959184,89.10290948275862,0.2547175586223602,7.0,2608.470754100386,2868.591318929346,0.0904433306525735,-93.12994384765624,86.29216766357422,34.67422866821289,15.85918426513672,11.62752914428711,-1.473792433738709,3.5711855888366695,6.869460582733154,-6.844537734985352,3.844804525375366,-2.9374821186065674,-3.01383113861084,0.2840690612792969,192015.0,17877.0
Nekfeu feat. Framal & Doums - L'air du temps.mp3,"Nekfeu,  feat. , Framal,  & , Doums",L'air du temps,,2019-06-21,171.67673469387756,107.666015625,0.2133571058511734,0.0,1783.976289316737,2104.1351092387445,0.0641347217855069,-183.9849395751953,102.54540252685548,26.844825744628906,15.31923007965088,13.479147911071777,1.1415330171585083,-7.060022830963135,-3.4610815048217773,-12.87131118774414,-0.7469397187232972,-6.557849884033203,-2.5172123908996578,-4.728982925415039,126199.0,14868.0
Nicki Minaj - Barbie Tingz.m4a,Nicki Minaj,Barbie Tingz,,,210.40907029478456,135.99917763157896,0.076444074511528,6.0,2349.27123123248,2468.652846991718,0.0877111098345588,-234.9281616210937,79.86383819580078,0.1276424676179886,17.88029670715332,2.169322967529297,6.790213108062744,0.31494754552841187,1.19674551486969,4.329372882843018,1.6593798398971558,-2.67043137550354,6.310637474060059,0.44202113151550293,3410460.0,351437.0
Nicki Minaj feat. Chris Brown - Right by My Side.m4a,Nicki Minaj feat. Chris Brown,Right by My Side,,,283.5156462585034,107.666015625,0.0956401079893112,8.0,2074.4865323337444,2281.609610325333,0.0857387105746904,-175.73126220703125,96.93343353271484,-10.279862403869627,22.36777114868164,-0.21674321591854095,4.5290608406066895,1.2029020786285396,-5.739558696746826,6.838802337646484,2.723048686981201,-2.795062780380249,9.2443208694458,1.004275918006897,738565.0,119896.0
Nicki Minaj & Lil Baby - Bussin.mp3,"Nicki Minaj,  & , Lil Baby",Bussin,,2022-02-11,136.76061224489797,143.5546875,0.289331316947937,3.0,2729.81413444903,2752.1680493015174,0.0927532184234713,-76.04951477050781,72.7564468383789,12.396925926208496,14.29765796661377,3.265779495239258,8.779855728149414,-1.4279804229736328,2.9889886379241943,-0.40076515078544617,6.867801189422607,11.349702835083008,8.883899688720703,-2.784660816192627,1884236.0,133047.0
Nicki Minaj & Lil Baby - Do We Have a Problem.mp3,"Nicki Minaj,  & , Lil Baby",Do We Have a Problem?,,2022-02-04,207.4122448979592,117.45383522727272,0.1814828664064407,1.0,2603.910527943573,2531.093196596192,0.1109025795762383,-139.36959838867188,74.93119049072266,-4.783996105194092,-4.590778827667236,-9.090380668640137,-8.511526107788086,-5.6894941329956055,-12.05284023284912,-11.32923412322998,-3.653597593307495,-3.94209337234497,2.970775365829468,0.06837312132120132,1966921.0,150994.0
Nicki Minaj feat. Swae Lee - Chun Swae.mp3,"Nicki Minaj,  feat. , Swae Lee",Chun Swae,,2018-08-10,370.4696371882086,143.5546875,0.3046322762966156,11.0,1645.2083018340727,2077.0712459698684,0.051217377370356,-169.052001953125,106.81275177001952,16.080245971679688,6.460423469543457,10.446280479431152,5.450757026672363,2.7563872337341304,3.1796889305114746,-3.327929973602295,7.527376174926758,-7.773949146270752,3.297034978866577,-2.5694429874420166,38180.0,5245.0
Ninho - Elle m’a eu.m4a,Ninho,Elle m’a eu,,,172.8261224489796,129.19921875,0.1517667472362518,9.0,2370.4490865591583,2601.260935225696,0.0837725471047794,-151.11386108398438,87.61952209472656,17.44325828552246,-1.1800004243850708,8.760869026184082,-1.9994338750839238,-13.764599800109863,9.39691162109375,-16.058914184570312,-3.107454299926758,-0.22263659536838487,-7.879297733306885,-0.2389518767595291,16.0,1.0
Ninho - Chino.mp3,Ninho,Chino,,2017-09-08,206.14666666666668,73.828125,0.2029682844877243,9.0,2298.7287741426258,2516.3714474893686,0.0922760860100619,-113.5104751586914,96.07487487792967,4.25869083404541,14.453067779541016,20.6828556060791,6.46225118637085,-3.3470394611358643,11.782500267028809,-6.314092636108398,3.710662364959717,-1.616472840309143,0.6263936161994934,2.3649089336395264,56600.0,6985.0
Ninho - HLM ou Palace.mp3,Ninho,HLM ou Palace,,2017-09-08,193.85333333333327,117.45383522727272,0.2017246186733245,3.0,2469.809041137872,2510.3330363243194,0.1054058252104295,-109.1541976928711,86.11595916748047,8.585200309753418,3.5518429279327393,-1.4844566583633423,3.4351043701171875,-7.863733768463135,7.093583583831787,-12.97616195678711,-2.5845463275909424,1.4176331758499146,0.7127103805541992,-3.0022177696228027,48206.0,5637.0
Ninho Mamacita.mp3,Ninho,Mamacita,,2017-09-08,187.02666666666667,112.34714673913044,0.1438513845205307,9.0,1896.3246463871253,2122.4813184873083,0.079184706366099,-192.8147430419922,92.42381286621094,4.7891340255737305,-1.7927571535110474,-5.058126449584962,-10.946939468383787,-20.121898651123047,-9.26081657409668,-15.585381507873535,-4.933038711547851,-1.6978670358657837,-4.798495769500732,-1.511691927909851,139713.0,16966.0
Ninho_-_Mamacita_(Clip_officiel)(128k).mp3,Ninho,Mamacita,,2017-09-08,260.41469387755103,151.99908088235293,0.100109726190567,9.0,1844.0141815173629,2082.518212258063,0.0796559809162151,-228.22982788085932,101.63713836669922,4.43013858795166,-4.307637691497803,-5.885093688964845,-10.460988998413086,-18.47792434692383,-7.534955024719238,-14.5139741897583,-4.643701553344727,-1.8183786869049072,-4.945298671722412,-1.2242707014083862,139713.0,16966.0
Ninho - Roro.mp3,Ninho,Roro,,2017-09-08,184.3540362811792,117.45383522727272,0.2021890580654144,8.0,2750.712049571296,2389.159728161448,0.1598452163554566,-81.8604507446289,77.42598724365234,-23.0584716796875,7.386133193969727,10.2223539352417,3.545184850692749,-6.550693511962891,6.458611011505127,-3.1169729232788086,-5.370637893676758,-2.245924234390259,-1.1534535884857178,-5.2302069664001465,86312.0,9376.999999999985
Ninho - Rose.mp3,Ninho,Rose,,2017-09-08,200.34666666666664,117.45383522727272,0.2415146082639694,10.0,1570.450989396524,2092.7009518103346,0.0451367263085332,-151.49134826660156,122.01837921142578,34.59708786010742,18.988948822021484,29.11985969543457,9.138397216796877,-5.618285655975342,8.836693763732908,-5.224661350250244,4.694736957550049,-0.3143605291843419,-3.9683139324188232,1.6158517599105835,150400.0,14499.0
Ninho - Big Pac.mp3,Ninho,Big Pac,,2019-03-22,183.7975510204081,143.5546875,0.2382862567901611,6.0,2494.190036580709,2740.0068515751263,0.0902912151702786,-94.96538543701172,86.50614166259766,29.096691131591804,8.734452247619629,-0.8090007901191711,-3.153481721878052,3.411088943481445,8.713785171508789,-18.70535087585449,2.8330557346343994,2.263601303100586,-11.283225059509276,-5.497442722320557,61966.0,8418.0
Ninho Jeune Lossa.mp3,Ninho,Jeune lossa,,2019-03-22,217.4803628117914,135.99917763157896,0.1995724886655807,5.0,1637.7530806010218,2227.002880689542,0.0507353319103134,-181.39117431640625,112.17066192626952,46.82048034667969,19.015430450439453,-3.628694295883178,5.584670543670654,-2.705981969833374,-6.1030797958374015,-7.325990676879883,1.8725218772888184,-5.871087551116943,1.2842321395874023,1.2010949850082397,92912.0,10960.0
Ninho - La vie qu’on mène.mp3,Ninho,La vie qu’on mène,,2019-03-22,193.54122448979592,112.34714673913044,0.2057571113109588,7.0,2053.0088208118245,2271.154472274451,0.0840663850861068,-112.2562026977539,96.24034118652344,6.040822982788086,24.041887283325195,6.291202545166016,-3.8549118041992174,-10.06825065612793,-7.724849700927734,-23.364511489868164,-6.446598052978516,-11.821842193603516,-14.153617858886722,-7.375043869018555,20.0,8.0
Ninho - Ni.mp3,Ninho,Ni,,2019-03-22,160.1390022675737,129.19921875,0.25401571393013,3.0,2580.5235783846324,2602.0714787841703,0.1077198701746323,-41.83815383911133,80.92474365234375,-0.3705102205276489,19.25898551940918,1.114863634109497,7.591353416442871,-2.176223039627075,6.427841663360596,-8.801883697509766,0.6589930653572083,4.8359594345092765,-0.3453781902790069,-3.56093692779541,46108.0,6845.999999999985
Ninho - Outro.mp3,Ninho,Outro,,2019-03-22,134.08625850340135,129.19921875,0.2012977451086044,2.0000000000000004,2593.447727479865,2749.203083551953,0.1074488967564822,-98.02230834960938,79.54148864746094,18.321269989013672,8.8018798828125,0.9615058898925781,0.46617668867111206,-2.774586200714112,-2.452157974243164,-22.03557014465332,-7.55082368850708,-9.002623558044434,-5.479348659515381,-3.131328821182251,130206.0,12038.0
Ninho - Paris c’est magique.mp3,Ninho,Paris c’est magique,,2019-03-22,187.42857142857144,184.5703125,0.2295509278774261,0.0,2145.170085503319,2362.803123195195,0.0840267027863777,-94.00885009765624,110.9015121459961,13.015670776367188,6.185492992401123,0.5634089708328247,-3.856674671173096,-1.2080730199813845,7.868679523468018,-18.43920135498047,-1.2978854179382324,-2.901571750640869,-4.723536968231201,4.864720344543456,193.0,46.0
Ninho - Sans peine.mp3,Ninho,Sans peine,,2019-03-22,157.27390022675738,135.99917763157896,0.2251460254192352,7.0,2865.948493643156,2857.844380122575,0.1202260303792569,-93.88839721679688,78.20498657226562,19.768922805786133,-7.129336357116699,-5.7204017639160165,-9.40187931060791,-2.506122350692749,14.273987770080566,-12.408365249633787,6.350216388702393,2.271904706954956,-8.049752235412598,-4.889345645904541,122371.0,13531.0
Ninho - Tokarev.mp3,Ninho,Tokarev,,2019-03-22,228.75061224489795,143.5546875,0.2035869508981704,0.0,1808.4229955438705,2116.923696844301,0.0719887937185565,-153.84762573242188,114.95764923095705,20.31429672241211,4.411035537719725,7.349263191223144,0.10485688596963882,0.5177052021026611,5.417044162750244,-14.408626556396484,-5.134162425994873,-4.756170749664307,-1.3788214921951294,5.1951842308044425,73246.0,9314.000000000015
Ninho - Arme de poing.mp3,Ninho,Arme de poing,,2021-12-03,215.8759183673469,117.45383522727272,0.1891493946313858,5.0,2042.533652726632,2227.034498406764,0.0827967404581075,-145.69189453125,96.5630111694336,15.039020538330078,14.817434310913086,-1.06723952293396,1.889699459075928,-6.689964771270752,1.111874222755432,-14.905179977416992,-5.826925277709961,-4.800879955291748,-4.249229431152344,-7.246880531311035,122695.0,11587.0
Ninho_-_Jefe_(Paroles)__Jefe(240p).mp3,Ninho,Jefe,,2021-12-03,178.07673469387754,117.45383522727272,0.1563740223646164,10.0,1725.8497447834145,2014.32172126645,0.0688703318498452,-167.8271026611328,109.59222412109376,15.978306770324709,15.001484870910645,5.743204593658447,2.4806013107299805,1.174778580665588,5.398013591766357,-18.014385223388672,-6.86680793762207,-3.615814924240112,-3.0775966644287105,-1.782252073287964,334376.0,30960.0
Ninho_Jefe.mp3,Ninho,Jefe,,2021-12-03,178.4504375,123.046875,0.1576107889413833,10.0,1809.6432414255569,2081.949192889124,0.0722754510932662,-164.26641845703125,107.03275299072266,16.976245880126953,14.203126907348633,6.330422878265381,2.0404837131500244,1.3509171009063716,5.323994636535644,-17.885509490966797,-6.9211130142211905,-3.6836142539978014,-3.079824447631836,-1.7431795597076416,334376.0,30960.0
Ninho - Vérité(MP3_128K).mp3,Ninho,Vérité,,2021-12-03,200.0457142857143,103.359375,0.1659769117832183,1.0,1750.691757450342,2027.889092103641,0.0645982488390092,-148.5614776611328,118.76578521728516,12.317374229431152,8.225179672241211,7.265420913696289,4.909550189971924,-6.299642086029053,-0.6347407102584841,-11.146257400512695,-7.406577110290527,-8.606727600097656,-6.750669002532959,-5.930173397064209,156033.0,15012.0
Ninho - Vérité.mp3,Ninho,Vérité,,2021-12-03,194.7689795918368,103.359375,0.0786265283823013,1.0,1780.2048312366649,2054.7561820048268,0.0665570427389705,-221.0722198486328,117.53660583496094,12.767314910888672,8.228128433227539,7.488610744476318,4.876680850982666,-6.121986389160156,-0.6453925371170046,-10.98398494720459,-7.314205169677734,-8.496259689331055,-6.642656803131104,-5.82489538192749,156033.0,15012.0
Ninho - Fendi.mp3,Ninho,Fendi,,2018-03-30,216.08489795918368,143.5546875,0.1225041002035141,1.0,2312.906842722208,2289.0188875250765,0.1115412756385448,-178.27401733398438,85.33367919921875,-1.8681010007858276,-16.280447006225586,4.685497760772705,-5.399282455444336,-12.500224113464355,12.74679183959961,-9.733968734741213,-2.6769723892211914,-0.9774447679519653,-3.613283157348633,4.43608283996582,153636.0,14157.999999999985
Ninho - Filon (Clip Vidéo)(MP3_128K).mp3,Ninho,Filon,,2020-03-13,183.3012244897959,86.1328125,0.2103375941514969,1.0,1882.208142334005,2289.049975601957,0.066689694998065,-123.5753402709961,117.64256286621094,12.389154434204102,7.081101417541504,8.32383918762207,-10.486639976501465,-7.919698238372803,1.5103099346160889,-9.956302642822266,-2.327522516250611,0.3663896918296814,-4.324604034423828,-1.792764663696289,147604.0,11786.0
Ninho - Filon.mp3,Ninho,Filon,,2020-03-13,183.32734693877552,86.1328125,0.1832212507724762,6.0,1865.1571150687453,2289.099198479292,0.0647913693643575,-136.438232421875,116.69993591308594,13.409666061401367,7.213647365570068,7.555277824401855,-9.999795913696287,-8.344900131225586,1.327869892120361,-9.658681869506836,-2.4632694721221924,-0.1471814662218094,-3.803777933120728,-2.2754881381988525,147604.0,11786.0
Ninho - La puerta.mp3,Ninho,La puerta,,2020-03-13,246.90938775510205,135.99917763157896,0.2965379357337951,9.0,2204.280344911308,2481.202449167039,0.0804866637238777,-64.12914276123047,101.08943176269533,-1.0181467533111572,-3.746105909347534,3.556337833404541,-4.850315570831299,-8.015963554382324,4.786208629608154,-18.80152702331543,-0.8253270387649535,2.1551358699798593,-5.284032344818115,-0.9490611553192139,88543.0,8320.999999999985
Ninho - Lettre à une femme.mp3,Ninho,Lettre à une femme,,2020-03-13,157.49224489795918,151.99908088235293,0.1754903793334961,8.0,2300.0196186454887,2618.952302025355,0.085702051688274,-111.13421630859376,101.65740966796876,26.213733673095703,14.062642097473145,-0.5455392003059387,-0.5277059078216553,-0.6264171004295349,-0.16595169901847862,-6.203768253326416,-5.811154365539551,-0.09201621264219284,-2.6188821792602535,-4.255885601043701,297335.0,31672.999999999985
Ninho - Mauvais djo.mp3,Ninho,Mauvais djo,,2020-03-13,218.138820861678,135.99917763157896,0.1700764298439026,10.0,1638.7342830445054,1950.5364568234008,0.0661847849748452,-172.37884521484375,118.0284194946289,13.774710655212402,13.827505111694336,6.158023357391357,-8.863642692565918,-11.753275871276855,-4.305840969085693,-15.935670852661133,-0.741853415966034,5.000939369201659,1.1142830848693848,-2.106730937957764,39705.0,5245.0
Ninho - Zipette.mp3,Ninho,Zipette,,2020-03-13,204.5387755102041,129.19921875,0.1959921866655349,10.0,2625.1980680918064,2569.1911965139107,0.1154941995815596,-87.45259094238281,78.40160369873047,-8.187060356140138,-3.0555195808410645,-13.21456241607666,-14.476544380187988,-12.911174774169922,-0.2560897171497347,-18.572982788085938,-1.6072545051574707,1.5724778175354004,-5.72247838973999,-4.345499515533447,292241.0,25029.0
Ninho_-_Zipette_(Clip_officiel)(256k).mp3,Ninho,Zipette,,2020-03-13,204.528,129.19921875,0.1970790773630142,10.0,2586.2218156734766,2570.28239304748,0.112335299559791,-85.86387634277344,80.90426635742188,-7.179967880249025,-3.350287675857544,-12.362846374511719,-13.994742393493652,-11.62932014465332,0.32167303562164307,-17.433181762695312,-0.5962104797363282,2.2054035663604736,-4.821344375610352,-3.993587017059326,292241.0,25029.0
ninho_zipette_clip_officiel_mp3_37459.mp3,Ninho,Zipette,,2020-03-13,204.56489795918367,129.19921875,0.1658075302839279,10.0,2589.208267131381,2569.4202304490736,0.1116098693280766,-106.1030044555664,78.76000213623047,-8.069264411926271,-3.8352465629577637,-13.31953239440918,-15.377025604248047,-12.814763069152832,-1.0399256944656374,-18.588356018066406,-1.9964829683303833,1.316447138786316,-5.65131139755249,-4.946898460388184,292241.0,25029.0
Ninho - Bon qu'à ça.mp3,Ninho,Bon qu'à ça,,2023-06-30,168.8148125,117.45383522727272,0.1900535374879837,1.0,2470.17592080876,2569.0022962167086,0.1027166880321207,-118.73456573486328,89.10498809814453,30.95590019226075,15.664804458618164,-1.4531985521316528,-4.174728870391846,-4.112398624420166,3.866088151931762,-21.179691314697266,-5.091858386993408,0.6155198812484741,-4.960715293884277,-5.689197063446045,234.0,10.0
Ninho - Branché sur Snap.mp3,Ninho,Branché sur Snap,,2023-06-30,208.7946875,89.10290948275862,0.250388354063034,3.0,2621.3383923515426,2484.75044639996,0.1169683025348297,-96.42057037353516,88.52395629882812,10.060288429260254,22.30124855041504,22.489377975463867,-0.8031262755393986,3.0586576461791988,14.388529777526855,-10.921548843383787,4.35875129699707,4.773455619812011,2.9629034996032715,-3.5640783309936523,28984.0,4296.0
Ninho - Chiraq.mp3,Ninho,Chiraq,,2023-06-30,265.8455,135.99917763157896,0.1663619875907898,4.0,1971.396988018361,1903.312516545812,0.0987269162393575,-167.68701171875,95.92466735839844,-4.022005081176758,-4.604072570800781,-2.8141636848449707,-6.166572093963623,-9.495677947998049,-0.41540414094924905,-18.98615264892578,-5.692648410797118,-2.315889358520508,-5.7978363037109375,-3.1595022678375244,31044.0,4479.999999999985
Ninho - Dans la peau.mp3,Ninho,Dans la peau,,2023-06-30,188.80475,112.34714673913044,0.2625709176063537,8.0,2308.869586357942,2491.3495626731715,0.086290672467589,-69.40975952148438,88.80851745605469,7.936089515686035,32.95866394042969,10.183882713317873,8.313227653503418,0.6182684898376465,10.341893196105955,-10.820442199707031,0.8736882209777832,0.6525883078575134,0.962986648082733,-1.3370018005371094,21174.0,3531.0
Ninho - Edouard Nahum.mp3,Ninho,Edouard Nahum,,2023-06-30,186.5373125,161.4990234375,0.2560407221317291,8.0,2162.2103492814454,2379.044369326952,0.0802058642124613,-101.26235961914062,104.25816345214844,25.395719528198242,22.719751358032227,12.587061882019047,7.239401340484619,3.5783576965332027,10.12452507019043,-14.467448234558104,-0.8395910263061527,1.8078768253326416,2.954492807388306,-0.06025412306189537,23426.0,4421.0
Ninho - Grands ensembles.mp3,Ninho,Grands ensembles,,2023-06-30,218.151125,117.45383522727272,0.1861703395843505,5.0,2027.0437393096208,2274.763560256795,0.0868507597837654,-141.6641387939453,101.492431640625,22.209976196289062,14.991353034973145,0.7845097780227661,6.779469966888428,-0.6577892303466797,3.613241672515869,-14.50134563446045,-5.413409233093261,-6.123138427734375,-5.06471347808838,-4.572694778442383,25367.0,3854.0
Ninho - Plus qu'eux.mp3,Ninho,Plus qu'eux,,2023-06-30,208.7165,117.45383522727272,0.2032533288002014,0.0,2507.282589285925,2557.116345401092,0.1133324590629837,-125.9376220703125,82.10253143310547,19.223682403564453,20.611892700195312,12.840049743652344,-0.919610440731049,-2.184370756149292,10.469401359558104,-14.826409339904783,-6.3758463859558105,2.878718137741089,-4.420877456665039,-2.0499391555786133,86.0,6.0
Ninho - Rich Porter.mp3,Ninho,Rich Porter,,2023-06-30,202.826375,151.99908088235293,0.2162893265485763,3.0,1758.9082666732722,2058.325827342529,0.0607613483818691,-145.9694061279297,117.75328063964844,33.999935150146484,11.996326446533203,-3.589808225631714,-6.6943840980529785,-3.070394515991211,2.0041987895965576,-14.99930477142334,-4.188680171966553,-4.667236328125,-6.261833667755127,-5.196042060852051,33702.0,5162.999999999985
Ninho - Tout en Gucci.mp3,Ninho,Tout en Gucci,,2021-03-26,252.290612244898,123.046875,0.1305566579103469,3.0,1646.2696322187992,1909.6797349646347,0.0735845890576625,-156.272705078125,132.62339782714844,4.484678745269775,20.558395385742188,1.3114203214645386,2.263456344604492,-0.9698830246925354,-0.5962054133415224,-8.341926574707031,-0.5200414657592775,-3.2240984439849854,-0.4967065453529358,-3.325212240219116,137367.0,14375.0
Ninho feat. Ayra Starr - No Love.mp3,"Ninho,  feat. , Ayra Starr",No Love,,2023-06-30,201.6535625,161.4990234375,0.206537440419197,3.0,1626.248066640872,1893.367055760465,0.0598390183581656,-187.64715576171875,110.30169677734376,41.4792366027832,25.4642276763916,10.315532684326172,1.658877730369568,-1.3846756219863892,9.259385108947754,-12.79873752593994,-0.3658927381038667,4.12603759765625,2.876475334167481,5.434587478637694,108493.0,18072.999999999985
Ninho feat. Central Cee - Eurostar.mp3,"Ninho,  feat. , Central Cee",Eurostar,,2023-06-30,186.3288125,67.99958881578948,0.232040598988533,1.0,2014.210463664887,2234.721619846809,0.0853401869074109,-95.2935791015625,111.044677734375,15.36701488494873,25.5212631225586,12.064638137817385,1.688908576965332,-2.523397922515869,5.944111347198486,-11.626248359680176,-3.097907304763794,-1.4524182081222534,-3.987440824508667,-2.7262206077575684,294.0,81.0
Ninho feat. Dadju - Jamais.mp3,"Ninho,  feat. , Dadju",Jamais,,2019-03-22,229.1722448979592,123.046875,0.210443690419197,11.0,2332.4273113889467,2533.265825935465,0.0880463307856037,-116.6536865234375,87.24954223632812,11.26893138885498,6.329265117645264,16.00321388244629,8.464815139770508,-8.85855484008789,-6.4265456199646,-15.559993743896484,-3.3795249462127686,-9.896142959594728,-4.968858242034912,-3.9299063682556152,533.0,110.99999999998545
Ninho feat. Fally Ipupa - À Kinshasa.mp3,"Ninho,  feat. , Fally Ipupa",À Kinshasa,,2019-03-22,177.8059410430839,99.38401442307692,0.2436650991439819,10.0,2236.893574034841,2432.18306519936,0.0824356315305727,-94.4161148071289,93.56486511230467,20.352373123168945,24.393930435180664,13.42231369018555,10.613508224487305,2.55381965637207,1.6684207916259766,-14.63302230834961,2.592177391052246,4.39250087738037,3.2602391242980966,-1.553344964981079,255.0,34.00000000001455
Ninho feat. Griff - Every day.mp3,"Ninho,  feat. , Griff",Every day,,2020-03-13,195.03020408163263,123.046875,0.2226449400186538,0.0,2502.02352909676,2653.253569337307,0.0979043588549729,-88.81124114990234,91.06926727294922,12.860581398010254,4.769392967224121,6.876978874206543,7.656092643737793,-9.992895126342772,-2.7006845474243164,-17.81566619873047,-3.6853113174438477,-1.861538410186768,-2.9753177165985107,-2.986911058425904,48.0,32.0
Ninho_-__Every_day_-_ft_Griff(256k).mp3,"Ninho,  feat. , Griff",Every day,,2020-03-13,190.224,123.046875,0.2156692296266555,0.0,2452.731292633059,2646.879224004272,0.0948325709292763,-87.68492889404297,94.13941192626952,13.3131685256958,4.9116950035095215,7.930245399475098,8.11056137084961,-7.703417301177977,-2.6107473373413086,-15.831274032592772,-1.9520798921585079,-1.0747839212417598,-1.4547138214111328,-2.244290351867676,48.0,32.0
Ninho feat. Hös Copperfield - Pirate.mp3,"Ninho,  feat. , Hös Copperfield",Pirate,,2021-01-29,244.11428571428573,95.703125,0.2948603630065918,0.0,1421.1127933843943,1932.9700936776112,0.043252383961397,-132.7815399169922,123.2877197265625,15.06289005279541,21.84368896484375,5.629726886749268,1.7313603162765503,-1.6278091669082642,-1.0263794660568235,-12.541961669921877,2.4708592891693115,4.13227128982544,-1.622641682624817,0.14707620441913605,59446.0,7136.0
Ninho feat. Lil Baby - Blue Story.mp3,"Ninho,  feat. , Lil Baby",Blue Story,,2023-06-30,257.81825,86.1328125,0.1810790747404098,2.0000000000000004,2391.209930649288,2335.030596053241,0.1019489300140286,-159.4824676513672,80.91012573242188,23.48543167114257,8.431350708007812,6.923123836517334,11.468864440917969,6.252242088317871,10.955480575561523,-12.110583305358888,-0.6163097620010377,0.8663375377655029,-2.599855661392212,-1.890297174453736,71.0,38.0
Ninho feat. Niska - Maman ne le sait pas.mp3,"Ninho,  feat. , Niska",Maman ne le sait pas,,2019-03-22,206.5432,143.5546875,0.2487362325191497,2.0000000000000004,2160.382671761984,2465.8497949614984,0.0790191744872291,-123.1303482055664,96.77574920654295,25.56557846069336,10.799822807312012,13.456354141235352,0.7411103844642639,-2.0853748321533203,1.7254655361175537,-12.11001682281494,-2.7173147201538086,-0.9355500936508179,-3.471740961074829,-4.5322771072387695,926.0,187.0
Ninho feat. Omah Lay - Bad.mp3,"Ninho,  feat. , Omah Lay",Bad,,2023-06-30,226.386875,123.046875,0.2172772735357284,2.0000000000000004,2413.870905464413,2712.788413701144,0.0951481396937887,-92.16532135009766,84.8526611328125,22.71485137939453,23.59238624572754,1.9880555868148804,1.578102946281433,-3.0231494903564453,-3.67917799949646,-11.94454574584961,-10.098594665527342,-0.8205540180206299,-7.687915802001953,-6.727351665496826,47402.0,7390.0
Ninho feat. Sofiane - Laisse pas traîner ton fils.mp3,"Ninho,  feat. , Sofiane",Laisse pas traîner ton fils,,2017-09-08,211.0,117.45383522727272,0.168510228395462,11.0,3130.7532763406,2648.5960689370418,0.1468061795544698,-128.56455993652344,58.27036666870117,2.561563491821289,-5.22354793548584,-8.361690521240234,2.874162197113037,-10.660638809204103,8.621148109436035,-3.1656577587127694,6.683767795562744,0.5485959053039551,8.270647048950195,0.9509588479995728,122.0,24.0
Ninho feat. Tito Sevran - Zéro paluche.mp3,"Ninho,  feat. , Tito Sevran",Zéro paluche,,2019-03-22,180.19773242630384,161.4990234375,0.2217908501625061,9.0,2409.205338077852,2688.1193481396303,0.0871742650082236,-121.71583557128906,88.76213073730469,35.053367614746094,6.834300518035889,-3.695293664932252,-4.031260013580322,0.1777309775352478,4.312793254852295,-20.506879806518555,-8.757880210876465,-5.82801628112793,-0.6393330693244934,-2.4118001461029053,239.0,28.0
Niska - Ah bon.mp3,Niska,Ah bon ?,,2017,171.5722448979592,123.046875,0.3279232382774353,6.0,2423.73910933604,2731.4124963332133,0.0962252306864357,-55.312374114990234,90.87751770019533,20.856040954589844,5.065648078918457,8.413694381713867,7.051692962646484,-1.4892375469207764,-4.655750274658203,-7.957923889160156,-3.5054142475128174,-1.1770806312561035,4.047942161560059,-7.583475112915039,33496.0,6153.0
Niska - Amour X.mp3,Niska,Amour X,,2017,194.1159183673469,89.10290948275862,0.2100374847650528,0.0,2105.770457124733,2393.0031369069875,0.0842338065982972,-143.80316162109375,93.24324798583984,20.056509017944336,9.067832946777344,-8.579228401184086,5.283405303955078,-11.92339038848877,-6.828285217285156,-14.297966003417969,0.6626630425453186,-5.480839729309082,-4.22890043258667,-3.0684945583343506,55188.0,8003.999999999985
Niska - B.O.C.mp3,Niska,B.O.C,,2017-09-22,171.1804081632653,123.046875,0.3158534467220306,9.0,2450.1214540562733,2667.565904966108,0.0846665326286764,-77.14962768554688,76.89299774169922,12.800055503845217,14.226513862609863,5.199687480926514,15.89344882965088,0.9970635175704956,9.607967376708984,-0.3567073941230765,-0.6793155670166017,-0.0059189931489527225,5.491232395172119,-5.93231201171875,58429.0,10109.0
Niska - Chasse A L'Homme.mp3,Niska,Chasse à l'homme,,2017-09-22,180.816,151.99908088235293,0.1931944489479065,2.0000000000000004,2640.8587591862192,2510.070378549608,0.1175790320239938,-141.8071746826172,68.37133026123047,14.637146949768066,2.0359301567077637,0.0062860543839633465,0.7258712649345398,-10.78072738647461,-0.4765795171260836,-11.48486042022705,-9.376504898071287,-4.400758743286133,-0.12151136249303808,-5.753845691680908,256687.0,26929.0
Lee Banyard - Track 15.mp3,Niska,D.M.B,,2017,184.9469387755102,135.99917763157896,0.2591170072555542,8.0,2573.938273223138,2592.0838733399546,0.1066314413820627,-66.96434783935547,81.67344665527344,2.9195938110351562,-0.534712553024292,-9.283137321472168,-2.668935060501098,-20.75700187683105,-0.31435826420783974,-10.592265129089355,-3.8454763889312735,-9.182740211486816,-3.87792444229126,-8.658286094665527,18981.0,3963.0000000000146
Niska - H&M.mp3,Niska,H&M,,2017-09-22,156.91755102040815,123.046875,0.2164444178342819,6.0,2618.8909524972005,2669.1601559894016,0.1118349246565402,-97.85424041748048,74.34364318847656,3.945948839187622,1.4803317785263062,-0.7833263278007507,3.308558940887451,-8.006834030151367,0.18552249670028687,-4.133701324462891,-4.960991382598877,-5.159100532531738,1.1390615701675417,-6.986265182495117,33301.0,6051.0
Niska - La wewer.mp3,Niska,La wewer,,2017-09-22,177.9632,143.5546875,0.228416234254837,0.0,2786.211323403209,2660.810341468435,0.1191309878700657,-79.0975112915039,62.09702682495117,-9.576048851013185,2.561828374862669,-8.469277381896973,-1.67466413974762,-14.577985763549805,-5.909712791442871,-12.344319343566896,-6.574273109436035,-9.448984146118164,-1.7536081075668335,-4.787376403808594,38232.0,6886.0
Niska - Medellín.mp3,Niska,Medellín,,2017-09-22,199.6277551020408,129.19921875,0.2218545079231262,9.0,2039.8920976168893,2207.9393309842926,0.0791491812596749,-144.75563049316406,96.20233917236328,12.545918464660645,14.362854957580566,9.565742492675778,10.691306114196776,0.1093844473361969,1.1850005388259888,-3.061605930328369,-2.2248349189758305,-5.780750751495361,-1.4321163892745972,-2.76731538772583,120132.0,14847.0
Niska - Réseaux.mp3,Niska,Réseaux,,2017-09-22,209.84163265306125,151.99908088235293,0.2045661807060241,4.0,2240.5486565000347,2457.57750501804,0.0778472239018962,-140.9844207763672,87.42012023925781,35.41251373291016,13.867069244384766,-2.7828497886657715,5.241905212402344,-1.218712568283081,7.351388454437256,-4.525846004486084,6.997596263885497,1.9499428272247332,0.4309554398059845,0.4777025282382965,414063.0,55106.0
Niska - Salé.mp3,Niska,Salé,rap,2017,170.2592,143.5546875,0.2902347445487976,8.0,2013.5733136779545,2321.283958412725,0.0575266740639512,-135.85040283203125,85.79866790771484,28.839920043945312,24.561641693115234,6.453331470489502,6.7168049812316895,-6.509263515472412,-3.3319103717803955,-12.721235275268556,0.7412185072898865,-4.310827255249023,4.122867107391357,-0.21454443037509918,289333.0,34018.000000000015
Niska- Snapchat.mp3,Niska,Snapchat,,2017,172.6352,107.666015625,0.1827142238616943,1.0,2657.444290432252,2665.30268965296,0.1105477064386609,-119.48899841308594,75.13824462890625,23.42699813842773,13.311321258544922,-6.220416069030763,0.2635471522808075,-19.32558250427246,-6.943122863769531,-18.67239570617676,-6.306905269622804,-4.711016654968262,0.8148255944252013,-3.996882915496826,32301.0,5954.999999999985
Tzii - Track #01.mp3,Niska,Story X,,2017,162.8473469387755,123.046875,0.2418996095657348,7.0,2481.833915426179,2302.576149782456,0.1167360665997484,-121.44603729248048,78.89395904541016,5.528609275817871,-18.487968444824222,-19.40958023071289,-17.88400650024414,-17.161624908447266,-7.488021373748779,-11.918671607971191,-13.854933738708498,-8.476834297180176,0.13018698990345004,-6.183011531829834,60587.0,9149.0
Tom Browne - Track 11.mp3,Niska,Twerk dans l'binks,,2017,183.04,135.99917763157896,0.2317025363445282,6.0,2750.210634437422,2703.765811291604,0.1059721483165634,-101.6279754638672,56.78537368774414,-7.34961462020874,-8.969346046447754,-14.84581184387207,0.30551591515541077,-16.855085372924805,-8.635699272155762,-13.165499687194824,3.9140477180480966,3.026533365249634,4.789480686187744,-0.1366293728351593,30180.0,5024.0
Niska - Bâtiment.mp3,Niska,Bâtiment,,2019-09-05,227.97061224489795,83.35433467741936,0.1410219222307205,10.0,2406.002572972973,2614.940857938204,0.0892411459341137,-159.59378051757812,86.23521423339844,22.515167236328125,15.72110366821289,-1.4453051090240479,8.359814643859863,-7.306214332580566,0.4356630742549896,-7.258016586303711,2.087608575820923,-2.085347414016724,1.43617844581604,-0.2782425880432129,176429.0,18938.0
Niska - Des flingues et des roses.mp3,Niska,Des flingues et des roses,,2019-09-05,176.03918367346938,151.99908088235293,0.255284309387207,9.0,2178.820369514211,2378.497340762093,0.0822784140383127,-102.24776458740234,84.22676849365234,8.984395980834961,14.371368408203123,-9.040022850036618,9.256244659423828,-4.307791233062744,-2.960163116455078,-12.342279434204102,-0.968394100666046,-4.606846332550049,1.883792519569397,-3.850879192352295,41512.0,4765.0
Niska - Du lundi au lundi.mp3,Niska,Du lundi au lundi,,2019-09-05,162.79510204081632,129.19921875,0.2437751293182373,4.0,2238.144855231791,2624.7256341938723,0.0769766698311726,-111.74919891357422,90.60224151611328,33.48481369018555,2.9366140365600586,-2.3970491886138925,12.223194122314451,-2.510411500930786,2.9006667137146,-1.397150993347168,0.9393688440322876,7.826537132263183,10.26350212097168,2.3576736450195312,115592.0,15115.0
Niska - Mendoza.mp3,Niska,Mendoza,,2019-09-05,198.661224489796,129.19921875,0.2241197675466537,4.0,2453.573294981785,2402.640098436451,0.0886005602384868,-128.8929901123047,79.85713958740234,26.612991333007812,12.46969509124756,-7.540534019470216,10.145572662353516,-11.71298599243164,-5.777513504028321,-10.553712844848633,-9.23233699798584,-7.663961410522461,1.669851541519165,-5.44064998626709,64865.0,7128.000000000015
Niska - Passa passa (#BooskaMechant).mp3,Niska,Passa passa (#BooskaMechant),,2019-11-08,189.6489795918368,143.5546875,0.1703662872314453,11.0,2559.17402081514,2636.45743479221,0.0968782879619775,-133.92079162597656,88.70433807373047,14.661867141723633,-4.781848430633545,1.7307609319686885,11.542380332946776,-1.7921178340911863,5.600475311279296,-3.632436752319336,-3.7777440547943115,-1.1540181636810303,7.662909030914307,-3.167466163635254,47043.0,6083.0
Niska - W.L.G..mp3,Niska,W.L.G.,,2018-11-16,188.904,103.359375,0.1549833118915558,4.0,2739.777264417521,2661.8273874595898,0.0897027833542956,-170.20082092285156,71.3670654296875,41.56222534179688,5.331974029541016,-5.062422752380372,18.754697799682617,-5.5764665603637695,7.815670013427734,0.29513010382652194,-1.739222526550293,2.211228132247925,14.865878105163574,-0.3274327218532562,102.0,7.0
Niska & Gazo - R.A.S.mp3,"Niska,  & , Gazo",R.A.S,,2022-11-24,175.36,143.5546875,0.2080321907997131,1.0,2509.644483734946,2481.5254044138537,0.104488219270027,-120.63593292236328,81.85064697265625,17.233436584472656,12.87899112701416,7.832970142364502,10.322247505187988,-6.517762660980225,2.727301597595215,-2.936585664749145,-4.830164432525636,-1.2253460884094238,1.976037979125977,-3.4462249279022217,43693.0,5692.0
Niska & Ninho - N.I.mp3,"Niska,  & , Ninho",N.I,,2022-01-21,175.4645,135.99917763157896,0.2122297286987304,5.0,2471.185640565428,2315.94626532931,0.126661365615325,-73.37276458740234,91.463134765625,-15.029172897338869,20.913618087768555,0.6035799384117126,-0.6241626143455505,-5.05173921585083,7.802549839019775,-12.959625244140623,1.5166569948196411,2.2943973541259775,-3.656895399093628,-0.15114770829677582,156035.0,15597.999999999985
Niska & Tiakola - Journée.mp3,"Niska,  & , Tiakola",Journée,,2022-01-21,144.22204081632654,161.4990234375,0.1807060688734054,8.0,2699.624636986507,2673.130352060113,0.1094983930558243,-115.7839813232422,74.9320068359375,5.984137535095215,7.715285301208496,-3.8098094463348398,-0.27958184480667114,-10.808817863464355,-2.0309109687805176,-14.459717750549316,-3.793025493621826,-2.95315933227539,-5.439104080200195,-8.056150436401367,102021.0,9568.0
Niska feat. Booba - Médicament.mp3,"Niska,  feat. , Booba",Médicament,,2019-05-17,208.19591836734693,107.666015625,0.1570373028516769,2.0000000000000004,1713.5736380241049,2048.3563729372213,0.0679752125459558,-199.3583831787109,102.42448425292967,23.46775245666504,12.0003080368042,-9.328524589538574,11.201809883117676,-9.224766731262209,-1.2557890415191653,-13.474464416503906,3.6865124702453613,-1.4778077602386475,-0.3081408143043518,-1.3708566427230835,205461.0,23437.0
Niska feat. Koba LaD - Tous les couler.mp3,"Niska,  feat. , Koba LaD",Tous les couler,,2019-09-05,181.44653061224489,151.99908088235293,0.2296165227890014,11.0,2758.73484523832,2688.125844722902,0.1158241295593072,-87.03915405273438,66.30728149414062,12.914541244506836,13.825477600097656,-10.439363479614258,6.775692939758301,-5.749377727508545,-2.8292911052703857,-12.41816234588623,0.6549851894378662,-3.351865291595459,0.6085870265960693,-1.338149070739746,43614.0,5458.0
Niska feat. MHD - Versus.mp3,"Niska,  feat. , MHD",Versus,,2017-09-22,210.050612244898,123.046875,0.1771118640899658,3.0,2919.9833125459995,2622.249637888563,0.1329496873790634,-120.73970794677734,56.398868560791016,-8.699798583984377,-0.4003165662288666,-5.066919803619386,4.99771785736084,-10.273228645324709,-6.737623691558838,-13.011370658874512,-1.984130859375,-0.7529980540275574,0.1470248997211456,-5.1988525390625,55049.0,7613.0
Olamide - Stupid Love.mp3,Olamide,Stupid Love,,2012-11-12,225.9959375,129.19921875,0.2916644811630249,6.0,2674.292681469547,2645.724972275752,0.1209941663240131,-22.624347686767578,77.6710205078125,-3.121356725692749,15.132153511047363,4.500423908233643,0.18583202362060547,-0.03246781975030899,4.447366714477539,-5.4367356300354,3.9455740451812735,-9.7334623336792,-0.561774730682373,-2.4018850326538086,5207.0,1221.0
Olamide feat. Omah lay - Infinity.mp3,"Olamide,  feat. , Omah Lay",Infinity,,2020-10-07,171.76471655328797,198.76802884615384,0.2682954668998718,7.0,1880.302032659334,2333.581725788318,0.0559187850715944,-156.46090698242188,90.06185913085938,18.17197608947754,25.64079475402832,7.772811889648437,1.6907591819763184,10.659772872924805,2.6477437019348145,-1.7136688232421875,-2.111961126327514,-8.044947624206543,-0.4923444390296936,-6.295995235443115,5139.0,756.0
Omah Lay - Damn.m4a,Omah Lay,Damn,,,162.02884353741496,143.5546875,0.1742927879095077,3.0,1799.010017694666,2116.867215881142,0.0632966694078947,-170.5520477294922,98.35963439941406,9.80274772644043,25.961101531982425,5.253952503204346,-9.789852142333984,-8.096426010131836,-2.687349557876587,-7.697246551513672,2.4182612895965576,-2.771559953689575,-4.112351417541504,-2.208403348922729,85259.0,13691.0
P!nk - Bad Influence.m4a,Omah Lay,Omah Lay - Bad Influence (Official Audio),,,138.71600907029477,123.046875,0.1363343447446823,7.0,986.3688963360851,1331.264943868205,0.03893381597087841,-267.1162109375,136.26815795898438,14.854636192321776,27.544002532958984,13.680509567260742,-6.420194149017334,4.760313034057617,3.810615301132202,-17.54912757873535,-14.471056938171388,-14.808056831359863,-5.922727108001709,-2.328696012496948,25.0,1.999999999985448
Omah lay - Understand.mp3,Omah Lay,Understand,,2022-06-24,173.7279375,135.99917763157896,0.2432961910963058,2.0000000000000004,1563.7691350255086,2206.975815982359,0.0442996187475812,-140.64732360839844,117.44425201416016,27.608129501342773,28.04084587097168,13.447792053222656,1.6607553958892822,3.500268220901489,0.5850625038146973,-3.5631763935089116,6.141880512237549,-1.6983084678649902,2.5269360542297363,-1.330915093421936,639936.0,83918.0
Omah Lay & Justin Bieber - Attention.mp3,"Omah Lay,  & , Justin Bieber",Attention,pop,2022-03-03,187.32408163265305,117.45383522727272,0.211366593837738,0.0,1590.2836026349812,1932.145826851708,0.0580937530234133,-147.9977569580078,126.99398040771484,17.577333450317383,23.36261558532715,1.1777960062026978,-0.8093227744102482,-12.774404525756836,-2.148514986038208,-4.84052038192749,0.3740812540054321,-4.507463455200195,-0.3689869940280914,-6.99065637588501,393425.0,74215.0
OrelSan - Jour meilleur.mp3,Orelsan,Jour meilleur,,2021-11-19,181.11197278911564,80.74951171875,0.1407835781574249,9.0,2038.920679918712,2292.994256857923,0.0833424665610487,-150.8070526123047,99.39682006835938,6.04708194732666,45.08456039428711,14.40656852722168,1.220400214195252,1.928686380386352,-11.129822731018066,-5.782718658447266,-3.184545755386353,-3.922699689865112,0.4650501012802124,-9.943888664245604,409939.0,36847.0
OrelSan - L’Odeur de l’essence.mp3,Orelsan,L’Odeur de l’essence,,2021-11-19,284.6824489795918,123.046875,0.114595852792263,8.0,2139.192738434806,2370.017404812216,0.0866578282217492,-171.0035858154297,90.10852813720705,-1.2684231996536255,20.891735076904297,-0.9750285148620605,16.47637939453125,3.799662113189697,4.913759231567383,-0.7243797779083252,4.44027042388916,-0.05606726184487343,9.4830961227417,3.5679407119750977,1024.0,137.0
Other Minds - Bad Habits.m4a,Other Minds,Bad Habits,,,232.1298866213152,123.046875,0.2212191373109817,11.0,1963.98616947132,2247.092641546153,0.0773152921221942,-119.65486145019533,95.2583236694336,5.856413841247559,20.059106826782227,1.1153432130813599,5.82879638671875,-4.101441860198975,-1.2586424350738523,-7.862807273864746,1.466023087501526,-5.4790358543396,-1.8975788354873653,-5.444442272186279,151.0,29.999999999985448
Oyo Rockrider - Djadja (Aya Nakamura).mp3,Oyo Rockrider,Djadja (Aya Nakamura),,2024-02-27,175.0987755102041,129.19921875,0.1294481307268142,5.0,2351.951956078252,2442.8165508906045,0.0955279559911958,-174.32662963867188,83.99015808105469,1.0466125011444092,-2.3224081993103027,-4.525992870330811,-6.694608211517334,0.08321661502122879,-8.088723182678223,-7.306106090545654,4.376021385192871,-10.672459602355953,-2.295572757720948,-9.825189590454102,1.0,1.0
P-Square - Away.mp3,P-Square,Away,,2017-02-07,248.61266666666663,107.666015625,0.2979323267936706,8.0,2104.4805313166216,2420.0125978415817,0.0799689041940789,-49.00074005126953,103.3042984008789,-4.590433120727539,8.401141166687012,10.087003707885742,-1.108935952186585,-7.045022964477539,1.8504551649093628,-10.67189598083496,-4.664371490478516,-6.991568565368652,-5.18263816833496,-7.575094699859619,7482.0,1580.0
P-Square - Shekini.mp3,P-Square,Shekini,,2014-12-28,218.2008163265306,123.046875,0.2236688137054443,2.0000000000000004,2228.611500366788,2120.94246383996,0.1153513433025348,-63.991146087646484,109.2852020263672,-43.17604064941406,40.630897521972656,-30.531129837036133,31.45674705505371,-31.26295280456543,20.46636962890625,-23.266616821289062,10.448973655700684,-12.130980491638184,1.4873255491256714,-6.377879619598389,235977.0,30397.0
"PEDRO SAMPAIO, Anitta & Dadju feat. Nicky Jam & MC Pedrinho - DANÇARINA (remix).mp3","PEDRO SAMPAIO, , , Anitta,  & , Dadju,  feat. , Nicky Jam,  & , MC Pedrinho",DANÇARINA (remix),,2022-08-25,214.64816326530607,135.99917763157896,0.2747244238853454,0.0,2018.928500094516,2335.7103600454416,0.0764951912611261,-99.4756851196289,93.58119201660156,-4.2722578048706055,18.35395050048828,5.121300220489502,11.14224338531494,7.752962112426758,1.0695619583129885,1.2620099782943726,9.11366844177246,-0.3233896791934967,3.812203407287598,-0.17687109112739563,97.0,20.000000000014552
Passenger - All the Little Lights.mp3,Passenger,All the Little Lights,pop;folk;indie;pop,2012-02-24,235.84,172.265625,0.1166195720434188,4.0,1485.340872780649,2115.3647998801503,0.0450471576891447,-222.955307006836,113.97798919677734,19.37016868591309,26.202411651611328,8.397557258605957,7.244894027709961,-0.29369816184043884,-2.36650013923645,-12.16115951538086,-9.203028678894045,-11.141953468322754,-8.667734146118164,-13.433281898498535,662754.0,132071.0
Passenger - Let Her Go.mp3,Passenger,Let Her Go,folk,2013,254.208,143.5546875,0.11376810073852528,7.0,1402.4642296388072,1815.166148037752,0.0540202704745549,-222.54324340820312,125.24138641357422,19.98061752319336,18.8696403503418,8.504406929016113,0.4782905578613281,-5.060391426086426,-6.709359169006348,-4.581815242767334,-6.354977607727051,-13.834735870361328,-12.93896484375,-10.910026550292969,14138663.0,1427222.0
Pearl Jam - Alive.mp3,Pearl Jam,Alive,rock;alternative,1996,300.3036734693878,99.38401442307692,0.04896035045385361,10.0,968.1081090318792,1348.686475764582,0.0427068468217879,-362.8516540527344,92.20917510986328,14.991460800170898,24.066818237304688,10.756288528442385,-3.532051086425781,7.275175094604492,-10.294278144836426,-2.5194754600524902,-4.626023769378662,-2.607007026672364,-1.915069341659546,-9.090548515319824,12525956.0,1608426.0
Pharrell Williams - Happy.m4a,Pharrell Williams,Happy,,,240.6748299319728,161.4990234375,0.165759652853012,5.0,2567.627980793944,2880.519405148577,0.0994154986213235,-125.95844268798828,82.14656829833984,45.19959259033203,19.26931571960449,13.521693229675293,6.171499252319336,-4.004843711853027,6.060357093811035,-0.9506832361221313,-2.554126739501953,-7.120668888092041,3.9080674648284917,-6.151072025299072,3412765.0,471744.0
Pheelz & BNXN fka Buju - Finesse.mp3,"Pheelz,  & , BNXN",Finesse,electronic,2022-03-03,153.23528344671203,103.359375,0.168617695569992,8.0,2133.322268737516,2298.138588796697,0.080370262311339,-138.44625854492188,92.06757354736328,10.611772537231444,15.98749828338623,8.07078742980957,-0.5403277277946472,-10.055758476257324,-0.5821713805198672,-15.228667259216309,-4.274713516235352,-7.32914924621582,-4.234349250793457,-9.372421264648438,701657.0,84387.0
Phunk Junkeez feat. Sen-Dog - What's Next.mp3,"Phunk Junkeez,  feat. , Sen Dog",What's Next?,rock;alternative,2001-01-23,200.232,129.19921875,0.2821803987026214,9.0,2327.114751293057,2557.052247396984,0.0741975861068111,-103.83535766601562,80.13333129882812,21.623998641967773,17.644039154052734,7.765148639678955,8.500012397766113,-3.5154738426208496,9.25955867767334,-0.6820283532142639,4.968742370605469,2.2815213203430176,5.7892584800720215,-0.6701644062995911,166.0,36.0
Pitbull feat. Chris Brown - International Love (Darwich & Michael Rune radio remix).MP3,"Pitbull,  feat. , Chris Brown",International Love (Darwich & Michael Rune radio remix),,2012-03-14,211.488,117.45383522727272,0.1274401545524597,7.0,3041.276391935115,2843.8682607006226,0.1325003325754644,-92.12155151367188,63.18171310424805,0.19735515117645264,15.884995460510254,3.426978588104248,5.320922374725342,-0.43976765871047974,6.220400810241699,-0.07908805459737778,10.003883361816406,0.029836507514119148,5.536959171295166,-0.6691815257072449,11.0,4.0
Polo G - RAPSTAR.mp3,Polo G,RAPSTAR,rap,2021-10-29,168.288,161.4990234375,0.2197023779153823,5.0,2334.5320057717167,2524.258453989036,0.0801168624830688,-119.208740234375,86.9410171508789,6.613261699676514,4.902296543121338,1.454775094985962,-1.0666979551315312,-7.971339702606201,4.318221092224121,-4.6143059730529785,0.003043065546080248,-0.8726238012313838,0.8284319043159484,-0.4364659786224365,7001926.0,523777.0
Pop Smoke - AP.m4a,Pop Smoke,AP,,,167.90349206349205,151.99908088235293,0.2637796401977539,8.0,3048.1003048022703,2958.512993078424,0.1250674599095394,-42.58683776855469,68.67412567138672,20.342315673828125,6.445483207702637,-3.10664701461792,8.043281555175781,-1.028214931488037,10.746631622314451,-6.8990797996521,-4.440568923950195,4.2861266136169425,3.5062508583068848,-0.5537223219871521,239498.0,24271.0
Pop Smoke - Merci Beaucoup.mp3,Pop Smoke,Merci Beaucoup,,2021-07-16,175.7746485260771,143.5546875,0.2413152456283569,4.0,2316.7467352525214,2542.5475922835667,0.0796497451262577,-121.47445678710938,89.1539535522461,33.46308898925781,11.938678741455078,-14.079842567443848,-0.3552563488483429,-12.563077926635742,1.4900505542755127,-13.24112319946289,-4.133078098297119,-0.808753252029419,-1.6141942739486694,-8.481341361999512,1283881.0,139692.0
Pop Smoke - Flexin’.mp3,Pop Smoke,Flexin’,,2019-06-28,137.016,73.828125,0.1629416942596435,6.0,2710.7353322076874,2304.5528148441017,0.1441875256990131,-130.41395568847656,66.98664855957031,6.320001125335693,23.11272621154785,-3.8157713413238534,-4.1156907081604,-2.1082613468170166,-11.016742706298828,-11.004043579101562,-0.3183244168758391,-14.95549201965332,-3.806616544723511,-7.336134910583496,52.0,27.000000000014552
Pop Smoke - Invincible.mp3,Pop Smoke,Invincible,,2020-02-07,127.86,143.5546875,0.2443030327558517,6.0,2782.2007884692434,2687.015992149672,0.1185931982270704,-72.15425872802734,69.01968383789062,8.202438354492188,20.76237678527832,-2.0037682056427,-0.2409796416759491,-12.982189178466797,-0.877071797847748,-16.61408805847168,-2.994132041931153,-9.247794151306152,-1.1729319095611572,-5.68044376373291,5462952.0,416154.0
Pop Smoke - Dior.mp3,Pop Smoke,Dior,hip_hop;pop;rap,2019-07-26,173.03510204081633,143.5546875,0.2106223255395889,10.0,2462.835698489888,2483.721653956001,0.1242367771018769,-95.0722198486328,93.1369857788086,18.5148868560791,16.569564819335938,5.707422733306885,6.871884346008301,2.127093315124512,9.956832885742188,3.4255831241607666,5.602879047393799,-2.0905258655548096,1.8755083084106445,-3.4264748096466064,8734781.0,676565.0
Pop Smoke - Welcome to the Party.mp3,Pop Smoke,Welcome to the Party,hip_hop,2019-07-26,214.9877551020408,143.5546875,0.2620763182640075,9.0,3002.8046852895245,2851.121301615992,0.1168426419190209,-67.72017669677734,64.33106231689453,21.92259979248047,32.148956298828125,12.156846046447754,16.900117874145508,-0.8328956365585327,8.379130363464355,-2.5808162689208984,3.1815741062164307,-4.12041711807251,0.5412828326225281,-7.907666683197021,3219488.0,300835.0
Pop Smoke & Rah Swish - Don’t Know Em.mp3,"Pop Smoke,  & , Rah Swish",Don’t Know Em,,2021-07-31,111.696,143.5546875,0.2975400388240814,5.0,2536.958214485323,2677.3519901468694,0.0895538802486455,-57.57360076904297,85.08021545410156,13.246915817260742,21.44766998291016,4.554945468902588,4.419148921966553,-6.498867511749268,0.2739448547363281,-8.323521614074707,-1.4288095235824585,-6.615981101989746,0.4378017783164978,-2.788247346878052,1441.0,445.0
Pop Smoke feat. 50 Cent & Roddy Ricch - The Woo.mp3,"Pop Smoke,  feat. , 50 Cent,  & , Roddy Ricch",The Woo,hip_hop,2020-07-03,204.1469387755102,135.99917763157896,0.3002949655056,11.0,2415.364322565516,2660.013281830354,0.0794507667376161,-93.27606201171876,73.75184631347656,10.848230361938477,24.83248519897461,5.5178542137146,3.3730008602142334,1.6501351594924931,5.192368984222412,-1.7338213920593262,3.3960671424865723,-4.055141925811768,6.349849700927734,-2.494887351989746,41700.0,7671.0
Pop Smoke feat. Lil Tjay - Mood Swings.mp3,"Pop Smoke,  feat. , Lil Tjay",Mood Swings,ballad;hip_hop,2020-07-03,215.3534693877551,89.10290948275862,0.218624860048294,5.0,2559.42945865554,2627.0274909324926,0.0957683173495549,-114.95690155029295,75.31055450439453,32.9938850402832,19.22378921508789,-3.33772587776184,-1.4112745523452763,-15.985445022583008,-7.902124404907227,-13.630877494812012,-4.804959297180177,-15.69524002075195,-6.982419490814209,-10.048691749572754,47186.0,9804.0
Pop Smoke feat. Quavo - Aim for the Moon.mp3,"Pop Smoke,  feat. , Quavo",Aim for the Moon,rap,2020-07-03,179.8530612244898,143.5546875,0.2002458125352859,3.0,3221.3520049687622,3082.408086443352,0.1339630977288119,-95.5199966430664,59.13599395751953,35.054962158203125,13.197968482971191,-7.245043754577638,-7.043919086456299,-5.768215656280518,1.1928013563156128,-9.99555206298828,-3.8408520221710205,0.27116867899894714,3.037252187728882,-4.225991249084473,28648.0,3837.0
Post Malone & Roddy Ricch - Cooped Up.mp3,"Post Malone,  & , Roddy Ricch",Cooped Up,,2022-05-12,197.51183673469387,184.5703125,0.2591612637042999,4.0,2184.1142676711547,2251.9158805967227,0.0996932747194272,-87.0545425415039,96.93241119384766,-1.4451494216918945,14.556434631347656,-0.7959403991699219,7.802445411682129,3.103298664093017,7.621453762054443,0.5285426974296579,3.892889499664306,4.93859577178955,-0.3437606692314148,1.680398941040039,30079.0,5418.0
Post Malone & The Weeknd - One Right Now.mp3,"Post Malone,  & , The Weeknd",One Right Now,hip_hop,2021-11-05,215.616,95.703125,0.2120822817087173,8.0,1445.8064422932391,1537.7735396865803,0.0622380968217879,-194.0775756835937,95.13903045654295,37.90267181396485,36.33329391479492,8.875520706176758,18.143966674804688,9.271181106567385,4.851590633392334,2.473094940185547,7.797250747680664,3.715784788131714,1.6435750722885134,2.987912654876709,59143.0,13053.000000000015
Post Malone feat. 21 Savage - rockstar.mp3,"Post Malone,  feat. , 21 Savage",rockstar,hip_hop;house,2017-09-15,241.896,107.666015625,0.228973314166069,10.0,1353.6715641323465,1664.1560771306329,0.0446575152984713,-204.6723175048828,105.55359649658205,15.210213661193848,13.296964645385742,14.690142631530762,10.055893898010254,7.897835731506348,0.6145612597465515,0.39762628078460605,3.089956283569336,3.08036208152771,5.237083911895752,4.773210525512694,2203943.0,261274.0
Post Malone feat. Doja Cat - I Like You (A Happier Song).mp3,"Post Malone,  feat. , Doja Cat",I Like You (A Happier Song),pop,2022-06-03,197.88,99.38401442307692,0.1984894722700119,9.0,2182.10550569418,2474.737281776984,0.0814955389536571,-110.41629028320312,100.5501480102539,19.94545555114746,16.368206024169922,3.749079704284668,0.20856109261512756,-0.7487620115280151,0.9146280884742737,-7.143276691436768,-1.3980193138122559,-5.929904460906982,-4.071080207824707,-5.11280632019043,69810.0,14706.0
RAYE - Call on Me.mp3,RAYE,Call on Me,,2021-06-11,202.5273469387755,123.046875,0.2042431384325027,0.0,2493.807315329564,2466.2547009473874,0.1196974999395317,-82.14788818359375,90.45133209228516,1.9077129364013672,5.675120830535889,3.03393292427063,2.727788209915161,3.501484870910644,-6.701076030731201,1.2770323753356934,0.14857979118823994,-3.539417266845703,4.059901237487793,-2.8598525524139404,313988.0,52855.0
ROSALÍA & J. Balvin feat. El Guincho - Con altura.mp3,"ROSALÍA,  & , J Balvin,  feat. , El Guincho",Con altura,,2019-04-01,161.712,99.38401442307692,0.3388792276382446,6.0,2063.492056470334,2319.594774770744,0.0754776237180727,-101.6771469116211,91.80870056152344,11.89299201965332,19.75716209411621,1.0865727663040161,0.008977553807199001,1.637622237205505,-9.028965950012209,-2.4842755794525146,-0.38369062542915333,-7.550557613372803,2.0853865146636963,-4.928679943084717,5011207.0,446049.0
RV × Headie One - Trap - Roddy Ricch.mp3,"RV,  × , Headie One",Trap - Roddy Ricch,,2019-03-22,193.3583673469388,129.19921875,0.1180009990930557,9.0,1831.435119381677,1845.466817998219,0.0814414954406927,-201.3253326416016,92.2896957397461,-14.253387451171877,-14.079438209533688,-9.470267295837402,-12.20273494720459,-14.469930648803713,-8.482529640197754,-9.503739356994627,-1.2104785442352295,0.679482102394104,0.8461938500404357,0.37965285778045654,4.0,1.0
Rae Sremmurd - Not So Bad (Leans Gone Cold).mp3,Rae Sremmurd,Not So Bad (Leans Gone Cold),,2023-04-07,202.368,73.828125,0.1689039766788482,9.0,2362.3739771812147,2313.9873084515434,0.0995477729537538,-177.29747009277344,84.6883773803711,20.257274627685547,12.042366027832031,3.979295015335083,10.31755256652832,-1.5711129903793335,0.6185572743415833,-7.078580856323242,7.488812446594238,-4.563462257385254,1.3537354469299316,-4.159641742706299,541908.0,79393.0
Raon - Polaris.mp3,Raon,Polaris,,2020-01-03,224.16,95.703125,0.2808715403079986,10.0,2676.7197745483554,2585.3066017857705,0.1238724557976973,-26.604095458984375,69.5601806640625,-1.1837650537490845,39.07389831542969,6.9156928062438965,13.533076286315918,4.997048854827881,6.315656661987305,-0.2712617218494424,5.943491458892822,-0.7693936824798584,-0.7619985938072205,-2.662252187728882,2252.0,398.0
Raptile - Fight Back.m4a,Raptile,Fight Back,,,196.94149659863945,143.5546875,0.2496068179607391,10.0,2591.7180205281616,2372.858879935217,0.139195114466428,-31.55336570739746,76.70809173583984,-19.398649215698235,12.85841941833496,-1.9345760345458984,-1.3158156871795659,-7.672261238098143,1.6942777633666992,-10.568229675292969,-2.833864688873291,-6.801348686218262,-1.7508671283721924,-6.056167125701904,43244.0,9148.0
Rema - Dumebi.m4a,Rema,Dumebi,,,195.86031746031745,112.34714673913044,0.2078799307346344,5.0,1995.579311243049,2242.853477624501,0.0749111116486068,-98.5571517944336,101.8556137084961,10.03706169128418,18.2124080657959,0.7571775913238525,7.267167568206787,-7.30802059173584,-3.1374990940093994,-9.96513843536377,0.4624386131763458,-4.3406500816345215,-3.5680556297302246,-9.357439994812012,1167234.0,130658.0
Rema - Woman.m4a,Rema,Woman,,,238.9333333333333,112.34714673913044,0.2105415910482406,11.0,2339.939937531393,2530.002462160005,0.0858738193571014,-127.14408111572266,88.63020324707031,29.590587615966804,10.309208869934082,5.217434406280518,9.42772102355957,3.7179865837097164,7.754806995391846,0.16556107997894287,5.884371280670166,-1.7474045753479004,-0.2263588011264801,-3.536351203918457,365434.0,44569.0
Rema - Soundgasm.mp3,Rema,Soundgasm,,2022-02-10,205.08,198.76802884615384,0.178023561835289,8.0,2871.230392121381,2870.404568477264,0.1012061151557662,-149.82354736328125,62.5040283203125,33.61551284790039,16.749404907226562,-0.3332710266113281,5.425655841827393,0.36407795548439026,6.642747402191162,-4.996294975280762,2.8394124507904053,-4.972743988037109,-3.8220052719116206,-5.982876300811768,1211125.0,128668.0
Rema - Dumebi (Becky G Remix).mp3,Rema,Dumebi (Becky G Remix),,2020-03-21,188.256,151.99908088235293,0.2764794528484344,10.0,2183.688619651311,2371.57241027738,0.0835777259094427,-70.69290924072266,101.8018798828125,11.114651679992676,19.13705825805664,-0.6082477569580078,9.44870662689209,-6.216823101043701,-6.5089192390441895,-4.722787857055664,-0.7752745747566224,-5.0593767166137695,-2.5326452255249023,-4.748623847961426,1133.0,455.0
Rema - Iron Man.mp3,Rema,Iron Man,,2020-07-09,205.704,135.99917763157896,0.2693328261375427,6.0,2038.5237784373496,2552.966878719359,0.0653580703971555,-102.28013610839844,103.00078582763672,31.307889938354492,2.4242193698883057,-1.8412142992019653,5.7928314208984375,-3.146254539489746,-5.197213649749756,-14.771430015563965,-6.823444843292236,-15.36701488494873,-2.685436964035034,-12.050107955932614,84743.0,16930.0
Rema & Selena Gomez - Calm Down.mp3,"Rema,  & , Selena Gomez",Calm Down,pop,2022-08-25,219.8130839002268,143.5546875,0.2138001471757888,11.0,1833.302817399624,2303.009579468114,0.0595463141568304,-119.62142944335938,118.13225555419922,21.81068229675293,9.047493934631348,4.917287826538086,8.728339195251465,-6.093865871429443,-1.4669178724288943,-11.457283973693848,0.8089063167572021,-7.114811897277832,1.565812587738037,-3.61093020439148,2120706.0,237893.0
Rema feat. Rvssian - Beamer (Bad Boys).mp3,"Rema,  feat. , Rvssian",Beamer (Bad Boys),,2020-07-09,202.47510204081632,129.19921875,0.2009056657552719,9.0,2464.6341705509426,2861.6857130182448,0.0714901194852941,-141.27734375,76.30288696289062,19.093191146850582,6.680671691894531,3.60364294052124,0.9029038548469543,5.133575439453125,-0.0606689453125,-1.7093160152435303,7.205018997192383,-4.018884181976318,0.2896035015583037,-7.831825733184815,151472.0,24090.000000000015
"Rick Jayson - Sunflower (Post Malone, Swae Lee Cover Mix).mp3",Rick Jayson,"Sunflower (Post Malone, Swae Lee Cover Mix)",,2020-01-08,161.77632653061224,89.10290948275862,0.2185400426387787,2.0000000000000004,2032.4479534279224,2237.175433108706,0.0932365866268382,-108.30252075195312,102.21678924560548,12.868988037109377,25.721111297607425,-9.579435348510742,6.820679664611816,-2.2520692348480225,-3.7130322456359854,2.4765191078186035,0.4164213240146637,-5.238318920135498,4.781962871551514,-4.406719207763672,28.0,14.0
Rihanna - Don’t Stop the Music.mp3,Rihanna,Don’t Stop the Music,,2008-06-07,233.2473469387755,123.046875,0.06566639244556421,2.0000000000000004,2081.141662092989,2403.542577344956,0.0843626795907507,-230.685546875,102.51891326904295,-1.1988441944122314,24.090614318847656,8.14299488067627,1.2975333929061887,17.55915069580078,0.47825032472610474,12.107708930969238,4.845273971557617,2.1005609035491943,5.2722768783569345,-1.5093413591384888,7183.0,1761.9999999999854
Rihanna - Rockstar 101.mp3,Rihanna,Rockstar 101,,2013,218.17469387755105,161.4990234375,0.3399764597415924,10.0,1473.9489987283882,2028.5061395550383,0.034103346313854394,-136.71336364746094,113.27064514160156,22.66419792175293,19.620227813720703,18.13861656188965,14.365042686462402,11.271714210510254,4.689202785491943,0.9823535680770865,3.212231636047364,3.2576680183410645,6.51416540145874,4.576661109924316,1046367.0,145659.0
Rihanna feat. Drake - Work.mp3,"Rihanna,  feat. , Drake",Work,dancehall;rnb,2016-02-22,454.138775510204,123.046875,0.139563113451004,3.0,1892.431419733344,2267.5101453877246,0.0718958237591911,-194.4367218017578,102.9533462524414,14.312155723571776,22.78458976745605,14.571002006530762,6.895993232727051,6.002265930175781,2.3444204330444336,7.911306858062744,9.800527572631836,0.1446525603532791,7.1148600578308105,-5.017199993133545,9974064.0,1157952.0
Roddy Ricch - 25 million.mp3,Roddy Ricch,25 million,,2021-12-17,203.6244897959184,135.99917763157896,0.2900115251541137,3.0,2285.762795389533,2530.2055057160346,0.0743442216524767,-142.3269500732422,83.21393585205078,32.2101936340332,12.808785438537598,10.741250038146973,24.442995071411133,-0.41298404335975647,3.2652781009674072,-3.4366984367370605,5.226813316345215,1.2802823781967163,11.769420623779297,3.0108301639556885,629150.0,107825.0
Rohff & Tayc - Official.m4a,Rohff & Tayc,Official,,,190.101768707483,135.99917763157896,0.2893359959125519,6.0,2419.8203775867664,2747.572969955636,0.0885920568885448,-45.1922492980957,97.43155670166016,9.18788242340088,4.807411193847656,9.50568675994873,2.8380534648895264,-1.204035758972168,4.74968957901001,-8.726380348205566,-1.9650216102600089,-3.750485181808472,-1.9215303659439087,-2.535853624343872,19.0,8.0
Romain Garcia - Before You Go.mp3,Romain Garcia,Before You Go,,2022-02-25,246.336,112.34714673913044,0.1718764752149582,3.0,1849.716703347432,2265.691215813928,0.06150095086348681,-162.398681640625,104.4842758178711,29.27556610107422,25.42888259887696,9.617097854614258,9.26488208770752,4.997147560119629,6.762328147888184,-12.159435272216797,4.283588409423828,-3.378725290298462,-0.5685146450996399,-4.175838947296143,7761.0,2770.0
Ronan Keating - If Tomorrow Never Comes.mp3,Ronan Keating,If Tomorrow Never Comes,,2002-09-05,214.1336875,78.30255681818181,0.1751113533973693,10.0,1903.704655511264,2411.4312218714504,0.0666161882619001,-164.1345672607422,93.70195770263672,29.00558090209961,26.33499336242676,11.903079986572266,7.854717254638672,6.100142955780029,6.447061538696289,2.296515703201294,5.816091537475586,-6.27063512802124,-0.6639688014984131,-1.0903239250183105,808258.0,166645.0
Ronisia ft. Tiakola - Comme moi.mp3,"Ronisia,  ft. , Tiakola",Comme moi,,2022-01-28,171.552,151.99908088235293,0.2401878237724304,7.0,2578.108321164583,2704.829706626504,0.1074575890697562,-74.8845443725586,93.40118408203124,-2.0530333518981934,2.0804786682128906,12.69305419921875,-21.709318161010746,-3.8291029930114746,-1.462228298187256,-20.05251884460449,6.584221839904785,-10.873666763305664,-0.9931406378746032,-6.038145065307617,67.0,19.0
Roque Valero - En los balcones de Madrid.mp3,Roque Valero,En los balcones de Madrid,,2006,231.8735,151.99908088235293,0.0408899262547493,0.0,1855.3673147498075,2301.937114119314,0.0653650620404411,-293.6473083496094,109.55545806884766,15.918071746826172,21.84625244140625,4.559385299682617,11.8715238571167,-17.066328048706055,14.02633285522461,-17.994455337524414,10.18437385559082,-13.536349296569824,-4.250733852386475,-5.55772066116333,349.0,87.0
Rotimi feat. Wale - In My Bed.m4a,Rotimi feat. Wale,In My Bed,,,184.64507936507937,103.359375,0.2506270408630371,3.0,2297.6550288874614,2598.144176825245,0.0831372523824496,-90.24244689941406,86.22686767578125,13.20037841796875,20.549480438232425,11.969121932983398,8.610665321350098,1.2671800851821895,-2.070561170578004,-6.76407527923584,2.240917682647705,-7.37719202041626,0.9908912777900695,-3.895524501800537,332.0,85.0
Ruby the Hatchet - Holy Father.m4a,Ruby the Hatchet,Holy Father,,,185.08625850340133,117.45383522727272,0.2359220832586288,9.0,2149.6524192153315,2426.9272830810514,0.0740192047213622,-127.11245727539062,80.9830551147461,24.059255599975586,23.576135635375977,-0.6950780749320984,10.92218017578125,2.6584639549255367,5.305285930633545,-4.250089168548584,2.8274967670440674,-1.118902444839477,-2.495293617248535,-4.856822490692139,8173.0,2520.0
Runtown - Mad Over You.mp3,Runtown,Mad Over You,,2016-11-04,226.2204081632653,107.666015625,0.2150980979204177,4.0,1878.14861412464,2155.431202403331,0.0727282072368421,-144.1854248046875,99.93842315673828,8.820372581481934,18.98821449279785,9.12593936920166,-0.4844569265842438,-4.855109214782715,-2.290738105773926,-3.802753210067749,6.479644775390625,1.2131297588348389,-0.6965799927711487,-7.787765502929687,296076.0,38723.0
Rx Papi - Cardi B.mp3,Rx Papi,Cardi B,,2020-12-11,157.30938775510205,83.35433467741936,0.3613750338554382,5.0,2333.263912772974,2549.9791926343555,0.0695135630321207,-101.7914581298828,72.21734619140625,11.949464797973633,25.791603088378903,7.906615734100342,13.623863220214844,9.10886287689209,5.198620319366455,6.533730030059816,4.3760247230529785,-0.012228643521666527,9.349483489990234,-0.795465886592865,5557.0,1339.0
SDM - Compte sur moi.mp3,SDM,Compte sur moi,,2021-04-09,206.36959183673468,143.5546875,0.2487068772315979,10.0,2154.3921749897227,2498.610269156276,0.0721390195675309,-136.29327392578125,89.56877899169922,19.428503036499023,-1.6079188585281372,-6.691530227661134,2.5092198848724365,-1.5807572603225708,10.71463394165039,-6.478787899017334,-5.772057056427002,1.3671854734420767,2.85142183303833,1.9885890483856201,12987.0,2200.0
SDM - Rentrer.mp3,SDM,Rentrer,,2021-04-09,218.6133333333333,99.38401442307692,0.213933989405632,10.0,1964.697157453626,2286.1557173510228,0.0757933814459171,-131.05874633789062,99.0584487915039,22.937318801879883,21.19180488586425,3.7133848667144775,10.156204223632812,-1.7701200246810913,3.7655532360076895,-8.669405937194824,-3.5339794158935547,-4.941442489624023,-3.849945783615112,-7.544572830200195,16226.0,2180.9999999999854
Sandro Martinez feat. Sandra - In the Name of Love - Martin Garrix & Bebe Rexha Tribute.mp3,"Sandro Martinez,  feat. , Sandra",In the Name of Love - Martin Garrix & Bebe Rexha Tribute,,2016-11-05,205.08,129.19921875,0.1795194745063781,2.0000000000000004,2181.546709719204,2384.899488503349,0.0921124437645123,-126.60543060302734,96.13983917236328,-1.6207695007324219,-0.8883534669876099,0.7785905003547668,-3.12094521522522,4.870540618896484,-4.379165649414063,-2.596712112426758,-1.0738525390625,-9.058362007141112,1.3054041862487793,-2.0976927280426025,12.0,1.0
Saweetie ft. Doja Cat - Best Friend.mp3,"Saweetie,  ft. , Doja Cat",Best Friend,,2021-01-07,168.20244897959185,184.5703125,0.264258474111557,9.0,2775.1241930045235,2633.1407256217185,0.1059589208833204,-100.51517486572266,68.30132293701172,11.301493644714355,17.079435348510742,15.65527057647705,4.430595397949219,4.167534828186035,10.694615364074709,0.7292947173118591,13.513656616210938,1.6276086568832406,7.052761554718018,2.7728562355041504,30852.0,6384.0
Sean Paul ft. Dua Lipa - No Lie.mp3,"Sean Paul,  ft. , Dua Lipa",No Lie,dancehall;pop;house,,228.6497959183673,135.99917763157896,0.2493303567171096,9.0,2560.202113441582,2653.988178548454,0.103943060057082,-65.29783630371094,80.60971069335938,1.3845396041870117,14.257540702819824,10.05264377593994,2.6746792793273926,-4.020596027374268,-3.676656484603882,-4.577708721160889,6.51010799407959,-10.31472110748291,1.4651236534118652,-3.721879959106445,6095231.0,763712.0
Selena Gomez w DJ Snake - Selfish Love.mp3,"Selena Gomez,  w/ , DJ Snake",Selfish Love,,2021-03-04,217.74,112.34714673913044,0.1183037087321281,9.0,2018.2354717157173,2353.06261693609,0.06540379952351,-276.3411560058594,87.98251342773438,33.2071533203125,27.53677749633789,8.515921592712402,6.770803451538086,7.413218975067139,6.749342441558838,6.981758117675781,11.233091354370115,1.065407156944275,8.118490219116211,1.2547506093978882,12237.0,1564.9999999999854
Serge Beynaud - Kababléké.mp3,Serge Beynaud,Kababléké,,2014,244.279,135.99917763157896,0.2727954983711242,1.0,2234.840013634421,2567.7639744123235,0.0892914101804373,-45.036399841308594,97.49752044677734,7.314335346221924,10.388036727905272,-1.1639894247055054,1.378528714179993,-1.8923743963241573,3.3299994468688965,-8.54152774810791,8.395727157592773,3.0021159648895264,4.299664974212647,0.5033752918243408,189.0,19.0
Sexion d’Assaut - Avant qu’elle parte.mp3,Sexion d’Assaut,Avant qu’elle parte,,2012-01-18,274.5730625,89.10290948275862,0.1993714570999145,0.0,2351.93197516502,2416.462077805009,0.0975634690039667,-88.85883331298828,87.88159942626953,-3.3217804431915283,28.813661575317383,-0.22581619024276733,8.669432640075684,5.096155166625977,17.21250343322754,-5.442642688751221,9.641205787658691,4.495455741882323,-1.9928194284439087,-2.1063666343688965,27.0,13.000000000014552
Phsycloner - Shape of You.mp3,Shaghal,Shape of You,,2018-02-10,263.232,129.19921875,0.2530422508716583,1.0,1909.904857693614,2120.079961113681,0.0809724884505611,-113.59253692626952,101.1861572265625,6.208687782287598,23.27194023132324,5.369279861450195,-0.07962187379598618,-13.061738014221191,-5.5919342041015625,-16.57631492614746,-3.555662155151367,-4.468088150024414,3.2008888721466064,-1.909795165061951,1.0,1.0
"Shakira - Whenever, Wherever.mp3",Shakira,"Whenever, Wherever",dance;latin;pop,2003,197.0938775510204,107.666015625,0.0986273214221,1.0,2258.145168729803,2567.4080001514776,0.0841037998258514,-145.3086395263672,94.086181640625,4.763543605804443,28.843673706054688,9.38898754119873,2.3797731399536133,2.6107649803161617,3.820764541625977,-0.5794156193733215,3.178661108016968,-2.336692571640014,2.012960910797119,-4.6050801277160645,7821453.0,1163392.0
Shakira feat. Alejandro Sanz - La tortura.mp3,"Shakira,  feat. , Alejandro Sanz",La tortura,,2007-01-23,224.26122448979592,135.99917763157896,0.1237351521849632,4.0,2178.895697894946,2450.078091400605,0.0867566560444079,-158.73387145996094,91.95777893066406,3.7199947834014893,27.939638137817383,8.314783096313477,10.908323287963867,6.416975498199463,5.965595245361328,1.382412075996399,7.089858055114746,1.1695982217788696,5.917283058166504,-0.7248573303222656,1546470.0,238804.0
Shakira feat. Wyclef Jean - Hips Don’t Lie.mp3,"Shakira,  feat. , Wyclef Jean",Hips Don’t Lie,,2012-03-23,218.9844897959184,99.38401442307692,0.1033480614423751,10.0,2575.3770706616992,2464.8578172498983,0.1245631167763157,-115.79276275634766,75.99534606933594,-14.374651908874513,26.57304573059082,-0.29142576456070035,7.173007488250732,-6.903853893280029,2.641672849655152,-1.016645073890686,4.002412796020508,-3.0036070346832275,1.1512421369552612,-1.1359832286834717,2156.0,490.0
Shawn Mendes - There's Nothing Holdin' Me Back.mp3,Shawn Mendes,There's Nothing Holdin' Me Back,pop;rock,2017-05-21,237.432,123.046875,0.06509172916412348,2.0000000000000004,2020.0722243266864,2330.554160914734,0.0808252860148993,-267.5331115722656,96.7079620361328,4.175290107727051,18.26038932800293,8.429945945739746,8.290175437927246,3.8926420211791988,5.468009471893311,-0.5863454937934875,-0.9884214401245116,-2.46625018119812,1.7989670038223269,-3.4250848293304443,10189169.0,1106153.0
Sia - Elastic Heart (Blood Diamonds remix).mp3,Sia,Elastic Heart (Blood Diamonds remix),ballad;indie;pop,2015-05-01,307.2261224489796,129.19921875,0.1871135085821151,8.0,1883.0188861340948,2315.210499830961,0.0723480130127709,-124.40374755859376,105.87877655029295,7.809540748596191,15.247398376464844,6.287864685058594,10.962258338928224,9.257760047912598,2.466430902481079,6.864295482635498,8.630741119384766,2.0588979721069336,6.702693939208984,-1.930818676948548,10236.0,3134.9999999999854
Sia - Chandelier.mp3,Sia,Chandelier,ballad;indie;pop,2021-05-08,231.39265306122448,117.45383522727272,0.1783892512321472,8.0,2337.991074116245,2536.9419009182925,0.0953180177292956,-146.09710693359375,74.58907318115234,11.115104675292969,22.731351852416992,1.4763187170028687,4.036399841308594,7.913556098937988,-11.839797019958494,3.701477289199829,-0.7100185751914979,0.2909383475780487,6.707806587219238,-0.003164096502587199,15192062.0,1392305.0
Sia - Santa's Coming For Us.mp3,Sia,Santa's Coming For Us,,2017-11-17,208.64,184.5703125,0.0823487192392349,10.0,2848.506441391024,2798.7070011276164,0.1315772466984326,-183.53054809570312,67.23368835449219,5.323134899139404,11.67734432220459,17.2685489654541,3.337191104888916,5.674633502960205,-7.716207504272461,-0.22150300443172455,-9.3634614944458,-10.696908950805664,-2.6721439361572266,-9.062870025634766,1508813.0,374729.0
Sia - Together.mp3,Sia,Together,pop,2020-05-20,210.0767346938776,89.10290948275862,0.1462621837854385,7.0,2462.6702434380127,2285.952835179264,0.1213301431283862,-153.28700256347656,62.17150115966797,-18.4529972076416,5.866858005523682,-15.503751754760742,-10.760193824768066,4.554996013641357,-12.882296562194824,1.2453203201293945,-4.558497905731201,-13.274852752685547,2.488793134689331,-8.520745277404785,904014.0,132176.0
Sia feat. Kendrick Lamar - The Greatest.mp3,"Sia,  feat. , Kendrick Lamar",The Greatest,,2016-09-05,351.60816326530613,117.45383522727272,0.05893969535827631,5.0,338.44195723728785,714.7164560274446,0.0210061088065982,-500.4456787109375,75.90706634521484,61.30892181396485,44.07253646850586,28.26749420166016,15.393799781799316,5.99794864654541,0.3926897943019867,-1.599804401397705,-1.1626604795455933,-0.6483736038208008,-2.608920335769653,-7.767455101013184,3736319.0,496503.0
Silk Sonic - Leave the Door Open (PO clean edit).mp3,Silk Sonic,Leave the Door Open (PO clean edit),,2021-04-01,248.32,151.99908088235293,0.06718258559703821,7.0,2345.994909748158,2350.948342543208,0.1083230411305147,-190.62744140625,84.96100616455078,-7.134637355804443,20.07413673400879,-0.8143230080604553,6.878921985626221,-3.2220664024353027,5.942553520202637,-0.24632538855075836,4.751932144165039,-4.600823879241943,2.6459720134735107,-4.926758766174316,33.0,3.0
"Skylar Grey feat. Polo G, Mozzy & Eminem - Last One Standing.mp3","Skylar Grey,  feat. , Polo G, , , Mozzy,  & , Eminem",Last One Standing,,2021-09-30,257.44,151.99908088235293,0.2584505975246429,1.0,2558.9120507885696,2491.104773233087,0.1100747312185565,-50.28322219848633,84.72771453857422,-7.039266586303711,22.449602127075195,-0.3395298719406128,5.009493350982666,2.9377744197845455,4.039884090423584,4.488375186920166,2.4820661544799805,3.329404592514038,2.2417662143707275,4.24522590637207,13051.0,4263.0
Slimane - La Recette.mp3,Slimane,La Recette,,2022-08-05,202.750125,95.703125,0.2027585506439209,2.0000000000000004,2472.816573728412,2558.3528099113896,0.1070792844790054,-98.642333984375,97.9025421142578,14.129136085510254,-0.10866998136043549,3.103628158569336,5.85400915145874,-12.702096939086914,-3.775254964828491,-5.9072747230529785,-2.5232055187225337,-4.611486911773682,-2.984276294708252,-1.8641663789749143,72001.0,10711.0
Slimane & Vitaa - Pas beaux.mp3,"Slimane,  & , Vitaa",Pas beaux,,2024-01-01,157.586625,117.45383522727272,0.0726679190993309,0.0,2249.1630675641422,2338.439336139105,0.1001416847063661,-198.64187622070312,96.8770523071289,-4.321798324584961,24.596115112304688,-5.123206615447999,1.8718026876449585,-4.478280544281006,-2.6482908725738525,-1.9684900045394897,-4.132594585418701,-13.32801342010498,-2.256082057952881,-4.385043144226074,42.0,15.0
Snow Man - Grandeur.mp3,Snow Man,Grandeur,,2021-01-20,203.781224489796,129.19921875,0.1636739373207092,5.0,3012.6505675431467,2652.3752009602026,0.1590948429639125,-50.23091125488281,59.79058456420898,-9.429689407348635,18.886371612548828,1.6551311016082764,6.38974666595459,-0.4604230523109436,4.48508882522583,-1.7298345565795898,5.850461959838867,-1.8723729848861688,2.9583675861358643,-3.406858444213867,39054.0,3087.0
Soolking - Suavemente.mp3,Soolking,Suavemente,,2022-09-23,159.35725623582766,69.83741554054055,0.2506197392940521,0.0,2139.8356631126644,2361.3467133143654,0.0875828037321014,-118.08839416503906,91.28358459472656,4.17291259765625,6.215099334716797,-3.9196627140045175,4.962226390838623,-10.629565238952637,-11.799242019653322,-1.5520144701004028,-1.1383577585220341,-3.696742534637451,0.826655626296997,-2.211922645568848,460086.0,58170.0
Soolking & Niska - Balader.m4a,Soolking & Niska,Balader,,,198.85569160997733,129.19921875,0.187456876039505,4.0,1898.1957074035915,2069.161103049416,0.0807462993421052,-153.76087951660156,107.26889038085938,11.092083930969238,21.51831817626953,-2.3251585960388184,0.19559764862060547,-8.263960838317871,0.347484290599823,-3.3557057380676274,-2.748227596282959,-7.429971694946289,-6.614451885223389,-6.7786126136779785,1828.0,229.0
Soolking & Dadju - Meleğim.mp3,"Soolking,  & , Dadju",Meleğim,,2020-02-07,241.056,129.19921875,0.2986344695091247,10.0,1916.78806236724,2068.5584020680576,0.0866035957454527,-72.69302368164062,110.51097106933594,-4.729649066925049,9.539989471435549,0.9827693700790405,3.246861219406128,-9.247933387756348,-0.9209483265876772,-5.562589168548584,-1.4765945672988892,-3.088708877563477,-1.7564599514007568,-0.8260367512702942,258128.0,32242.999999999985
Soprano - Barman.m4a,Soprano,Barman,,,198.62349206349205,86.1328125,0.1736514866352081,0.0,2475.1714095335824,2765.9732500310097,0.0980262402041408,-112.79520416259766,84.31299591064453,12.922849655151367,12.94803524017334,18.96607780456543,5.561724185943604,0.06856544315814972,8.576558113098145,-5.1769208908081055,4.84618616104126,-2.317641019821167,-0.1907933205366134,0.10234428942203522,37253.0,7650.0
Soprano - Le Diable ne s’habille plus en Prada.m4a,Soprano,Le Diable ne s’habille plus en Prada,,,258.2291156462585,117.45383522727272,0.1714430004358291,0.0,2365.330506668847,2539.9625500028624,0.0971265857802825,-136.22268676757812,84.3714370727539,10.205517768859863,12.233917236328123,8.557268142700195,-4.704266548156738,-3.9706778526306152,2.769174337387085,-19.13541603088379,-0.973205864429474,-2.6302568912506104,-1.0852622985839844,-5.6867523193359375,3.0,1.999999999985448
Soprano - Millionnaire.m4a,Soprano,Millionnaire,,,193.81696145124715,112.34714673913044,0.1864058673381805,2.0000000000000004,1815.42770910062,2164.485366355663,0.0725783593145317,-117.07778930664062,111.70953369140624,-6.294132232666016,20.99257469177246,11.659549713134766,0.017174972221255302,4.399147033691406,7.219366073608398,-9.690969467163086,9.98681354522705,3.481740951538086,1.0703330039978027,1.428787112236023,40288.0,7132.0
Soprano - Fragile.mp3,Soprano,Fragile,,2019-07-05,222.576,89.10290948275862,0.1975389569997787,5.0,2682.842643284818,2587.563134346842,0.1259586109834558,-105.43026733398438,80.11014556884766,15.456650733947754,24.45067977905273,14.032254219055176,-7.820084095001221,-3.736363649368286,5.643609046936035,-16.53700065612793,3.000023126602173,-6.532618045806885,-4.067316055297852,-5.130921840667725,15689.0,3384.0
Soprano feat. Niska - Zoum.mp3,"Soprano,  feat. , Niska",Zoum,,2018-11-09,256.444125,135.99917763157896,0.2390260249376297,1.0,2698.435076195014,2733.300960706554,0.1050768400493421,-88.69988250732422,79.79881286621094,11.907567024230955,4.685989856719971,7.33540153503418,-4.871020317077637,-8.523765563964844,8.256773948669434,-24.163759231567383,11.67855930328369,-0.8250348567962651,-3.528182029724121,-1.813969731330872,270.0,50.0
Sove - Bop (feat. Bee Arnold).mp3,Sove,Bop (feat. Bee Arnold),,2019-06-14,183.6669387755102,129.19921875,0.2417368739843368,11.0,2578.3605822734858,2473.363979916359,0.1132848403033088,-85.35658264160156,81.10244750976562,0.7852442860603341,-1.4067832231521606,1.923667550086975,0.24362966418266296,-12.957534790039062,-2.509420871734619,-11.842254638671877,2.9223742485046387,-9.593132019042969,0.9979981184005734,-0.1682183742523189,695052.0000000001,84182.25
SpongeBozz - Started from the Bottom.mp3,SpongeBOZZ,Started from the Bottom,,,320.6530612244898,86.1328125,0.0900387465953826,9.0,2615.3857113809067,2402.3758899817976,0.122031386053599,-204.90054321289065,73.21318817138672,3.85583233833313,9.45291519165039,1.440629005432129,2.3546645641326904,-10.61192226409912,10.287205696105955,-7.178614139556885,1.6167322397232056,-0.1757192760705948,3.3627405166625977,-4.1089348793029785,52558.0,5240.0
Stefflon Don - Can’t Let You Go.mp3,Stefflon Don,Can’t Let You Go,,2020-10-15,194.6296598639456,103.359375,0.3112839162349701,0.0,1758.431451558831,2235.17923853314,0.0534928738148219,-103.7815399169922,106.52552795410156,11.44918441772461,20.041683197021484,12.92049789428711,6.311586380004883,6.344369888305664,1.835589051246643,2.4762673377990723,11.768461227416992,-1.0843024253845215,7.728421688079834,-2.1135401725769043,102.0,12.0
Storm Queen - Look Right Through.mp3,Storm Queen,Look Right Through,,2014-04-18,157.2,135.99917763157896,0.2599407136440277,8.0,2196.212799977189,2293.0748568942186,0.0853821367671246,-124.11600494384766,85.48148345947266,-0.827841579914093,11.116726875305176,7.399084568023682,-8.586075782775879,-3.8960676193237305,-5.228240489959717,-17.491592407226562,2.139658212661743,-13.04112434387207,-0.1544627845287323,-4.465778827667236,95425.0,15969.0
Stress - Ma musique meurt.mp3,Stress,Ma musique meurt,,2003-02-23,212.77,99.38401442307692,0.2761735022068023,10.0,2791.641501251548,2526.595687005288,0.148311083530863,-34.57255172729492,67.45891571044922,-8.77603054046631,24.066028594970703,-4.282625675201417,-0.4541968107223511,2.9429183006286617,12.970721244812012,-0.5344026684761047,10.38564682006836,5.013282775878905,-3.302394151687622,2.0879769325256348,11165.0,2148.0
Stromae - Alors on danse (clip officiel).m4a,Stromae,Alors on danse (clip officiel),,,234.84662131519275,117.45383522727272,0.04162701219320292,3.0,2433.0341811394346,2524.2372219729223,0.1071202895220588,-236.63912963867188,88.15044403076172,5.369427680969238,21.67423820495605,5.7248215675354,8.948202133178711,2.634346008300781,8.713603019714355,-7.257986545562744,2.8921384811401367,-2.9140853881835938,-0.8737407326698302,-4.328583240509033,10604.0,4577.0
Stromae - Papaoutai (Extended).m4a,Stromae,Papaoutai (Extended),,,232.5710657596372,92.28515625,0.1110241338610649,5.0,1996.8386114000384,2211.0640394184256,0.0852460831680534,-178.1820526123047,99.53025817871094,5.909599781036377,13.7111177444458,8.015852928161621,2.784900665283203,-2.9919357299804688,2.532964944839477,-10.410137176513672,0.5608335137367249,-7.799629211425781,-3.610831499099731,-5.668426990509033,3747.0,941.0
Stromae - Papaoutai (clip officiel).mp3,Stromae,Papaoutai (clip officiel),,,227.639,107.666015625,0.2791356444358825,10.0,2079.4930738818416,2369.1212349784228,0.0821200627660603,-65.1578369140625,93.59153747558594,-2.876765012741089,14.839275360107422,8.011116027832031,-1.06781816482544,-11.106806755065918,-0.11290464550256729,-3.830844640731812,-1.0484464168548584,-0.6143073439598083,1.392778754234314,-1.592411994934082,552.0,196.00000000001455
Stromae - Tous les mêmes.m4a,Stromae,Tous les mêmes,electronic;pop,,217.1762358276644,112.34714673913044,0.130201518535614,5.0,2200.8325440362573,2232.7036554660835,0.098951215714493,-135.39418029785156,98.0338897705078,-28.609907150268555,5.375237941741943,8.483742713928223,2.2417895793914795,7.9356608390808105,3.222217082977295,-11.535019874572754,1.925114631652832,-2.264509439468384,-1.674255609512329,-9.037139892578123,4599778.0,491828.0
Stromae - carmen (Clip Officiel).mp3,Stromae,carmen (Clip Officiel),,,215.7975510204081,129.19921875,0.12421464174985881,6.0,2568.3259611421377,2687.867918639204,0.0951655243203366,-147.2815399169922,82.6718521118164,13.530749320983888,5.376221179962158,-12.178483009338379,-8.010747909545898,-14.816783905029297,4.661176681518555,-19.250320434570312,1.847275853157044,5.303598403930663,3.745083093643189,-2.2102954387664795,145.0,73.0
Stromae - Fils de joie.mp3,Stromae,Fils de joie,,2022-03-03,195.4742857142857,123.046875,0.1852752119302749,7.0,2401.9020562137107,2584.0275215542706,0.103428512903928,-83.63773345947266,91.83747100830078,4.636663436889648,11.09763240814209,5.1173858642578125,3.728810787200928,-3.634948253631592,3.6046671867370614,-10.741275787353516,-4.381148338317871,-8.99849796295166,2.4896318912506104,-0.35813283920288086,1146572.0,139244.0
Sub Urban - Cradles.m4a,Sub Urban,Cradles,punk;rock;electronic;pop,,218.6855328798186,161.4990234375,0.2409504950046539,5.0,2278.435289191149,1944.1907760466013,0.1218405330882353,-95.79144287109376,72.00086212158203,-44.42280197143555,0.20287178456783295,-10.089061737060547,-13.028841972351074,-12.95664119720459,-13.076319694519045,-17.214839935302734,-6.031110763549805,-10.39756679534912,-4.0485920906066895,-5.095257759094238,4909931.0,563135.0
Sub Urban - Isolate.mp3,Sub Urban,Isolate,,2019-08-30,142.1322448979592,89.10290948275862,0.2694146931171417,9.0,2618.487783228885,2328.1216117687195,0.1325823426615712,-74.83499145507812,67.48604583740234,-16.695493698120117,10.531302452087402,-5.641285419464112,3.39111852645874,-5.877729415893555,-2.021073579788209,-4.779648303985596,1.8378651142120361,-3.548450231552124,2.585211992263794,-4.377595901489258,468540.0,57898.0
Sub Urban - Cirque.mp3,Sub Urban,Cirque,,2020-03-13,184.1371428571429,151.99908088235293,0.0889923274517059,7.0,2785.4044826913305,2357.8457352720748,0.1460406890963622,-149.2677459716797,61.44956970214844,-37.64955520629883,4.904651165008545,-5.297667980194093,-6.4067912101745605,-8.572883605957031,-0.6652629971504214,-4.973389625549316,-0.41571471095085133,-2.817418098449707,-0.9428425431251526,-2.8667383193969727,507212.0,62015.0
Sub Urban feat. REI AMI - Freak.m4a,Sub Urban feat. REI AMI,Freak,,,207.35419501133788,89.10290948275862,0.1079553291201591,2.0000000000000004,2429.402126364589,2082.711446208739,0.1319115228328173,-192.11965942382807,65.35112762451172,-22.039188385009766,9.403663635253906,-5.799169063568116,-7.373929500579834,-10.481082916259766,-11.121423721313477,-6.233471393585205,-4.913742065429688,-11.15528964996338,-3.1712076663970943,-11.536434173583984,1259.0,170.0
"The Bavarian Radio Orchestra, Francis Travis - Requiem for Soprano, Mezzo Soprano, Two Mixed Choirs & Orchestra.mp3","Symphonieorchester des Bayerischen Rundfunks, , , Francis Travis","Requiem for Soprano, Mezzo Soprano, Two Mixed Choirs & Orchestra",,1996-10-29,393.48,112.34714673913044,0.035843767225742285,10.0,1370.3689550104252,1133.8839079102393,0.0747824276194853,-316.5506591796875,156.7239227294922,-76.77763366699219,52.16039276123047,34.34532928466797,-26.81943321228028,-8.440193176269531,-24.039041519165036,-14.3816499710083,-3.3250982761383057,-15.38601303100586,-13.676166534423828,-5.790604591369629,46.0,12.0
TERIYAKI BOYZ - TOKYO DRIFT (FAST & FURIOUS).mp3,TERIYAKI BOYZ,TOKYO DRIFT (FAST & FURIOUS),,2009-01-28,255.2685,129.19921875,0.2608635127544403,10.0,1641.6435684619914,1725.9766917668169,0.0765592498306888,-75.36299896240234,140.81492614746094,-39.48677444458008,49.957767486572266,-20.02736091613769,14.818108558654783,-18.911241531372074,14.246994972229004,-7.549222469329834,15.342724800109862,-10.315475463867188,-0.5527330636978149,4.230969905853272,795924.0,116727.0
Ninho_-_Goutte_d'eau_(Clip_officiel)(256k).mp3,TNT,Liga essa bomba,,1999,170.16,135.99917763157896,0.1629348993301391,5.0,2013.082017859382,2191.32587938432,0.0870956562620936,-132.3588409423828,121.19204711914062,18.46062469482422,8.183594703674316,-4.726680755615235,-2.611732482910156,-2.2510759830474854,7.117837429046631,-7.32220458984375,-4.44819974899292,-2.8655760288238525,-1.0117833614349363,0.2366442084312439,12013.0,2476.9999999999854
TNT - Liga essa bomba.mp3,TNT,Liga essa bomba,,1999,170.16,135.99917763157896,0.1626409888267517,5.0,2117.817763488541,2318.105316520492,0.0889200972329721,-129.93724060058594,112.79397583007812,22.03471946716309,6.5753493309021,-3.330702543258667,-2.443698406219483,-3.894747734069824,8.218033790588379,-8.885448455810547,-3.491006374359131,-3.6534948348999023,-1.5311249494552612,0.15412865579128265,12013.0,2476.9999999999854
TRAELMYX - Dynamite.mp3,TRAELMYX,Dynamite,,2022-09-30,235.46375,135.99917763157896,0.1900971382856369,8.0,2425.779301047424,2371.1974093099047,0.1202783732222329,-76.7565689086914,95.77371215820312,-22.28203582763672,30.771339416503903,11.811585426330566,1.7525947093963623,7.171987056732178,-2.933537483215332,-2.4470226764678955,9.313036918640137,-8.42988395690918,6.632306098937988,-3.382586479187012,139.0,41.00000000001455
Takanashi Kiara - SPARKS (official music video).mp3,Takanashi Kiara,SPARKS (official music video),,,207.56,151.99908088235293,0.162210464477539,8.0,1494.1923486279056,1961.242131265676,0.0546468728836106,-203.6943206787109,115.85253143310548,14.426284790039062,5.030937671661377,7.983009815216064,-0.4266769289970398,0.9868029952049251,-4.227029800415039,-7.099012851715088,-3.8411245346069336,-6.905250549316406,0.4253203570842743,-9.094185829162598,18.0,4.0
Tayc feat. Leto - Ride.m4a,Tayc feat. Leto,Ride,,,196.3943764172336,99.38401442307692,0.1565150171518325,4.0,2307.546207114342,2450.3502711871342,0.1025212999467879,-119.66609191894533,86.9841079711914,2.545933961868286,14.205512046813965,-10.564447402954102,3.9495694637298575,-9.614058494567873,-2.4862613677978516,-8.909770965576172,-9.320042610168455,-8.788551330566406,-5.828842639923096,-10.795598030090332,9.0,5.0
Taylor Swift - Shake It Off.mp3,Taylor Swift,Shake It Off,pop,2025-12-12,215.48408163265307,161.4990234375,0.192487359046936,2.0000000000000004,2744.9657745604454,2685.9261071446585,0.1295449460623065,-62.54637908935547,73.18311309814453,-5.231503963470459,18.4600772857666,8.497093200683594,5.861467361450195,3.455849170684814,3.242501974105835,1.848122000694275,4.385428428649902,-4.344682693481445,5.303019046783447,-2.4613256454467773,18455305.0,1587041.0000000002
Team BS - Fierté.mp3,Team BS,Fierté,hip_hop;pop,2014-02-24,226.09333333333333,103.359375,0.1916295140981674,5.0,2887.064227965609,2656.748036872163,0.1458677876475425,-87.4416275024414,79.95016479492188,28.371891021728523,10.297738075256348,-0.6290400624275208,0.4144443869590759,0.6218824982643127,-0.49691781401634194,-4.288334369659424,3.9820551872253414,-1.0958741903305054,-2.840672492980957,-0.8397908210754395,23881.0,4347.0
Team BS - Jamais assez.mp3,Team BS,Jamais assez,,2014-02-24,255.25333333333333,89.10290948275862,0.2687536776065826,8.0,2742.1465653252085,2730.671190587512,0.1055791045859133,-64.04096984863281,79.58289337158203,18.895606994628903,24.938920974731445,1.837247610092163,5.165079116821289,1.1263617277145381,7.387332439422607,-2.9457864761352544,4.35190486907959,0.20236556231975555,2.991591453552246,1.8748066425323486,4468.0,948.9999999999854
Tekno - Skeletun.mp3,Tekno Miles,Skeletun,,2021-03-05,195.00408163265303,99.38401442307692,0.3148488998413086,9.0,2103.265955885543,2534.395190272601,0.0614127049874226,-75.0202407836914,88.6939697265625,21.593935012817383,28.669281005859368,9.133917808532717,19.67304801940918,2.6562035083770748,4.765711307525635,-4.353531837463379,4.736349105834961,1.2354810237884521,4.060810089111328,3.632899522781372,6.0,4.0
Teni - Case.m4a,Teni,Case,,,205.76507936507937,103.359375,0.2370217591524124,10.0,2346.896070241439,2530.4760601615035,0.0891753866945627,-85.11737823486328,85.201904296875,5.621284008026123,21.9056453704834,4.480409622192383,-2.167603969573975,-0.7417557835578918,-3.961817979812622,-6.87247371673584,5.17019510269165,-10.252970695495604,0.5142937302589415,2.2506206035614014,77085.0,13229.000000000015
The Dave Brubeck Quartet - Crazy Chris.mp3,The Dave Brubeck Quartet,Crazy Chris,,1996-03-06,210.432,92.28515625,0.1942857652902603,3.0,2223.245566515539,2403.630357063724,0.0912804382135255,-151.7421875,95.91512298583984,20.6064682006836,4.243719577789307,4.684305191040039,3.4887399673461914,-7.598892688751221,5.248448848724365,-10.121445655822754,-2.948728084564209,-1.2649765014648438,-0.2274984419345855,-0.6519893407821655,988.0,445.0
The Kid LAROI & Justin Bieber - STAY.m4a,The Kid LAROI & Justin Bieber,STAY,,,158.499410430839,172.265625,0.1489548981189727,1.0,1734.7602684456767,1747.3373558225317,0.0777523643092105,-199.875244140625,104.70272827148438,21.69979476928711,0.5176401138305664,-4.629700660705567,-2.223138332366944,-2.8189797401428223,-1.3880708217620852,-10.31827163696289,-1.0361263751983643,-1.3631280660629272,-1.720746994018555,-1.199620246887207,414186.0,33201.000000000015
The Shin Sekaï - Le temps.m4a,The Shin Sekaï,Le temps,,,221.7273469387755,99.38401442307692,0.1259678900241851,10.0,1982.087660069214,2146.225522829998,0.0837944668512964,-143.52682495117188,90.46044158935548,-5.743068218231201,15.090862274169922,-5.119685649871827,-2.979810476303101,-3.779550790786743,-0.5198262333869936,-11.703203201293944,-5.236674308776856,-4.911675930023193,-3.914212226867676,-4.473660945892334,513.0,127.0
The Shin Sekaï - Tout pour 1 euro.mp3,The Shin Sekaï,Tout pour 1 euro,,2016-03-25,273.26666666666665,92.28515625,0.2481313645839691,5.0,2335.0615855503547,2639.810099108355,0.089233776364164,-122.75926208496094,85.91597747802734,15.922412872314451,6.349184513092041,9.297344207763672,6.138824939727783,4.987600326538086,9.9073486328125,-1.2825003862380981,0.7740260362625122,-2.1917593479156494,1.973301887512207,-2.050687551498413,643.0,131.99999999998545
The Weeknd - Earned It (Fifty Shades of Grey).m4a,The Weeknd,Earned It (Fifty Shades of Grey),rnb;soul,,251.33278911564625,123.046875,0.092713326215744,2.0000000000000004,1914.9644115042624,2303.068301628915,0.0703759916795665,-206.8442840576172,110.81041717529295,15.387788772583008,14.805131912231444,10.022677421569824,3.8171000480651855,2.483629465103149,3.8656742572784415,-9.073307037353516,5.059758186340332,-3.7403934001922607,2.6526813507080083,-3.5492732524871826,8793689.999999998,994781.0
The Weeknd - Save Your Tears.m4a,The Weeknd,Save Your Tears,pop;rnb,,248.9179138321996,117.45383522727272,0.2301015704870224,0.0,2021.7759199965933,2365.9187320189885,0.0710252696884675,-83.46116638183594,99.06385040283205,12.606368064880373,35.70210266113281,11.950011253356934,19.13496780395508,0.7314747571945195,7.136624813079834,-8.922696113586426,9.373547554016112,0.5829420685768127,5.048725128173828,-1.281449556350708,26628096.0,1809541.0000000002
The Weeknd feat. Daft Punk - I Feel It Coming.mp3,"The Weeknd,  feat. , Daft Punk",I Feel It Coming,pop;rnb,2021-02-05,297.69142857142856,92.28515625,0.2286967039108276,10.0,1814.033847974681,2101.027599474892,0.0680617577520317,-110.39459228515624,120.3176498413086,9.874818801879885,10.413323402404783,9.703642845153809,-4.63669490814209,-6.043280124664307,-2.629840135574341,-9.983757972717283,4.593967914581299,-3.567737579345703,-0.3936247825622558,1.3501344919204712,15385091.0,1410055.0
The Weeknd featuring Daft Punk - Starboy.mp3,"The Weeknd,  featuring , Daft Punk",Starboy,contemporary;rnb;dance;electronic;house;hip_hop;jazz;pop;soul,2016-11-04,273.37142857142857,123.046875,0.2735157012939453,8.0,1070.5058135642628,1741.1741963677762,0.0232113108915441,-169.37557983398438,123.03375244140624,24.48272132873535,29.053544998168945,13.429040908813477,19.37820053100586,9.110135078430176,10.507308959960938,6.665902137756348,9.706866264343262,5.487055778503417,8.800238609313965,6.245798587799071,32504302.000000004,2279827.0
Thierry Cham - Océan.mp3,Thierry Cham,Océan,,2011-06-13,239.21125,117.45383522727272,0.154323473572731,11.0,2157.813281093895,2421.211107798905,0.0811801591524767,-135.11106872558594,95.31430053710938,10.860424995422363,26.31126594543457,9.824140548706056,10.347085952758787,1.5185201168060307,4.029791831970215,-5.085608005523682,5.255866050720215,-4.861968994140625,1.6335633993148804,-5.9557037353515625,23385.0,5367.0
Tiakola - 1ntro’p.mp3,Tiakola,1ntro’p,,2022-05-27,211.74666666666667,135.99917763157896,0.1656522899866104,0.0,2502.3744309730987,2394.0820157502294,0.1231005405863003,-91.14366912841795,93.1661148071289,-11.06294918060303,15.1398344039917,-10.84179973602295,-9.354486465454102,-4.1321001052856445,-5.955713272094727,-11.404600143432615,-3.9395246505737305,-9.174582481384276,-7.454809188842773,-6.473532199859619,54.0,3.0
Tiakola - Etincelle (Maradona).mp3,Tiakola,Etincelle (Maradona),,2022,212.94666666666663,143.5546875,0.2343943864107132,7.0,2137.713556437908,2529.259225671024,0.075326453052438,-108.0652313232422,98.39945220947266,9.717849731445312,-4.353495121002197,0.348366379737854,0.8000643253326416,1.2208966016769405,3.210944414138794,-13.829951286315918,0.5311589241027832,-4.3747429847717285,-9.320616722106934,-3.365650415420532,31.0,3.0
Tiakola - Meuda.mp3,Tiakola,Meuda,,2022-05-27,152.62,143.5546875,0.1301537007093429,1.0,2649.10885683026,2670.973127090743,0.1140871786111648,-128.48191833496094,80.76560974121094,-4.293764591217041,-9.641977310180664,-4.7341275215148935,-14.866456031799316,-8.452862739562988,-0.8968040943145754,-14.401969909667969,1.1491658687591553,-9.098088264465332,-2.69485855102539,-6.2777419090271,475128.9999999999,34906.0
Tiakola - Si j’savais.mp3,Tiakola,Si j’savais,,2022-05-27,223.60816326530613,129.19921875,0.207897275686264,8.0,2610.989126884582,2904.780297930008,0.0914051540126741,-127.5416259765625,83.36133575439453,32.17904281616211,2.8308639526367188,-1.6848968267440796,-6.894031047821045,0.27440527081489563,-1.0663186311721804,-8.770673751831055,8.616093635559082,-2.1875030994415283,0.2434178441762924,-0.9659506678581238,123.0,6.0
Tiakola - La Clé.mp3,Tiakola,La Clé,,2022-04-22,173.352,103.359375,0.0895518586039543,2.0000000000000004,2217.9109283055,2542.964660354049,0.0974612398413312,-205.76475524902344,107.92469024658205,23.33683204650879,2.593067884445192,4.103098392486572,-11.43734073638916,-0.81171053647995,-6.422362327575684,-24.49053001403809,-2.7110984325408936,-10.828923225402832,-7.354682445526122,-8.503121376037598,189811.0,16905.0
Tiakola feat. Niska & Gazo - Mode AV.mp3,"Tiakola,  feat. , Niska,  & , Gazo",Mode AV,,2022-05-27,192.92,143.5546875,0.2083297818899154,2.0000000000000004,2301.510556243873,2645.112635968796,0.0807504565354102,-96.14693450927734,90.69547271728516,10.59540557861328,11.28758144378662,5.221146583557129,1.3622556924819946,-2.9481449127197266,0.3171539902687073,-7.322773456573486,-2.9773335456848145,-3.930384397506714,-0.5784408450126648,-1.6114705801010132,549.0,72.0
Tiakola feat. Rsko - Gasolina.mp3,"Tiakola,  feat. , Rsko",Gasolina,,2022-05-27,189.1526530612245,117.45383522727272,0.178449347615242,9.0,2357.1898634695967,2519.5924231093527,0.0960734931308049,-130.0941162109375,93.2577667236328,10.92797565460205,1.0773501396179181,-6.189595699310304,3.9466238021850586,-17.11134910583496,-6.795323848724365,-14.834132194519047,1.4896210432052612,-4.830384254455566,-3.876409292221069,-4.686971187591553,1317.0,191.0
Timal  Gazo - Filtré.mp3,"Timal,  / , Gazo",Filtré,,2021-10-15,171.59836734693877,129.19921875,0.2395478785037994,9.0,2798.207920093476,2834.6898264784527,0.1185931982270704,-75.05337524414062,76.7190933227539,17.96879005432129,6.807142734527588,1.8944898843765259,3.177980899810791,-6.731931209564209,5.129936218261719,-2.1171114444732666,0.323214590549469,-6.032284736633301,-1.6671142578125,-3.926950454711914,255422.0,20701.0
Tina Arena - Tu aurais dû me dire (Oser parler d’amour).mp3,Tina Arena,Tu aurais dû me dire (Oser parler d’amour),ballad;pop,2005-12-05,198.72045,95.703125,0.1773327589035034,6.0,1847.8396080487817,2310.585089210108,0.0610801295230263,-153.9747772216797,114.7477035522461,18.38263320922852,24.461355209350582,16.86985206604004,0.6057676672935486,13.233682632446289,-2.315592288970948,0.20378051698207855,1.9121851921081543,-10.691068649291992,0.17922322452068332,-9.09223461151123,37.0,11.0
Tiësto with Mabel - God Is a Dancer.mp3,"Tiësto,  with , Mabel",God Is a Dancer,pop,2019-02-08,169.63918367346938,117.45383522727272,0.1905988305807113,8.0,3345.33340021951,2856.2570102673967,0.1724609752926664,-81.35765838623047,43.74709701538086,3.4715380668640137,12.364325523376465,4.360146045684815,-0.8742429018020634,2.408941507339477,3.2436187267303467,-3.5513877868652344,12.40213394165039,-9.926257133483888,0.9548097848892211,-10.99269962310791,65905.0,15300.0
Niska - Twerk Dans L'Binks(0).mp3,Tom Browne,Track 11,,2015,183.0032,135.99917763157896,0.2307668924331665,6.0,2734.124953517099,2695.3461938756686,0.1054729071933049,-103.01039123535156,57.60091018676758,-7.320303440093996,-9.09158039093018,-14.83399677276611,0.37252986431121826,-16.81011962890625,-8.470158576965332,-13.069607734680176,4.054530143737792,3.1040024757385254,4.687398433685304,-0.14171399176120758,1166572.3333333333,77044.58333333333
Tom Odell - Another Love.mp3,Tom Odell,Another Love,indie;pop;rock,2013-03-08,247.608,117.45383522727272,0.048834934830665505,11.0,1367.7588326078485,1576.113511379168,0.0648047857609326,-311.9183044433594,147.6762237548828,2.4245574474334717,7.107106685638428,0.3394057452678685,-8.554521560668945,-3.4091720581054688,-4.334628582000732,-8.33720874786377,-3.6408071517944336,-3.041778564453125,0.8328628540039061,-4.947865962982178,17866703.0,1409549.0
Tones and I - Dance Monkey.mp3,Tones and I,Dance Monkey,alternative;pop,2019-05-10,236.4604081632653,99.38401442307692,0.0667978376150131,9.0,1983.126229534023,2220.9946715777605,0.0885429264222136,-284.93780517578125,107.3510284423828,-9.388035774230955,1.3946865797042847,-1.4997920989990234,-8.30048656463623,6.592025279998779,-5.357810020446777,8.741353034973145,-0.9271382093429562,-0.659604549407959,-2.44081711769104,-3.448934555053711,7353369.0,741911.0
Toofan - Parle parle.mp3,Toofan,Parle parle,,2009-01-01,239.64725,129.19921875,0.2296114414930343,11.0,2269.154347763412,2429.7991229913914,0.0930995882111068,-61.00141525268555,84.15522766113281,-4.263115406036377,27.382259368896484,-0.8494182229042053,3.270480155944824,-6.813277721405029,0.5319144129753113,-10.035706520080566,1.08678936958313,-4.350705146789551,1.123714327812195,-1.701560616493225,7.0,4.0
Toofan feat. Fally Ipupa - Ye Mama.mp3,"Toofan,  feat. , Fally Ipupa",Ye Mama,,2021-03-05,200.09795918367348,123.046875,0.3069902062416076,9.0,2397.7821771326885,2654.0989567657416,0.0912619198069853,-36.830650329589844,84.73159790039062,13.937758445739746,20.546236038208008,2.0215494632720947,13.39793300628662,-0.9831870794296265,9.65766906738281,-5.542999744415283,2.364093542098999,-3.422719240188598,-0.7617573142051697,1.0519932508468628,3051.0,586.0
Travis Scott - HIGHEST IN THE ROOM.mp3,Travis Scott,HIGHEST IN THE ROOM,pop;rap;trap,2019-10-04,177.0,151.99908088235293,0.2791509926319122,4.0,1889.1592237388115,2213.1145442975626,0.0511960245138351,-126.95248413085938,106.75,19.345319747924805,18.271448135375977,16.754722595214844,18.701787948608395,-1.3816763162612915,16.33075523376465,-1.1040478944778442,13.935032844543457,-1.359615683555603,9.606191635131836,6.88877773284912,19308995.0,1389302.0
Travis Scott feat. Kendrick Lamar - goosebumps.mp3,"Travis Scott,  feat. , Kendrick Lamar",goosebumps,hip_hop;pop;rap;trap,2016-09-02,250.5665306122449,129.19921875,0.2266552299261093,11.0,2066.539040490437,2320.6565001649747,0.0788109368953173,-101.0746078491211,104.20758819580078,4.16613245010376,15.352076530456545,11.462121963500977,5.208500385284424,-4.613091945648193,2.63521695137024,-0.8487237095832825,4.566159248352051,-2.9879369735717773,4.608133792877197,0.2348860502243042,23058221.0,1666153.0
Tyga & Nicki Minaj - Dip.mp3,"Tyga,  & , Nicki Minaj",Dip,,2018-10-29,199.13142857142856,99.38401442307692,0.3623765110969543,11.0,2190.3919836236832,2597.7061308366915,0.0562524943159829,-74.48593139648438,88.64642333984375,10.323874473571776,28.102275848388672,19.986099243164062,4.042525768280029,8.591968536376953,6.54955005645752,1.0576845407485962,10.069705963134766,-2.843068122863769,6.428004741668701,4.04033088684082,172588.0,34691.0
Tyga feat. Offset - Taste.mp3,"Tyga,  feat. , Offset",Taste,,2018-05-16,232.5942857142857,99.38401442307692,0.3286617696285248,7.0,1917.2038910165493,2437.510147701691,0.0431792551518962,-101.98176574707033,99.67171478271484,24.010082244873047,36.39278411865234,24.32185745239257,8.110729217529297,7.566983699798584,10.546748161315918,5.668921947479248,11.867216110229492,-3.7550203800201416,8.718988418579102,6.25888442993164,77086.0,14351.0
"Tyga, G‐Eazy & Rich the Kid - Girls Have Fun.mp3","Tyga, , , G‐Eazy,  & , Rich the Kid",Girls Have Fun,,2019-08-23,177.68489795918367,99.38401442307692,0.4032304584980011,9.0,1993.751452701366,2565.5392618714573,0.0431250226755998,-69.5950698852539,96.39540100097656,29.72748756408692,37.69564437866211,23.948881149291992,5.8607378005981445,13.58230209350586,8.26417064666748,2.0865111351013184,12.130023002624513,0.8220952749252319,11.480494499206545,5.380361557006835,19977.0,7051.0
Tyson James - Rittenhouse (official music video).mp3,Tyson James,Rittenhouse (official music video),hip_hop,,154.69714285714286,107.666015625,0.2435637712478637,7.0,2447.4331203680586,2616.704866328039,0.0763799236285797,-117.67369079589844,75.32136535644531,29.127872467041016,28.1471004486084,17.057270050048828,14.377614974975586,9.23224639892578,17.32674789428711,5.3051371574401855,6.848972797393799,0.6677539348602295,-1.245405197143555,-1.6324867010116575,8.0,1.0
T‐Pain feat. B.O.B - Up Down (Do This All Day).mp3,"T‐Pain,  feat. , B.o.B",Up Down (Do This All Day),,2014-10-31,232.0195918367347,184.5703125,0.1807096302509308,0.0,1842.0021430221689,1806.208232332934,0.0931857554905185,-129.68484497070312,116.0985870361328,-30.609912872314453,31.006046295166016,-24.658004760742188,14.431596755981444,-22.55942726135254,-3.0807247161865234,-3.927210092544556,-3.6350483894348153,-6.669986248016357,4.5308685302734375,-4.806779384613037,39.0,15.0
UVERworld - ROB THE FRONTIER.mp3,UVERworld,ROB THE FRONTIER,,2019-10-16,232.34,112.34714673913044,0.2844838500022888,9.0,2358.85150415385,2250.177878464658,0.1184756630345394,2.7076950073242188,91.73626708984376,-29.873476028442383,39.88840103149414,-5.999749660491944,16.594606399536133,-0.47266754508018494,12.761006355285645,0.39853379130363464,12.306441307067873,-2.091921091079712,5.642123699188232,-4.046141624450684,213531.0,25391.999999999985
Umberto Tozzi - Perdendo Anna.mp3,Umberto Tozzi,Perdendo Anna,,1978,232.537625,184.5703125,0.1315763741731643,9.0,2075.4813355859046,2559.42187924585,0.0712397430703366,-148.57432556152344,104.42514038085938,22.30864906311035,17.88587760925293,8.279382705688477,6.543002128601074,9.499364852905272,-3.0584802627563477,-0.15989264845848172,6.343062400817871,-7.54896879196167,-0.8435604572296143,-7.780541896820068,5150.0,1990.0
Ute Lemper - Déjeuner du matin.mp3,Ute Lemper,Déjeuner du matin,jazz;rock,1995,243.2522448979592,143.5546875,0.1533569693565368,10.0,2642.29331400008,2612.1934613759668,0.1189809509844233,-124.3797378540039,80.06583404541016,6.784383773803711,9.678483963012695,6.387706756591797,11.921838760375977,-0.15496467053890228,10.025585174560549,-0.906477153301239,2.1108183860778804,5.020384788513183,0.4892064034938812,-0.2582716941833496,211.0,106.0
Vald feat. OrelSan - Peon.mp3,"Vald,  feat. , Orelsan",Peon,,2022-02-04,226.69061224489795,95.703125,0.1401616483926773,6.0,2627.861568076801,2520.64507572405,0.1139014276557662,-118.86750030517578,81.69109344482422,0.7590908408164978,7.211193084716797,3.255270481109619,4.76508092880249,-5.17990779876709,2.7861618995666504,-4.774386882781982,6.635563850402833,-1.6147208213806152,4.07621431350708,0.3270561397075653,1015.0,223.0
Vegedream - Mes doutes.mp3,Vegedream,Mes doutes,,2020-02-21,195.84,112.34714673913044,0.2031883001327514,3.0,2185.8163343495776,2390.09819736736,0.0909493744557856,-88.29447174072266,94.25594329833984,-1.4233496189117432,12.764986991882324,0.5408874154090881,-1.5751347541809086,-9.962279319763184,-3.0842959880828857,-7.166098594665527,-3.113501787185669,-1.9132034778594968,-1.58971107006073,-4.69420051574707,22666.0,2781.0
Vegedream - Madame Djé (Djenaba).mp3,Vegedream,Madame Djé (Djenaba),,2022-04-28,192.66,135.99917763157896,0.1769292205572128,9.0,2172.4225762001643,2392.024564487734,0.0852734828511996,-142.758544921875,74.07279205322266,4.51422643661499,22.87892723083496,11.373187065124512,9.536630630493164,-10.643239021301271,2.9244608879089355,-4.421996116638184,-1.0424606800079346,-7.751526832580566,-2.0397534370422363,-4.594379425048828,8350.0,2263.0
Vegedream - Tu m’as menti.mp3,Vegedream,Tu m’as menti,,2019-11-22,359.112,107.666015625,0.140457883477211,3.0,1322.3402320462362,1597.13528195464,0.0633480674342105,-192.3731842041016,143.7057342529297,3.380601644515991,14.827982902526855,14.800481796264648,5.013223648071289,-5.963706016540527,-2.6175310611724854,-10.647910118103027,-5.811894416809083,-0.3343329131603241,-3.2143366336822505,-7.187008857727051,198885.1666666665,21389.66666666667
Vegedream - Pas comme ça.mp3,Vegedream,Pas comme ça,,2018-11-30,180.744,135.99917763157896,0.2598402798175812,3.0,2349.516612641643,2489.9773557797403,0.0955134058146284,-60.07713317871094,87.62220764160156,6.459956169128418,23.343286514282227,2.2261061668396,8.39288330078125,-6.011991024017334,-1.2437814474105837,-8.500611305236816,-2.354186534881592,-0.6549382209777832,0.5026840567588806,-0.8680009841918945,3636.0,593.0
Vitaa & Slimane - XY.mp3,"Vitaa,  & , Slimane",XY,,2019-08-22,162.02,143.5546875,0.1504505276679992,5.0,2029.166425134487,2368.5901190986324,0.0841739052220394,-169.82034301757812,109.6764678955078,24.75657081604004,6.173495769500732,1.657514214515686,1.5090889930725098,-10.804237365722658,-2.9286999702453613,-6.471059799194336,-5.689798355102539,-8.674595832824707,-4.627905368804932,-5.12542724609375,43427.0,6836.0
Vitaa & Slimane - Ça va ça vient.mp3,"Vitaa,  & , Slimane",Ça va ça vient,,2019-06-21,213.07,135.99917763157896,0.1369985342025756,5.0,2118.920834496874,2300.67584533934,0.0889688497726393,-176.08131408691406,91.16635131835938,-2.9501073360443115,7.321413993835449,8.176301002502441,5.7256574630737305,-2.278262138366699,-7.217131614685059,-8.83781909942627,-2.4498181343078613,-15.380617141723633,-3.024810552597046,-6.130463123321533,113869.0,17386.0
Vitaa & Slimane feat. Gims - Hasta la vista.mp3,"Vitaa,  & , Slimane,  feat. , GIMS",Hasta la vista,,2019-08-22,208.3675,129.19921875,0.2631319165229797,5.0,820.9955062726508,919.0832029283474,0.045515030899284,-172.99227905273438,193.98123168945312,-5.66522216796875,16.923444747924805,16.774826049804688,10.879167556762695,4.080632209777832,1.8091353178024288,4.322512626647949,-4.788520336151123,0.004436953458935022,-3.329359292984009,-0.6201211810112,28949.0,5101.0
Wejdene - 16.mp3,Wejdene,16,,2020-09-25,178.68,107.666015625,0.2662487328052521,6.0,1894.3596573678824,2250.8990652555995,0.0676634230480843,-124.81965637207033,105.45697021484376,19.0698471069336,22.072105407714844,17.266590118408203,5.0056471824646,13.53779411315918,1.197454810142517,-0.009509202092885971,-0.42132925987243663,-6.4661030769348145,2.4836411476135254,-6.687405586242676,21162.0,3757.0
Westlife - Queen of My Heart (radio edit).MP3,Westlife,Queen of My Heart (radio edit),contemporary;ballad;pop;rnb;pop;rap,2001-11-05,259.978625,107.666015625,0.1234588623046875,6.0,1979.227733381903,2514.5769514723816,0.0635300391229682,-165.5884246826172,109.10052490234376,17.3941593170166,17.521181106567383,14.475245475769047,-3.1777977943420415,0.281755656003952,-0.22253619134426095,-3.3804244995117188,-3.301741600036621,-8.429398536682129,-3.6368994712829594,-7.400192737579346,45841.0,9457.999999999985
Who‐ya Extended - VIVID VICE.mp3,Who‐ya Extended,VIVID VICE,rock;alternative,2021-02-15,179.3996875,92.28515625,0.2681549787521362,7.0,2320.302450019404,2575.7307507871133,0.0950041496347716,-10.714174270629883,94.78108978271484,-3.2399210929870605,17.72015953063965,3.916783571243286,7.6304850578308105,6.011447429656982,3.832409143447876,0.312108278274537,10.486509323120115,1.0395095348358154,5.600072860717773,-0.7333672046661377,553.0,62.00000000001455
Wiz Khalifa feat. Charlie Puth - See You Again.mp3,"Wiz Khalifa,  feat. , Charlie Puth",See You Again,contemporary;rnb;pop;rap;dance,2015-01-26,232.6204081632653,161.4990234375,0.1102250888943672,10.0,2024.138553046581,2104.76421332674,0.1092784397373258,-240.8965301513672,99.745849609375,19.055295944213867,14.337038040161133,-1.7908447980880737,5.46069860458374,-1.5235542058944702,0.6652711033821106,-1.0057823657989502,-2.32879376411438,-2.02596402168274,-4.188447952270508,-3.1303634643554688,116682.0,21225.0
Wizkid - Joro.m4a,Wizkid,Joro,,,263.987664399093,129.19921875,0.1994286477565765,9.0,1606.3199398655963,2065.033704058804,0.0561816330664667,-159.56460571289062,114.45774841308594,29.003787994384773,17.385883331298828,4.417526245117188,0.24669313430786133,-6.967177867889404,-1.3227238655090334,-7.704718112945557,-4.6120123863220215,-6.77364444732666,-3.659624814987183,-8.74295711517334,490951.0000000001,64472.0
WizKid - On Top Your Matter.mp3,Wizkid,On Top Your Matter,,2014-09-17,284.9175510204081,123.046875,0.2830469012260437,0.0,2282.444221041077,2547.820097102004,0.0879820832527089,-67.34651184082031,87.97601318359375,1.577919602394104,10.054168701171877,7.963577747344971,8.983749389648438,1.4558171033859248,4.027161598205566,-0.03379023447632701,3.2568745613098145,-5.642598628997803,-0.9612602591514589,-3.6534481048583984,32854.0,5785.999999999985
WizKid - Show You the Money.mp3,Wizkid,Show You the Money,hip_hop;pop,2014-09-17,191.7713,123.046875,0.272636353969574,8.0,2788.375182732365,2974.6710997881864,0.1004194608044698,-66.10674285888672,75.25800323486328,21.51862335205078,15.441499710083008,14.690488815307617,4.953075885772705,0.6297895908355713,2.864707946777344,-4.415325164794922,6.143640041351318,-3.3219990730285645,-1.5024349689483645,-4.314733028411865,44287.0,8542.0
WizKid feat. Phyno - Bombay.mp3,"Wizkid,  feat. , Phyno",Bombay,,2014-09-17,200.96,135.99917763157896,0.2754384279251098,7.0,2308.466807352315,2269.745043441553,0.1079292415465363,-50.47020721435547,108.8018798828125,-16.593719482421875,50.44479370117189,-34.403316497802734,34.903892517089844,-29.939462661743164,22.718765258789062,-22.75076103210449,10.99405574798584,-10.301071166992188,6.64348268508911,-3.0606765747070312,3468.0,917.0
Włodek Pawlik - Track 10.mp3,Włodek Pawlik,Track 10,,2008-04-23,177.039,151.99908088235293,0.2264079302549362,0.0,2011.0880824375124,2250.004887050012,0.0773343774187306,-136.9250946044922,98.1684799194336,14.600854873657228,8.816364288330078,-1.1494864225387573,10.914692878723145,-1.0373839139938354,-0.3723310828208921,-13.43464469909668,5.108322143554688,-1.8116207122802725,-0.6776058673858643,-4.587000370025635,147672.16666666674,16339.75
XXXTENTACION - HOPE.mp3,XXXTENTACION,HOPE,hip_hop;punk;rock;jazz;rap,2018-03-16,110.99428571428572,143.5546875,0.1568276584148407,0.0,1971.875551625994,2020.746001372897,0.0834186187838622,-160.50833129882812,115.31549835205078,9.527127265930176,-0.050328683108091354,3.543334484100342,-6.953886985778809,-2.4740970134735107,-5.0616044998168945,-10.16706657409668,2.42379117012024,-5.727659702301025,-4.119424819946289,-4.031461715698242,11048383.0,868904.0
"YG feat. Lil Wayne, Rich Homie Quan, Meek Mill & Nicki Minaj - My Nigga (remix).mp3","YG,  feat. , Lil Wayne, , , Rich Homie Quan, , , Meek Mill,  & , Nicki Minaj",My Nigga (remix),,2014-01-14,239.32160997732427,172.265625,0.1997588574886322,10.0,2868.396862851067,2811.761690340485,0.1292548873476199,-72.10623931884766,75.65845489501953,7.697362899780273,2.531935214996338,-3.8910539150238046,-7.7102437019348145,-8.38370418548584,3.365337610244751,-6.250592708587647,3.715200424194336,0.34520888328552246,1.2625830173492432,-3.063639879226685,11179.0,2652.0
Yaro feat. Ninho & PLK - Mec de cité.mp3,"Yaro,  feat. , Ninho,  & , PLK",Mec de cité,,2020-02-14,197.95591836734687,117.45383522727272,0.1942477375268936,4.0,2061.515405450097,2419.2477625260067,0.0734313397953753,-130.9137420654297,106.72559356689452,23.95758056640625,13.395502090454102,8.110408782958984,1.6507734060287476,1.0379513502120967,5.843899250030518,-7.646408081054687,2.9685046672821045,-6.502684116363525,1.433356761932373,-3.488909721374512,51638.0,5750.999999999985
Yemi Alade - Boyz.mp3,Yemi Alade,Boyz,,2020-11-20,217.10367346938776,198.76802884615384,0.2563735544681549,10.0,2001.7029457360527,2205.6365259262543,0.087450529399671,-73.51986694335938,104.87879943847656,-3.3052210807800293,24.818265914916992,5.805655002593994,2.9449894428253174,6.084720134735107,-6.325742721557617,-5.063954830169678,3.024078369140625,-6.788917541503906,2.287032127380371,1.053146481513977,14954.0,4320.0
Yo Gotti - Down in the DM.m4a,Yo Gotti,Down in the DM,,,289.71537414965985,75.99954044117646,0.1496884077787399,1.0,2453.483621048314,2312.937034544412,0.1206321125798181,-137.1708526611328,82.87561798095703,-8.063467025756838,5.368934154510498,-5.257256031036378,0.5241060853004456,-16.802181243896484,-7.84254217147827,-15.813815116882324,-4.062366008758545,-3.324408769607544,-3.422528028488159,-2.8176727294921875,436702.0,99356.0
Young T & Bugsey feat. Headie One - Don't Rush.mp3,"Young T & Bugsey,  feat. , Headie One",Don't Rush,,2020-03-20,211.67020408163265,107.666015625,0.2377215474843979,3.0,1909.129529742426,2327.2555366275087,0.0527710338864164,-129.4396514892578,102.4354476928711,16.929201126098633,24.45904541015625,7.493400573730469,7.514114856719971,7.167494773864746,0.8434361219406127,-2.514299154281616,5.266459465026856,-8.367732048034668,6.112928867340088,-3.5690841674804688,12780.0,3146.0000000000146
Youssoupha - MON ROI.mp3,Youssoupha,MON ROI,,2021-03-19,197.4073469387755,112.34714673913044,0.1691827327013015,0.0,1901.727857393984,2166.4832398268263,0.0783236004619775,-148.04678344726562,118.94384002685548,18.62799072265625,10.357048988342283,11.164600372314451,4.584279537200928,-11.246912956237791,2.528483867645264,-12.560136795043944,-0.10512766987085342,-8.875798225402832,-2.837819576263428,6.177747249603272,46011.0,7496.0
Youssoupha - Tout l’amour du monde.mp3,Youssoupha,Tout l’amour du monde,,2012-01-23,256.6530625,161.4990234375,0.2090391516685485,10.0,2916.06215518208,2659.495453096916,0.1437132277355843,-82.60918426513672,61.18569946289063,-6.512350082397461,9.08787727355957,0.14386780560016632,1.623732089996338,-5.536899089813232,2.511463165283203,-2.8601536750793457,1.2570257186889648,-3.8930916786193848,-0.1698420345783233,-2.676237106323242,18.0,11.0
ZAYN ft. Sia - Dusk Till Dawn.mp3,"ZAYN,  ft. , Sia",Dusk Till Dawn,,2017-09-07,337.056,184.5703125,0.1173345372080802,11.0,1386.792758460668,1750.368384715786,0.0533587098490712,-211.7925720214844,132.76962280273438,23.72051239013672,10.836698532104492,9.10224151611328,10.00124740600586,-0.7448956966400146,-0.19178606569766976,-2.271573305130005,-4.920305252075195,-0.9454834461212158,-1.5028854608535769,-2.911348581314087,482497.0,21822.0
Zaho - 911.mp3,Zaho,911,,2012-11-30,205.56097505668933,161.4990234375,0.1652741879224777,8.0,2222.8479030957337,2345.8052414013064,0.0823545662611261,-151.73016357421875,87.14563751220703,-7.347835540771484,9.90696620941162,-4.152685165405274,-4.883401870727539,2.200987339019775,0.6362529397010803,1.8232883214950562,3.5636374950408936,2.3058276176452646,6.853240489959717,1.0377880334854126,9884.0,1569.0000000000146
Zaho - Allô.mp3,Zaho,Allô,,2012-11-30,238.56097505668933,161.4990234375,0.2000265419483184,5.0,2747.170757839047,2573.095493595132,0.1210094723539086,-96.49464416503906,72.21147918701172,8.100874900817871,10.357760429382324,6.329902648925781,-2.1365871429443364,-3.2018280029296875,-4.922379970550538,-9.3108491897583,-1.5814648866653442,-5.289178371429443,7.997873035492375e-05,-3.123027801513672,15648.0,2287.0000000000146
Zaho - Imagine.mp3,Zaho,Imagine,,2012-11-30,194.385125,151.99908088235293,0.2178452163934707,0.0,2749.349245586405,2816.3291990021453,0.1081316212751548,-33.08406448364258,79.20492553710938,2.3701767921447754,17.062335968017578,5.240206718444824,6.688636779785156,10.85196018218994,3.415938138961792,4.556862831115723,6.9897990226745605,0.03279798850417137,2.121227264404297,-0.2928489148616791,6399.0,1255.0
Zaho - Tout est pareil.mp3,Zaho,Tout est pareil,,2012-11-30,227.0409750566893,117.45383522727272,0.1681105941534042,6.0,2783.730682272864,2669.374844764987,0.1181791795665634,-100.13719940185548,62.90357208251953,-9.131248474121096,18.414146423339844,12.520065307617188,11.780113220214844,-1.393628716468811,1.7323013544082642,-1.3312735557556152,3.756376028060913,0.908889889717102,1.7134395837783811,1.6583304405212402,15326129.833333334,219670.8333333333
Zaho - Un peu beaucoup.mp3,Zaho,Un peu beaucoup,,2012-11-30,248.112970521542,117.45383522727272,0.0880673974752426,9.0,2625.1390075837794,2520.0628190189764,0.105408092770414,-169.27755737304688,83.19078063964844,-4.9697699546813965,9.353680610656738,-6.4786977767944345,-14.695932388305664,-7.029538631439209,-5.273277282714843,-7.551249027252197,-7.734629154205322,-13.45169448852539,-5.705108165740967,2.5711538791656494,12308.0,2064.9999999999854
Zara Larsson - Lush Life.mp3,Zara Larsson,Lush Life,electronic;pop,2015-06-01,201.6130612244898,99.38401442307692,0.2110615372657776,0.0,2318.488106128977,2376.4627182974577,0.097412298338332,-102.82405090332033,80.98428344726562,-14.630251884460451,14.330181121826172,1.0098305940628052,-2.6372652053833012,-3.64829158782959,-11.152249336242676,-2.6769819259643555,-8.864171981811523,-5.837754249572754,-5.347665786743164,-6.166982173919678,12193504.0,1362278.0
Zlatan - Ale Yi.mp3,Zlatan,Ale Yi,,2021-11-05,161.14938775510203,161.4990234375,0.2573069036006927,10.0,2277.0243019526483,2532.519505030746,0.0857570400178986,-73.20353698730469,91.3094253540039,11.588459014892578,16.59952163696289,3.4353787899017334,9.41533374786377,-6.553371429443359,5.288939952850342,-4.237471103668213,1.3494809865951538,-1.0186564922332768,-0.02142395451664922,-4.218124866485596,8313.0,1428.0000000000146
Zola feat. Tiakola - TOUTE LA JOURNÉE.mp3,"Zola,  feat. , Tiakola",TOUTE LA JOURNÉE,,2023-03-17,178.80816326530612,143.5546875,0.2133841067552566,4.0,2358.159589971848,2489.676037137775,0.1028370576746323,-104.41315460205078,94.18561553955078,12.472574234008787,3.8186519145965576,2.633378028869629,-2.9327795505523686,-8.551499366760254,4.257161140441895,-13.653423309326172,-3.979907512664795,-7.713746070861816,-4.673516750335693,-6.639062881469727,709.0,82.99999999998545
近藤晃央 - ブラックナイトタウン.mp3,近藤晃央,ブラックナイトタウン,,2013-11-27,196.02,92.28515625,0.1455149054527282,9.0,2694.679533051209,2325.2371848375737,0.1466956360052244,-89.98886108398438,70.92884063720703,-16.235355377197266,37.1114387512207,3.684490203857422,3.2939343452453613,2.5014789104461665,7.392135143280029,-3.3797123432159424,3.505540132522583,-4.127594947814941,-2.5196990966796875,-3.722189426422119,7552.0,467.00000000001455
