mfcc_1_std,mfcc_2_std,mfcc_3_std,mfcc_4_std,mfcc_5_std,mfcc_6_std,mfcc_7_std,mfcc_8_std,mfcc_9_std,mfcc_10_std,mfcc_11_std,mfcc_12_std,mfcc_13_std,delta_mfcc_1,delta_mfcc_2,delta_mfcc_3,delta_mfcc_4,delta_mfcc_5,delta_mfcc_6,delta_mfcc_7,delta_mfcc_8,delta_mfcc_9,delta_mfcc_10,delta_mfcc_11,delta_mfcc_12,delta_mfcc_13,rms_std,spectral_centroid_std,spectral_bandwidth_std,zero_crossing_rate_std,chroma_1,chroma_2,chroma_3,chroma_4,chroma_5,chroma_6,chroma_7,chroma_8,chroma_9,chroma_10,chroma_11,chroma_12,tonnetz_1,tonnetz_2,tonnetz_3,tonnetz_4,tonnetz_5,tonnetz_6,key_strength,mode_major_minor,tempo_confidence,beat_strength,onset_rate,rhythmic_entropy,inter_beat_interval_entropy,syncopation_index,rhythm_complexity,danceability,spectral_contrast_1,spectral_contrast_2,spectral_contrast_3,spectral_contrast_4,spectral_contrast_5,spectral_contrast_6,spectral_contrast_7,spectral_flatness,spectral_rolloff,harmonic_rms,percussive_rms,harmonic_energy_ratio,spectral_flux_mean,spectral_flux_std,spectral_flux_peak_rate,ssm_mean,ssm_std,ssm_diagonal_energy,ssm_repetition_score,novelty_mean,novelty_std,novelty_peak_count,num_segments,mean_segment_duration,segment_duration_std,section_repetition_ratio,fractal_dimension_higuchi
107.05405,37.073685,30.284302,25.358063,21.8269,19.2972,15.536392,16.219084,14.103123,12.898718,15.462862,14.044657,11.764136,-6.7696493e-09,-5.923443e-09,-2.327067e-09,8.4620616e-10,-5.5003397e-09,-2.9617215e-09,1.2693092e-09,-6.346546e-10,2.1155154e-10,0.0,-1.0577577e-10,1.6924123e-09,5.2887883e-10,0.08110978,1252.845018077118,607.2152146164252,0.0949920204617942,0.3474832,0.30588153,0.337848,0.42110398,0.604918,0.49431425,0.28332907,0.24622817,0.2759547,0.3472798,0.33046672,0.35151926,0.0525863535067056,0.0808223658173488,-0.1317162277420658,0.0553162382164022,0.0054171212896999,-0.0261399951777163,0.60491735,0,123.046875,1.8392197899334444,1.7777297,1.4618056887712618,0.9845396156814272,0.7107800878846658,1.4618056887712618,0.84818363,20.27588226745343,18.10200611992347,20.41844915228679,19.97712711382202,19.04445932703696,18.27449723671677,47.29994415711153,0.050949857,5732.8391697095785,0.07699067,0.06299358,0.5499913,53.25674,46.519028,0.4149750415973378,0.69160676,0.2743557,1.0,0.4344432238772597,53.25674,46.519028,3741,8,26.165986394557823,0.4,0.4344432238772597,-0.8052532226544312
98.66904,39.14628,31.860971,24.49252,19.87406,21.078936,16.88111,16.133532,16.368576,15.132234,13.68833,11.452076,10.6547365,0.005830073,0.0037934503,-0.0011803664,-0.0016370522,-0.0016172557,-0.0012169988,-0.00064532936,-7.664359e-05,0.0006303961,0.0006597381,0.0001537951,-0.00036141733,-0.00073906616,0.1122565,1015.1749280490916,603.4177112681737,0.0765702516356366,0.42191172,0.47255185,0.42591637,0.4102353,0.463277,0.4265385,0.5021695,0.44858754,0.38380444,0.3718594,0.3833251,0.4787722,0.0280217324929085,-0.073725159883107,0.0125167707358383,-0.0597193416055748,0.0130335699763745,0.0063304358885826,0.502169,0,143.5546875,2.314058762793414,1.8893602,1.6337625345700453,0.7573198455623037,0.5174466849628734,1.6337625345700453,0.8981653,20.514778728407546,14.996276961657973,17.535630731852347,18.5804109098414,18.928094664297625,18.193172545807275,47.28759802683644,0.03547821,5352.693213270822,0.118626915,0.10378923,0.53335327,90.48764,66.174736,0.3836911781065747,0.5801789,0.28579548,1.0,0.2519314873404017,90.48764,66.174736,3449,8,26.09052154195012,0.4,0.2519314873404017,-0.0543439381264388
86.089264,45.300095,23.456953,20.422207,14.036377,13.950763,10.349044,11.482922,12.601522,12.050525,10.906841,9.217597,8.852455,4.2807655e-09,-1.0701914e-08,5.350957e-10,-1.872835e-09,-1.3377392e-10,9.364175e-10,-6.019827e-10,-1.6721741e-09,-2.6754785e-09,1.3377392e-10,1.872835e-09,9.364175e-10,-1.3377393e-09,0.14887165,920.88500989239,792.421134556697,0.0322248195202098,0.30923757,0.38504872,0.42405903,0.36646628,0.4819205,0.3623947,0.36552307,0.3523613,0.31305152,0.42139158,0.33983967,0.37387687,0.166675946823987,-0.0821004321674451,-0.0008454484482826,0.0011447683799871,0.0023785265686708,-0.0133088027613846,0.4819209,0,103.359375,1.7096802563801186,1.9263912,1.5943970645998835,1.1014071812673012,0.914268025159957,1.5943970645998835,0.803504,20.43129344776056,16.49142495270994,20.308774711054163,18.523833834197404,18.74149065134805,18.038693561220832,47.67911039251754,0.026758766,3822.250782729433,0.21925156,0.13444643,0.61988175,113.19083,99.081116,0.3515712682379349,0.7860975,0.21497296,1.0,0.6565332368304119,113.19083,99.081116,2506,8,20.691003401360543,0.4,0.6565332368304119,1.7464346350823429e-15
88.436424,36.125717,24.107718,18.800638,16.62643,15.215686,12.975832,11.942526,12.531379,10.690604,9.843697,9.353125,8.822371,-4.711684e-09,7.067526e-09,2.9448026e-09,-2.9448026e-09,-2.6503224e-09,-1.4724013e-09,-1.4724013e-09,2.9448025e-10,0.0,1.177921e-09,9.570609e-10,-5.889605e-10,1.3987812e-09,0.08566705,870.8885649843515,541.4657519497497,0.0546183826218296,0.5389504,0.3694195,0.41284725,0.31900236,0.3268539,0.43710485,0.3561667,0.44628307,0.36274284,0.4442995,0.52073944,0.41142324,-0.0559879901727839,0.1843458897815363,0.0290954459910227,-0.044273933087388,0.0184968586627585,-0.013192726831492,0.5389504,0,92.28515625,1.4962849608168625,1.7018422,1.552290426648005,0.9587609787485222,0.6356239903770602,1.552290426648005,0.93946666,19.65173779231293,15.756313287937092,19.0529318928232,18.288307735386223,18.84423206889845,19.302137682491363,47.58724037502002,0.023648389,4779.98211972412,0.1464603,0.06360567,0.6972077,61.375744,36.670013,0.4255713403335392,0.72715205,0.23605517,1.0,0.4986280952954063,61.375744,36.670013,2756,8,18.79655328798185,0.4,0.4986280952954063,1.7464346350823429e-15
84.21885,35.737614,25.717587,19.86901,16.251385,15.568279,13.3498125,13.12343,11.837771,12.535869,11.491897,9.916029,9.716615,0.014977402,0.008404058,-0.001976665,0.0017571477,0.00120775,0.0015260654,0.002055051,0.00045668829,0.00087934826,0.00051186956,0.00079555076,0.0006390299,-0.0004067506,0.09399727,821.9390683850042,588.0024448889735,0.0544177617150907,0.371021,0.4186064,0.40104082,0.36939758,0.46105832,0.35422,0.4114117,0.34513706,0.40817055,0.44344267,0.40511388,0.5194983,0.0642178457813597,-0.0571024564532365,0.0440159878194963,0.0205859695415192,0.0046395739092136,-0.0083802244202535,0.5194989,1,123.046875,1.8760262725779968,1.8020158,1.3404181497846337,0.788692571267051,0.6782664657670904,1.3404181497846337,0.95650685,19.44191065419649,14.65827731100772,17.834459209949024,17.64924040877934,18.26726396851468,24.73509175649836,54.179341267639074,0.007837687,4168.272707521625,0.14655028,0.08403183,0.6355638,81.963806,54.544403,0.3592945662535748,0.7373471,0.21187423,1.0,0.5051544332914557,81.963806,54.544403,3769,8,30.45,0.0,0.5051544332914557,-0.0577981174281871
100.0778,34.866604,32.73295,20.305916,18.97976,16.140884,16.280432,14.859567,16.303543,13.516304,11.543731,11.4497385,10.826243,-0.016857376,-0.010349177,0.0036441416,6.9054804e-05,8.1787985e-05,0.0010250495,-0.00045297117,0.00019755278,-0.0007507554,0.00090106635,8.160138e-05,-0.0002208239,0.0015374064,0.15411346,1008.5057311038536,743.9163288470006,0.0708922907656,0.44366187,0.31539437,0.42448974,0.3865976,0.31534573,0.43731108,0.35769573,0.5004042,0.3810856,0.3642894,0.42049223,0.36419767,-0.042455207841764,0.2137317279065949,0.0272848214110939,0.0114766069692819,0.0029154911629,-0.0136354245945587,0.5004043,1,103.359375,1.7125051858347573,1.6957353,1.5837055028749685,0.9369054238291804,0.9270928398962252,1.5837055028749685,0.86530393,19.512485129586786,16.00695012278243,18.69301019550117,18.27212798623321,18.93830153755287,24.71152024280171,51.22628420707836,0.018206766,5652.712394049052,0.1851946,0.090582505,0.6715348,80.9989,70.34719,0.3809463881198087,0.57386065,0.31168294,1.0,0.2514968100053948,80.9989,70.34719,3027,8,23.06562358276644,0.4,0.2514968100053948,-0.1720583209453777
92.597,35.173206,24.279705,20.211859,17.822927,17.56355,15.480543,14.900246,13.69528,13.237924,12.290993,11.710723,10.251814,0.008589573,0.005845452,-0.00070195785,0.00066981744,0.00057435397,-0.0012245021,-0.0005128415,-0.0003457663,-0.00092048064,-0.0003844953,-0.00022770524,-0.0006239225,-0.00042356405,0.13752459,892.9951198500937,603.5446380867186,0.0547896094547655,0.31473503,0.4606533,0.3388009,0.2765931,0.38661617,0.3021764,0.42211938,0.24654241,0.34063604,0.42316285,0.3053018,0.42098442,0.1418028362689211,-0.2500147536661476,-0.0435103867049952,-0.0874179687988835,-0.0061416965931178,0.0192121073459449,0.46065307,1,117.45383523,1.9348491063433864,1.5140784,1.3678957019974742,0.8663459656624404,0.5769377287516763,1.3678957019974742,0.93699145,19.22459484290429,15.985649868389624,20.425614906457326,19.935623664305457,19.31949041306098,21.296947541977943,48.3758865022324,0.014875537,4967.904819076973,0.18722776,0.09862716,0.6549725,89.49356,82.28241,0.3409818569903949,0.65159917,0.26929212,1.0,0.3568888029867025,89.49356,82.28241,3195,8,27.198503401360544,0.4,0.3568888029867025,-0.0670594677974583
96.953125,34.74112,28.120392,21.673052,19.506662,22.075163,14.846737,15.199868,16.856655,12.518779,12.596319,11.507513,11.593075,0.0024828983,0.0031952993,0.0024079885,0.0015136254,0.0008294264,0.00045301282,0.00028366325,0.00017053288,3.523947e-05,-0.00011323716,-0.00023282845,-0.00029348885,-0.0002859426,0.19628994,1037.4578867550051,571.1622124990547,0.0772989367528483,0.4041399,0.32475427,0.42979255,0.4730069,0.37665913,0.48236653,0.36095405,0.49291426,0.3422817,0.32918027,0.40486008,0.3520959,-0.0953219004713005,0.1907073520563941,-0.0070677896462295,0.0997734985489191,0.0278890760895796,0.0281933183246962,0.49291548,1,123.046875,1.920988477674085,1.6508994,1.685705610898972,0.8902842461087402,0.5942861815398219,1.685705610898972,0.94673604,21.87959522030211,16.697328719649434,20.28707477374324,19.49607960223573,18.84356614947201,21.15293526521249,47.38254380098037,0.030837588,5832.426310506885,0.21257219,0.07949842,0.7278085,76.94788,71.56482,0.3496442991732359,0.64038664,0.2903136,1.0,0.3303451598457765,76.94788,71.56482,3637,8,30.19278911564626,0.4,0.3303451598457765,-0.0056180612962988
87.98198,45.852833,32.19538,21.905235,18.689941,14.692845,15.613357,14.205217,13.362861,13.968192,11.344287,10.226052,9.202561,-2.9519809e-09,2.2139857e-09,2.9519809e-09,-1.1069928e-09,-1.6604892e-09,-6.457458e-10,2.767482e-10,-9.22494e-11,-1.844988e-10,1.844988e-10,-3.228729e-10,1.1761798e-09,-1.4759904e-09,0.12516627,1091.5806729054914,648.5788832017109,0.0768360905148143,0.46591902,0.36838424,0.42798045,0.3616365,0.5245372,0.35190624,0.41052592,0.42795178,0.35895982,0.42699644,0.35221854,0.452651,0.1628791837271561,-0.018878282571019,0.0139414397981621,0.0850418966083712,0.009290593522447,0.0135823219227795,0.5245366,0,129.19921875,2.103928126062805,1.7614654,1.8115087781236887,0.93227306203809,0.6379608511649031,1.8115087781236887,0.9848855,23.46737885153417,15.090729543824107,18.703972749627216,18.96577087053908,19.1073101573642,21.41337450972238,49.72610423700951,0.023959367,4650.606362845962,0.16742554,0.11625536,0.59018755,104.75213,76.7699,0.4035987230337622,0.62239844,0.28736648,1.0,0.3254225218191953,104.75213,76.7699,4172,8,30.003401360544217,0.4,0.3254225218191953,-0.9964260154449835
86.32871,36.2543,27.908348,20.207647,18.950546,17.551498,15.430494,14.686165,13.538454,14.09788,12.637444,11.086988,10.660215,0.0030153398,0.00350016,0.0019208135,0.00081325293,0.0005971443,0.0005989988,0.00013438577,-0.00063663046,-0.0010720303,-0.00094488467,-0.0006668399,-0.00067183806,-0.000858223,0.14659563,1020.4131251430476,546.4837517517468,0.0768094157803037,0.3601002,0.29634166,0.41123933,0.3454173,0.474836,0.3531335,0.46667498,0.49456337,0.3288703,0.38581672,0.3485263,0.4727634,0.189024769682066,-0.0327123908210953,0.0932922759232375,0.0881212113209218,0.0310366165067076,-0.0206455771870064,0.49456328,1,143.5546875,2.254115743248093,1.6461312,1.499105534795953,0.9787697893393148,0.6543719635395961,1.499105534795953,0.97598386,22.294233713299903,15.653597157436236,19.55124455173867,18.338936739533143,18.76029492038305,19.685164513620368,48.18794471675012,0.028065085,5546.214569703508,0.18464899,0.12180926,0.6025238,102.574455,75.98696,0.3956564109703466,0.5028961,0.30856013,1.0,0.1669167997678582,102.574455,75.98696,2842,8,20.85074829931973,0.4,0.1669167997678582,-0.0245944888736289
121.96337,40.733215,24.44504,16.480276,16.25654,13.412555,13.857785,15.2095585,11.745471,12.983217,12.016512,11.280607,9.974338,1.261926e-08,-1.051605e-09,-2.10321e-09,-1.8403088e-09,-2.6290126e-10,1.1830557e-09,-1.5774075e-09,5.258025e-10,0.0,-1.3145063e-09,-1.5774075e-09,6.5725314e-10,2.6290126e-10,0.12886266,1183.4485110925646,861.4518483475983,0.0714287695337483,0.5094977,0.3098548,0.37241945,0.3703489,0.50484866,0.40666196,0.33931857,0.37206832,0.3460822,0.45754302,0.29873326,0.40212145,0.113218689903772,0.1432539847349419,-0.0704810047783504,0.0896764994402511,-0.0231019722243747,0.0027685832340288,0.50949705,0,135.99917763,2.0125860840655427,1.5172957,1.5545772781838758,1.2677188154889003,1.1445995760479573,1.5545772781838758,0.8506247,23.293088113502392,16.104524417538506,21.063911862256003,19.484597292656733,18.884501142617253,19.051487249497505,45.91235415037867,0.024300365,5841.874902411053,0.20309538,0.12926286,0.6110718,105.54673,77.38906,0.405982905982906,0.5698501,0.32554713,1.0,0.2730527248728389,105.54673,77.38906,2945,8,21.055,0.4,0.2730527248728389,-0.9993313555119786
99.260216,40.026417,23.887945,15.238973,14.0866,12.690423,11.951475,13.382479,12.468451,9.341453,9.059744,9.169649,8.403598,6.563747e-05,9.255217e-05,9.1667636e-05,9.021502e-05,8.819174e-05,8.562042e-05,8.252586e-05,7.892683e-05,7.4864205e-05,7.036169e-05,6.5469096e-05,6.0218877e-05,5.4658518e-05,0.13801682,1052.1067042817135,583.6693391299241,0.0756745432086915,0.5048577,0.46232873,0.42727247,0.5193685,0.41971955,0.49401626,0.37458766,0.42235532,0.4629672,0.41465852,0.4092255,0.39933425,-0.0605157694795609,0.03687328546777,-0.0163101207447053,0.0550597424101144,-0.0112918117694311,-0.0071746243926526,0.5193688,1,135.99917763,2.223125145112608,1.6101906,1.0821929294492774,1.5119693246134405,1.270494121877371,1.0821929294492774,0.7760885,20.68610048054941,15.090292780444829,17.686938371671392,17.68563821399625,17.46378353831637,18.70791198842608,47.35340458307353,0.031457968,6035.727815448113,0.19030298,0.13268183,0.5891992,127.77748,82.36191,0.3849575414476344,0.50964504,0.3477805,1.0,0.2249297810972021,127.77748,82.36191,2856,8,21.535,0.4,0.2249297810972021,-0.2061815049790523
110.102516,34.011623,26.683605,25.116112,18.64089,18.137098,15.802111,14.186479,13.24699,11.642958,11.626644,10.784958,10.080669,0.0,-2.681057e-09,-6.7026423e-10,-1.7873714e-09,1.7873714e-09,-3.1279e-09,2.4576357e-09,-2.4576357e-09,-2.2342142e-10,-1.1171071e-10,1.0053963e-09,-8.936857e-10,-1.6756606e-09,0.12678826,862.2997930072062,421.45925091615794,0.0693859541043541,0.38393754,0.31145382,0.28276134,0.35262364,0.28145966,0.38163668,0.25051695,0.3936456,0.36700302,0.29561168,0.4588682,0.29107386,-0.1890843690360401,0.1568594842867705,-0.0431789987557201,-0.003032447052219,0.0165767613264059,-0.0395586282991908,0.45886847,0,143.5546875,2.376227633526167,1.4906303,1.7619691015752932,0.9048813655948722,0.6371656625123758,1.7619691015752932,1.1402526,21.1824892104677,16.574374551454802,20.64129673702224,20.828659202414027,21.240722979102983,20.68898519658517,48.762828380888,0.020620411,6282.698560082215,0.20307922,0.1115906,0.64537036,104.26944,79.93983,0.3929240862230553,0.5346008,0.32574835,1.0,0.22433241247722,104.26944,79.93983,3354,8,24.776666666666667,0.3142696805273545,0.22433241247722,-0.8145514390965057
95.813805,33.072968,26.897526,20.136068,15.887032,18.16214,14.506727,16.428673,12.577471,15.087385,13.040048,10.229893,10.8834305,-2.7964426e-09,-2.0973319e-09,8.738883e-10,-2.4468874e-09,-2.6216649e-09,2.7964426e-09,-3.3207757e-09,-1.1360548e-09,-5.2433297e-10,-3.4955533e-10,1.0486659e-09,-5.2433297e-10,0.0,0.13912176,908.2295776172862,555.6665358950413,0.0608833801267173,0.32565153,0.25114855,0.3438701,0.30544317,0.43994978,0.30418822,0.37240258,0.49576488,0.38960004,0.49382594,0.35433248,0.39642298,0.2671975641322084,0.0039952714665479,-0.0069687454037327,0.1040621648424507,0.0445341820970054,0.007792236303538,0.4957656,1,129.19921875,2.0640391496527046,1.5642922,1.1801091133979036,1.3044100505602625,0.9547997268850676,1.1801091133979036,1.0492432,22.000187255584063,15.99741651374235,19.970217668111783,19.01052291119564,19.629322819098096,19.59181511836773,48.02847666529031,0.019903822,5080.206099162123,0.20396546,0.11383828,0.64179486,107.17889,77.92112,0.4258614369501466,0.5745411,0.28384924,1.0,0.2326760985725434,107.17889,77.92112,4647,8,31.67333333333333,0.3142696805273545,0.2326760985725434,-0.7357281425003068
85.4722,33.947582,32.285667,23.269411,21.075375,20.052542,21.456636,18.290829,16.750282,17.135616,13.29188,13.129251,12.902564,5.732077e-09,-2.1495288e-09,-7.1650963e-10,-4.478185e-10,1.6121466e-09,-1.6121466e-09,1.6121466e-09,1.20911e-09,-1.6121466e-09,-2.3286564e-09,8.060733e-10,-3.313857e-09,-2.41822e-09,0.107436866,1046.526907204797,618.3394945508646,0.0646713586394955,0.31069463,0.22456558,0.30955455,0.26347896,0.44332224,0.37758008,0.3714916,0.3985653,0.32792124,0.4143366,0.2656036,0.33691183,0.1903994922689656,0.1136965329887189,-0.0282099432992256,0.0465327662028085,-0.0097249463717648,-0.0045482316397674,0.44332156,0,123.046875,2.002103219543763,1.6928765,1.4742838531841067,0.8717758518346288,0.6519852939680647,1.4742838531841067,0.85702574,23.308748773591034,17.087519635472418,20.59501079521188,20.184670076684544,19.98205951272889,20.68244873582974,47.80890203357367,0.018952573,5947.552403106804,0.15943764,0.088482715,0.64309764,80.23828,71.01351,0.376068376068376,0.63233584,0.23717599,1.0,0.2604740430896819,80.23828,71.01351,4004,8,30.905,0.4,0.2604740430896819,-0.7861482012388313
115.42766,46.683838,29.393797,24.07206,20.860212,20.663618,16.05851,19.04315,15.84442,13.13199,14.16512,12.676692,11.887884,0.0,-7.9192386e-10,-2.3757716e-09,9.899048e-10,-2.1777906e-09,-9.899048e-10,2.3757716e-09,1.3858668e-09,3.9596193e-10,1.4848572e-09,5.939429e-10,0.0,5.939429e-10,0.12977198,1314.512387514721,835.4809442700929,0.0807254045326445,0.3341404,0.34943527,0.35919344,0.5199273,0.36520776,0.364149,0.43501395,0.33934435,0.34893534,0.36260444,0.47208697,0.44018105,-0.1238322394411903,-0.0922017607501256,0.1024843568658107,0.0367495638929627,-0.0059237900027038,0.021407013979214,0.51992714,1,99.38401442,1.6005007153075823,1.8372164,1.581465958367165,1.5334262975986932,1.4297957076176635,1.581465958367165,0.86642104,21.77663140772924,15.763024478897622,18.47476227967301,18.444811414375387,19.280647724257875,19.58317651654865,47.67555357289276,0.017192861,5348.109841183406,0.18722345,0.12794188,0.5940464,113.63535,78.569244,0.4835461434651718,0.564808,0.2810337,1.0,0.2227092227380115,113.63535,78.569244,4658,8,27.96,0.3142696805273545,0.2227092227380115,-0.978062021515981
74.620636,22.476574,20.926899,16.826574,16.055584,14.203149,14.6412525,12.804783,10.253532,10.320471,10.239428,9.308028,9.206734,-3.6077052e-09,9.019263e-10,9.019263e-10,-6.7644473e-10,-1.0146671e-09,4.5096316e-10,-1.1274078e-09,-1.3528895e-09,6.7644473e-10,-9.582967e-10,-9.019263e-10,0.0,1.578371e-09,0.11174439,616.7534929502277,297.7100909857543,0.0499864207737979,0.47328773,0.33968455,0.5085211,0.42968762,0.35531223,0.3641278,0.36555904,0.43880594,0.32262957,0.37010223,0.39415315,0.35341883,-0.0252845222480058,0.1202823057675527,0.0473462844902255,0.0307870659854598,0.0143416689271183,0.0089356305013898,0.50852126,0,99.38401442,1.6242362525458247,1.4459113,1.2650701572926693,0.6360814937926627,0.4514851617841515,1.2650701572926693,1.0152415,21.88541263908289,15.67937397762407,18.8940776845434,18.95252001915711,19.4514528491806,18.84557231286347,45.67869406350432,0.026384111,6154.719700933362,0.21513505,0.10723767,0.6673467,108.6077,56.64706,0.4212579806100733,0.557196,0.29482907,1.0,0.2252753107794583,108.6077,56.64706,3563,8,24.55,0.3142696805273545,0.2252753107794583,-0.4530297602676792
95.76141,28.638977,24.094416,16.755417,17.233965,13.69337,11.183894,13.243506,13.0563345,11.592793,11.060529,8.806865,8.534278,0.001015365,0.0012449933,0.00078907947,0.0003229639,4.237873e-05,-3.4918456e-05,-2.0471572e-05,-1.6507363e-05,-3.5392026e-05,-3.843252e-05,-2.0130923e-05,-2.867865e-05,-0.000103560385,0.123996936,855.4486863258803,457.6353146460273,0.0612560026992743,0.34954765,0.47481036,0.33602023,0.3829175,0.40007034,0.354296,0.4677503,0.35588425,0.38942167,0.25243744,0.23721918,0.26969373,-0.0633527059376012,-0.1594841029853917,-0.0373437461153594,0.0276588952914073,0.0220244306997487,0.0488103841598789,0.47481045,1,129.19921875,2.088757038203064,1.67887,1.4911122453383463,1.7051723762645934,1.6297403059128162,1.4911122453383463,0.85561955,24.166296590412315,16.686995464479974,19.194810564439265,19.12518837059012,19.547244135539,18.732503743103244,46.2863683233052,0.019790018,5895.075890797971,0.20882155,0.12510836,0.62534356,114.88765,75.689224,0.41828342471531,0.557027,0.31278795,1.0,0.2323631492057069,114.88765,75.689224,3967,8,27.52833333333333,0.4,0.2323631492057069,-0.0558864907612229
70.53621,28.44471,20.368856,18.217463,14.8946085,12.163827,12.024751,11.447881,11.986926,10.5273075,11.284003,10.525345,9.367591,0.00091338326,0.002201247,0.0009918384,0.00055976753,0.00024674198,-0.00062276796,0.00027334262,0.0001916802,-0.00026020667,-0.00022405165,0.00021545925,5.3769305e-05,-6.701684e-05,0.09978798,700.554429502371,437.0339642236052,0.0462214561118697,0.3493407,0.45601287,0.35702255,0.49411833,0.3799552,0.4102037,0.44526854,0.35062122,0.49036902,0.32796532,0.39401028,0.5163397,-0.0391831454288278,-0.1419779334956223,0.0656864624642602,0.0701358179991141,-0.0059711030490044,-0.0275092947483668,0.5163401,1,117.45383523,1.9465780017845515,1.6524858,1.5447259100172637,1.012798576377732,0.846767716172437,1.5447259100172637,0.9512737,24.45148376083049,16.440400582322418,20.197722628469823,19.73292319815228,19.984383526239288,21.32046584011464,48.91945286715876,0.01992607,5076.740257771735,0.17536953,0.12294159,0.5878726,106.14229,67.43038,0.364912538585918,0.65369034,0.24954967,1.0,0.3400657861758682,106.14229,67.43038,4965,8,39.49238095238096,0.4,0.3400657861758682,-0.0550431482386931
98.28318,33.171024,26.136093,18.545685,18.781984,16.657543,13.644576,13.299241,12.715424,11.76599,11.48186,11.501793,9.629505,0.01684079,0.006620598,-0.0029009555,0.00037047017,-0.0008099026,0.00082538126,-0.00051729986,0.00019037719,6.566708e-05,0.00023563794,-9.9442026e-05,-0.00025758042,0.00024685633,0.14061093,984.5738815148982,614.8830508689107,0.0574246257505395,0.3416282,0.33113998,0.48348632,0.367358,0.4518643,0.37396476,0.3581857,0.38558745,0.31503043,0.35237306,0.31745872,0.36141032,0.2454924067876519,-0.051784873401703,-0.0433464530410407,0.0975936922490422,0.0371534077864743,0.0011017757983925,0.48348695,0,151.99908088,2.4422175923312586,1.6734021,1.2887967129396218,0.9004101107020782,0.6092996835743865,1.2887967129396218,1.0924077,21.30594075678026,15.42180874578834,19.228827505385503,17.981182746393017,18.64872144528269,18.60310227039194,47.51870808252016,0.03508931,6162.835735452586,0.28606403,0.1397574,0.6717918,137.1981,85.32046,0.4008101598423472,0.5384039,0.31356105,1.0,0.2130941790553364,137.1981,85.32046,3661,8,26.512789115646257,0.4,0.2130941790553364,-0.1673104616461707
102.53587,39.901417,27.501509,20.637598,17.13877,15.807155,14.831746,14.14186,11.703344,10.177912,9.735414,8.724414,8.21126,-2.6152693e-09,-5.2305387e-09,1.3076347e-09,-1.6345434e-09,0.0,1.6345433e-10,3.2690867e-10,6.5381733e-10,5.7209015e-10,-8.172717e-10,-1.0624531e-09,-1.2259075e-09,1.6345433e-10,0.11938033,1097.4828972634443,788.1935529603976,0.05688149441041,0.46219492,0.3400855,0.5025521,0.32774398,0.44857475,0.32568875,0.281131,0.35344166,0.31274095,0.45193014,0.34640518,0.4000995,0.2414128031763485,0.1138494611927803,-0.0980873647500015,0.0153695180795576,-0.0384245079870196,0.0128544514223981,0.5025509,0,129.19921875,2.0041830708661417,1.4873158,1.2162907594704635,0.9619541781431912,0.6573161449196885,1.2162907594704635,0.895962,18.263615074313424,15.742933470424928,19.868807180040395,20.04648629270499,19.64779222275685,20.120937496129123,48.541660186883206,0.020632576,5569.697974467606,0.20238863,0.09987118,0.6695827,94.75107,75.04349,0.3102502571134727,0.6809393,0.27423555,1.0,0.3967848595725317,94.75107,75.04349,3620,8,33.86666666666667,0.4,0.3967848595725317,1.7464346350823429e-15
117.75759,33.537395,20.383081,15.860676,14.483468,14.729264,12.416861,10.559557,13.064546,12.616785,10.566084,8.384022,7.852317,-9.685046e-09,-1.2106307e-09,-6.0531535e-10,1.5132884e-10,-1.7402816e-09,2.4590936e-09,2.2699325e-09,-9.0797303e-10,6.809798e-10,9.0797303e-10,3.0265768e-10,-6.0531535e-10,1.5132884e-10,0.07112194,920.096750365778,705.7567992934755,0.0526920486726651,0.3667666,0.23670448,0.25377935,0.3380617,0.26246142,0.43088982,0.28849968,0.4665972,0.53832537,0.32558236,0.36363128,0.26865986,-0.1605347168497834,0.1499581142089859,-0.1150350729388341,0.0468326761596097,-0.043528867784481,-0.0363698059947293,0.5383255,0,117.45383523,1.903206761254812,1.4772826,1.2792243416207472,0.9132571478764072,0.6733924398020118,1.2792243416207472,0.8589339,22.04057149955786,15.292713418802654,19.07121201845742,18.44573064807049,18.382068882886728,20.65036261923528,50.54717146331517,0.06552783,5424.733916936092,0.14217919,0.07198043,0.6638904,69.62058,35.769367,0.50257875109101,0.65512973,0.26136443,1.0,0.3527042565361115,69.62058,35.769367,6334,8,36.58299319727891,0.4453617714151233,0.3527042565361115,1.7464346350823429e-15
119.41226,44.664772,38.08748,29.425957,21.635273,19.165277,15.943716,16.718666,13.8926735,14.320637,11.202785,10.520479,11.006994,-0.015961137,-0.016340952,-0.004488878,0.0016859088,-0.00020713382,-0.0031706304,-0.0016746139,0.0016103414,0.0021539424,0.00011964871,-0.0011861954,-0.0004033267,0.00047708926,0.12908147,1385.6664828846813,951.5231256550604,0.0867424284929282,0.55031097,0.61962146,0.57069415,0.57787794,0.54880476,0.46473172,0.37518746,0.35854527,0.4522145,0.40300465,0.41576508,0.49528137,-0.1362386558450648,-0.2145334005266608,-0.2880376352223865,0.0346656062798015,0.1047670161298366,-0.0566641334080031,0.6196215,1,89.10290948,1.4254864386792452,2.2176661,1.521676165029519,1.2787880977949175,1.053996298713491,1.521676165029519,0.7250579,20.97892149777599,14.957876449783486,17.83481339484614,17.559353398684568,17.549332240316016,18.037511778165733,44.330366838824034,0.061883662,5785.329351388159,0.14866501,0.09864115,0.6011351,77.49842,74.85448,0.3081401617250673,0.6771821,0.29177392,1.0,0.4225879506359617,77.49842,74.85448,2858,8,26.92063492063492,0.3142696805273545,0.4225879506359617,-0.0210921938298553
81.7621,30.390833,20.814825,16.473053,12.681327,14.352377,11.271419,11.332648,10.146013,11.152331,9.455329,9.362844,9.183612,0.016915461,0.0026380518,-0.00025173248,0.0006250452,0.00028981708,0.0002858789,-0.000101027275,-5.752854e-05,-0.00019187767,-3.149101e-05,5.5388846e-06,-0.00024648663,-0.00050489866,0.114065096,732.9396348957667,551.4115567648171,0.0422679512148703,0.4133235,0.2488383,0.39206567,0.2999298,0.42243668,0.34027714,0.33986166,0.37304428,0.2824947,0.33796087,0.22100843,0.32920194,0.1264842310585064,0.1010747198459612,-0.0061004505944747,0.0533977810291017,-0.0002250485195292,0.0097695130378382,0.422437,0,103.359375,1.7102015215280024,1.8903034,1.0858919687358577,0.7331911205578668,0.6468047322743484,1.0858919687358577,0.7508532,21.32484198719404,16.277908443035816,20.33618697719073,20.037470279914576,20.05690671601304,19.19363141566032,45.35292649697768,0.02495617,4598.790987596771,0.21226737,0.13370955,0.6135286,118.8166,68.219574,0.4177187870939894,0.6925381,0.25459218,1.0,0.445118146837965,118.8166,68.219574,3871,8,26.8974149659864,0.4,0.445118146837965,-0.5149539480294743
96.42148,26.75027,18.753391,14.931616,11.99323,10.931393,9.380613,8.483314,10.405943,10.7014675,8.870195,8.365984,7.9929166,-6.8333135e-09,-8.541642e-10,6.4062317e-10,2.1354105e-10,-7.4739365e-10,1.0677052e-10,-7.740863e-10,-1.2812463e-09,1.5481726e-09,-3.7369682e-10,1.3880168e-09,7.4739365e-10,-5.338526e-11,0.06624043,677.324452812531,393.5036966353873,0.0425238079348335,0.2734903,0.47501373,0.3432684,0.3653973,0.30768728,0.4405538,0.499148,0.3586241,0.40014875,0.31926176,0.44559106,0.30685356,-0.102600766398618,-0.1297406519370586,-0.0113069466245876,-0.1443923839928475,0.0125050925394418,0.0281919018158132,0.49914768,0,107.66601562,1.6973883103795768,1.9739656,1.4366779676797532,0.6921443908850777,0.7512080945720954,1.4366779676797532,0.75192136,20.102594371389305,14.4987555877757,18.65565076576743,17.355152560813675,17.757605505385857,17.424315193382938,47.136932959998674,0.033938814,5239.141386504457,0.10561473,0.084217235,0.5563561,71.53253,38.16082,0.4608666442727578,0.70008856,0.25579676,1.0,0.4654527144335196,71.53253,38.16082,4116,8,25.9221768707483,0.4,0.4654527144335196,1.7464346350823429e-15
95.90377,39.917164,25.063824,13.791339,11.962688,12.698892,11.09674,10.400889,10.271435,10.488156,9.187225,8.113011,11.027851,4.972719e-09,1.8647697e-09,-3.263347e-09,-7.7698736e-11,1.0100836e-09,-7.7698736e-10,-1.5539747e-10,7.7698736e-10,6.992886e-10,3.1079495e-10,-9.323848e-10,6.215899e-10,1.7093722e-09,0.074312866,981.5864923207369,721.3615896910057,0.0693533645995638,0.20431855,0.35983232,0.20901068,0.17504641,0.28765082,0.18071789,0.26848942,0.16846901,0.30461773,0.34527534,0.1918162,0.20441532,0.1405272914588053,-0.2269550584590573,-0.1747954795106893,0.0020736367252203,0.0189961541098929,0.017722393496596,0.3598318,1,135.99917763,2.133494255683207,1.1873599,1.6222866052548366,1.387621287332304,1.0159015685070545,1.6222866052548366,1.0875536,19.58370775443684,20.15877875270849,23.254143116777566,23.00341911678199,23.631098753640966,23.832605111246107,54.720959841344815,0.010118875,3598.98086903401,0.1309247,0.035394937,0.78718257,53.124496,38.641747,0.446671555446916,0.8802903,0.10498707,1.0,0.8420611479734801,53.124496,38.641747,5482,8,35.62231292517007,0.4865042554105199,0.8420611479734801,1.7464346350823429e-15
109.90872,45.885475,23.487455,16.513393,12.523014,14.07863,11.525888,9.652903,10.049422,8.474817,9.785626,7.739425,8.384834,0.0075571225,0.0063442397,0.000351858,-0.0005047435,0.0003374691,0.00025846483,0.00013371646,5.8519912e-05,-1.911457e-05,-8.688651e-05,-0.0002696688,-0.00042320692,-0.00032460006,0.079881385,1126.0075628532531,782.2548436540857,0.0671962397496171,0.30226374,0.40199882,0.27296045,0.44043446,0.3137081,0.17731525,0.2907383,0.23483804,0.374735,0.26460204,0.2477191,0.33800927,-0.0823813562450042,-0.2202839809788812,0.0415692148467108,0.0707725287713004,-0.0063983522146094,-0.0151630041435798,0.44043437,1,151.99908088,2.3968071727867466,1.4366202,1.432604784442374,1.0869523567279964,0.7328798343170548,1.432604784442374,0.829118,19.97888179017995,16.664061264394213,20.511296039981445,19.617855703850445,19.816337855013963,21.050647874404618,46.04669153292348,0.0337545,3905.242489151295,0.12697119,0.056349304,0.69261485,58.364075,41.330387,0.4355683603981142,0.8199844,0.17086686,1.0,0.6883233660705295,58.364075,41.330387,3326,8,22.164903628117912,0.4453617714151233,0.6883233660705295,-0.0727634427181121
126.006935,34.925747,21.28138,16.339052,14.438739,11.869609,13.821604,14.175071,10.571594,10.766726,9.5371065,8.623463,7.802389,-5.7934885e-05,-8.1937345e-05,-8.191887e-05,-8.18876e-05,-8.184117e-05,-8.178338e-05,-8.171279e-05,-8.162763e-05,-8.1531216e-05,-8.142225e-05,-8.129919e-05,-8.116536e-05,-8.1015176e-05,0.12265472,790.5420184372169,657.0709150093572,0.039370038246157,0.242109,0.335707,0.44507134,0.3283963,0.44697225,0.3424808,0.40486485,0.35061008,0.30455402,0.4028368,0.29208958,0.38375732,0.2181599080446198,-0.0722391046166675,0.0554188435058058,-0.0386962836477566,0.0080805298383306,-0.0126638407964491,0.44697267,0,112.34714674,1.79198144252717,1.2806108,1.5237456400872165,0.9992563581313688,0.714007516653511,1.5237456400872165,1.0130993,20.102279906165307,15.670054866960916,19.7600204156218,17.52358381321413,18.71456246040075,17.666148497575094,46.87674669920179,0.017574923,3568.366251688245,0.2081314,0.09417353,0.68847936,99.169685,59.87232,0.485529747857409,0.6240938,0.33101958,1.0,0.4125301474346208,99.169685,59.87232,3909,8,23.36798752834467,0.4,0.4125301474346208,-0.4794672938397297
73.10654,24.042719,19.904018,15.39111,12.860725,18.950726,11.803068,13.607172,10.094492,11.357868,10.605301,9.351557,7.912928,6.289042e-09,2.3583908e-09,-8.843966e-10,-1.9653257e-09,-5.895977e-10,-3.9306514e-10,3.9306514e-10,-3.9306514e-10,-7.3699713e-10,-1.9653257e-10,-1.8179264e-09,-8.843966e-10,-6.141643e-10,0.090388164,547.9472059188972,365.96141922224143,0.045952101685612,0.33917403,0.31169423,0.40009394,0.32103574,0.4268122,0.5242127,0.3936492,0.4675739,0.41463217,0.5412193,0.38174173,0.30453706,0.0295856728432702,0.1120434605915763,-0.0641215019336139,-0.1048827059164896,-0.0010960679540391,-0.0053044849028833,0.5412198,1,95.703125,1.5577399622578318,1.380031,1.138902661755992,1.027564047085834,0.8691022813859162,1.138902661755992,1.0215242,20.731975446040693,13.555509313256817,18.49745254812448,18.767673365765567,19.050060830474017,17.873735482041518,49.02503936634336,0.024876462,4732.529885529366,0.14602424,0.084225915,0.6341955,83.58173,52.53357,0.3950948062654575,0.75183195,0.18730678,1.0,0.512464269892801,83.58173,52.53357,3834,8,28.16580498866213,0.0,0.512464269892801,1.7464346350823429e-15
115.99776,37.861008,23.074242,17.441477,12.042224,15.89243,13.378392,13.130026,10.63954,12.380612,11.456188,8.914205,9.01826,0.0,0.0,0.0,3.8021503e-10,1.4258064e-09,-1.8535482e-09,7.6043005e-10,-1.6159138e-09,-2.8516126e-10,-1.4258064e-09,-4.752688e-11,-4.7526877e-10,-5.703225e-10,0.09809516,702.6940468423073,561.6213357091988,0.0434053141663585,0.29286507,0.4035762,0.27042824,0.26071957,0.3848549,0.29534033,0.3728272,0.28067863,0.4032726,0.4538847,0.3025268,0.34430194,0.1241591935178831,-0.1626951229631736,-0.1437012697743616,0.0341907337413606,0.0336209156158337,0.0121031882543911,0.4538842,1,92.28515625,1.4681729403409092,1.212271,1.0376077935332806,1.3598918240580478,0.9863578710738272,1.0376077935332806,1.055977,19.377265761273826,15.001548262416582,19.149993117438548,21.13077840057031,20.691426364121742,23.76320943299833,47.72229178162416,0.028217535,3494.1941373740096,0.16568574,0.07492019,0.6886158,78.18906,44.934536,0.5176435406698564,0.74221647,0.24238282,1.0,0.545320357104422,78.18906,44.934536,5193,8,29.1178231292517,0.4453617714151233,0.545320357104422,1.7464346350823429e-15
92.21994,31.06968,20.899359,16.55608,14.43676,12.802462,11.7303915,12.01858,11.478112,11.206288,9.849565,9.467074,8.757786,0.0,6.475466e-10,-1.9426398e-09,-1.7807532e-09,3.237733e-10,-3.237733e-10,-6.475466e-10,3.237733e-10,4.8565996e-10,-8.903766e-10,-1.1332066e-09,-2.4282998e-10,-9.713199e-10,0.09617324,926.301906769686,600.2619589096543,0.0613506842216824,0.2878299,0.2163176,0.3489645,0.40871102,0.26308966,0.32175192,0.27614075,0.4182283,0.32032833,0.2624357,0.3513503,0.22803308,-0.1105602605081892,0.1357898631497958,0.1237653239459892,-0.008246558557574,0.0015985655127784,0.0166882421041753,0.4182272,1,172.265625,2.7599640708556152,1.4277046,1.4219797191211174,0.7104018291327,0.495943198731982,1.4219797191211174,0.87246317,21.148340146176864,17.85158085869917,20.817507297480848,20.220063597434184,19.235914045872924,18.136797611791344,47.51009868903332,0.028556595,5756.134796790125,0.17853355,0.10566525,0.62819725,95.81792,52.760643,0.4798404210168916,0.6430633,0.2465922,1.0,0.3124314395845237,95.81792,52.760643,5653,8,34.19428571428571,0.4453617714151233,0.3124314395845237,-0.8808597807008531
107.406166,46.631363,36.718548,22.290394,22.260311,16.886215,14.5812645,13.761281,13.126112,15.586202,11.575401,12.144774,10.05602,8.485591e-09,0.0,4.2427954e-09,0.0,0.0,3.3942362e-09,-5.8338434e-10,-8.4855906e-10,-8.4855906e-10,-8.4855906e-10,2.1213976e-10,-3.1820965e-10,7.424892e-10,0.07694263,1229.403582296388,832.7294514572784,0.0748037020890906,0.30474105,0.3387528,0.26898772,0.3148645,0.26225308,0.3409667,0.47923672,0.3518278,0.505857,0.38212392,0.4537413,0.40989056,-0.2038939626152253,-0.1584407075701482,0.0572923685388492,0.0071500599230585,-0.0331427367819363,0.017237761755146,0.5058573,0,129.19921875,1.8395439377085647,1.6660202,1.4868007179463556,1.0420853921621742,0.694016191981323,1.4868007179463556,0.83114576,22.05724706892024,15.90605867802678,19.794050281790984,19.449299018785165,19.01773925958097,18.45339467761285,47.16165869175434,0.03422065,5256.276198073073,0.082556225,0.06339528,0.5656376,50.016766,44.023228,0.3804226918798665,0.724257,0.23913363,1.0,0.475205528443952,50.016766,44.023228,3420,8,26.09342403628117,0.3142696805273545,0.475205528443952,1.7464346350823429e-15
66.773895,33.462994,21.41375,16.588392,14.395248,14.615038,12.841384,11.855911,10.589195,11.030807,10.9692545,8.715318,8.685118,-0.024857521,-0.011768688,0.0017486801,-0.0022645243,0.00074455515,-7.994394e-05,0.0007296672,-0.00062146434,0.0004595909,0.00062599056,0.0007201737,7.437091e-05,0.0002134714,0.0711825,868.8597035100764,612.0538670756398,0.0465100110241778,0.4473002,0.38783708,0.21349744,0.30834913,0.22954722,0.40972567,0.29590473,0.27487502,0.25879654,0.21997023,0.35984722,0.24140704,-0.2281058009886226,0.0154453030603683,0.0044318278750693,-0.0554838071718999,0.0219649183472568,0.0417819247959324,0.44729948,0,151.99908088,2.443595339107123,1.5179414,1.7992132025704777,0.8805532243069576,0.5852751807459734,1.7992132025704777,1.0053653,20.997278373475105,16.532621648520404,19.62226756340818,20.21670238269125,18.80208302942015,18.262056285090523,48.029022517520566,0.0096786665,4059.157858186778,0.12648077,0.047490187,0.7270181,54.20103,35.035156,0.4085372201978136,0.87755513,0.09728018,1.0,0.8422031670555684,54.20103,35.035156,3924,8,27.879002267573696,0.3142696805273545,0.8422031670555684,-0.2625584737225505
111.05625,36.61778,22.814684,17.25359,16.034334,14.421203,14.969901,13.274733,10.30205,11.284549,10.948896,9.202493,9.166174,-9.378578e-09,-3.3224719e-09,-3.9434278e-10,9.9923965e-11,-2.0734223e-09,-2.6051605e-09,-2.6051605e-10,-1.5332083e-09,-4.9426674e-10,7.9225426e-10,4.960511e-10,1.416779e-09,4.349369e-12,0.15040423,948.6972226463232,674.5407196049212,0.0494721490783176,0.43792832,0.41529584,0.3256288,0.40165338,0.30335823,0.4094764,0.3022506,0.274633,0.37256396,0.33398363,0.39492282,0.31575027,-0.2548704269726143,0.0275338206270273,0.0163281670082158,0.0559330563567637,-0.003754002387201,0.0140583302517107,0.43792874,0,103.359375,1.650378071303069,1.6186849,1.528400413883539,0.7472605945013902,0.5186169606288328,1.528400413883539,0.7720248,23.81830982931985,16.535300761725328,20.127080890684244,19.15927023386697,19.141763398241977,19.2330849950802,46.40838598343437,0.018997762,4252.611649825807,0.25001097,0.10395277,0.706316,95.63617,79.81404,0.3826347305389221,0.69224185,0.2640224,1.0,0.4538492059867448,95.63617,79.81404,3195,8,24.23687074829932,0.3142696805273545,0.4538492059867448,1.7464346350823429e-15
103.765465,46.54543,23.39941,18.727163,16.440454,14.15019,12.4410925,11.449034,11.921526,11.481298,11.11512,10.979677,10.025399,0.0,1.6172538e-09,-5.458231e-09,2.4258806e-09,-2.0215672e-10,1.7183321e-09,-2.0215672e-10,-2.3753415e-09,-5.053918e-10,1.2129403e-09,8.086269e-10,1.415097e-09,1.0107836e-09,0.08326863,1176.9647790348522,738.5865216595558,0.0708409095112272,0.36465222,0.28728035,0.27665767,0.365083,0.24180076,0.27876267,0.22839332,0.37300828,0.46945068,0.30459502,0.34409156,0.24112044,-0.2816918816580501,0.0865244499807937,0.0408532835842731,0.1081015076604729,-0.0129237530666343,-0.0198924652203916,0.46945113,0,129.19921875,2.099909569111724,1.4861777,1.5026436318695022,1.289132525109348,0.9308366509834952,1.5026436318695022,1.0041459,26.39278074496688,19.144182722337032,21.74389210954561,20.87553252465397,20.859998005415925,21.43494369967925,47.387357104051816,0.013279096,4146.863573131956,0.15230253,0.055122968,0.73424816,62.806,40.56402,0.4524061903752385,0.7680502,0.1930781,1.0,0.5650377320179995,62.806,40.56402,4268,8,27.382131519274377,0.4,0.5650377320179995,-0.5194508768163772
103.30018,36.153755,20.263956,19.222122,14.657571,13.275577,11.560904,9.3303795,10.920813,10.030602,9.258124,9.018395,8.217224,-0.005102741,-0.005969981,-0.0031287796,-0.000559262,0.0005113677,0.00026801135,-0.00030044292,-0.00045113277,-0.00010801054,0.00039540298,0.0007026345,0.00067433994,0.00045183863,0.03771204,1190.8035524594093,774.7800991965623,0.0703461029857864,0.21937633,0.27411932,0.20028429,0.30481622,0.3789993,0.20912646,0.25084123,0.27707952,0.48504132,0.33093876,0.2400976,0.3334049,-0.0407409779525338,-0.2901481153705431,-0.0194827317343338,0.168893478579795,-0.0074881373550831,-0.0124830081386686,0.48504153,0,129.19921875,2.0410393593957137,1.3726592,1.297705260696111,1.67897555334292,1.3232304964112993,1.297705260696111,0.9818745,26.081225828370727,20.266588325661765,22.077801643791176,20.68489234514957,19.438383342611644,20.15104300129133,46.37254400911633,0.01645976,5310.026523493593,0.064622656,0.021303702,0.75206155,24.341486,19.935318,0.4168139637649138,0.9039284,0.10639903,1.0,0.902870254501978,24.341486,19.935318,3773,8,26.27337868480725,0.3142696805273545,0.902870254501978,-0.0059330418396124
99.488556,47.82828,35.486763,23.619482,23.221169,18.973099,15.623451,15.402987,15.27992,14.429858,13.254084,11.806211,11.263476,0.0028399818,-0.0023026946,-0.0024107608,0.000768848,-2.3578792e-05,0.0013864867,0.0009793037,0.0016432212,0.0007919587,-0.0009767984,-0.0021954563,-0.0009713695,-0.00039265808,0.13191831,1380.542768390182,696.5961566731347,0.1003103130137069,0.40580273,0.384774,0.44443673,0.4378911,0.36634773,0.3842132,0.40767717,0.56208235,0.5280149,0.33825946,0.27204034,0.3173526,-0.0483438358469309,0.0472545222729172,-0.0838022853956213,0.1082854769326417,0.0419700924519352,0.01072678436865,0.5620818,1,103.359375,1.6575095329861824,2.3208416,1.5907984351984363,1.4689631493827693,1.1281403884334071,1.5907984351984363,0.8789952,21.31402209505644,15.220019218073418,19.39915242529496,20.320394176945648,20.197168240131376,17.364681521390477,46.89245763637141,0.028715748,6348.895636267109,0.18657681,0.15533604,0.5456836,135.4092,88.80368,0.4058782365290413,0.42655402,0.36626476,1.0,0.150896021608557,135.4092,88.80368,2320,8,16.591156462585033,0.4714045207910317,0.150896021608557,-0.0964008773069833
78.53476,19.956583,18.824062,14.385219,11.923914,11.469735,10.319163,8.908142,8.353588,8.821294,7.8544407,7.3103304,7.720888,0.004816481,0.0017488765,-0.002560049,-0.0006579132,-0.0002314753,-0.0006346767,-0.00027341806,-0.00011021952,0.00020524632,0.00024844092,0.00025826425,0.00047776022,0.00039394724,0.10231572,496.97427391391926,315.4796585921125,0.0396655737010893,0.41032192,0.33341613,0.3256033,0.46300632,0.33145475,0.44309098,0.3272981,0.44341332,0.5455446,0.38279086,0.5018533,0.3349782,-0.1707260846112524,0.0569090801926521,0.0143303653218252,-0.0172146171469814,-0.0047821601139625,-0.0030865018592831,0.545545,0,92.28515625,1.5142513547051748,1.3197021,1.6911411773995573,0.800458641840657,0.5423367467441946,1.6911411773995573,1.2334987,17.455887392562897,13.800335380634104,17.57592014870861,17.639866328732907,18.102546939938858,18.61526654398661,48.134843898637314,0.018136548,4820.90981359474,0.16662003,0.06597634,0.7163453,76.64889,40.34583,0.50393539813963,0.74102753,0.23085132,1.0,0.5447365674196328,76.64889,40.34583,4930,8,28.39687074829932,0.4,0.5447365674196328,-0.1968127022753353
78.96026,35.481155,29.629486,21.094406,14.824033,13.388629,11.779284,14.803857,12.980347,13.808895,10.781626,11.597129,10.120895,0.002255376,-0.00024317647,0.002398911,0.0005674752,0.0017242162,0.0023759238,0.00081853644,0.0010650688,0.00085861754,0.00047563046,0.0009129251,0.0007770173,0.0002305949,0.12432551,966.4324228710248,588.3329415643869,0.054601175608881,0.4995496,0.2940841,0.20329696,0.25862652,0.27734983,0.50371367,0.26067197,0.29620588,0.42271668,0.28945947,0.32652795,0.31775776,-0.1426886533046019,0.1603355900906283,-0.0821439807649105,0.1010450807397876,-0.0424408757286719,-0.0062015372784723,0.50371426,1,112.34714674,1.8067593026788544,1.4887941,1.7880769750364924,1.28784179535833,1.0012618301549563,1.7880769750364924,0.99317104,21.602180881240983,18.18926607430584,21.078616977838884,19.826910011616416,18.284532692474805,17.781852110212945,46.2081939046281,0.012765528,4599.950882951183,0.15761963,0.076043524,0.6745563,78.446335,68.981804,0.3382648208813272,0.77751434,0.19099554,1.0,0.5859957857832394,78.446335,68.981804,3201,8,27.466303854875285,0.3142696805273545,0.5859957857832394,-0.8301380082302686
102.851135,37.891655,25.602669,24.220118,15.185366,14.363415,12.857186,13.811006,12.603257,11.774939,11.178148,11.848716,10.603706,-0.011079596,-0.012936761,-0.0068255346,-0.0014735373,0.00076010445,0.0005974119,-7.674732e-05,-0.00035213865,-0.0003919712,-0.00039773932,-0.00027694425,-8.251158e-05,-0.00011712225,0.13380754,888.8563383065945,755.2774687618963,0.0476309766950637,0.26757887,0.393828,0.52195704,0.3171092,0.39269382,0.2791308,0.34108922,0.35597447,0.32510522,0.40908813,0.32432505,0.38720635,0.1756682042724286,-0.0352900616435917,-0.0114704440593296,-0.0213964926638355,-0.0043296678346203,-0.0235324406694647,0.5219571,0,99.38401442,1.481058570660935,1.7364286,1.5194186863538155,0.8346499925513587,0.6982367199975498,1.5194186863538155,0.76407695,22.96293002597677,16.402164563843243,20.466715494063983,18.918583681490563,18.55386009436721,18.43242480022177,43.852363994776205,0.018330412,3902.46152305972,0.20585798,0.075703256,0.7311278,81.630516,63.004704,0.3734551316496507,0.7507587,0.2158517,1.0,0.5449079968881881,81.630516,63.004704,3475,8,27.00770975056689,0.3142696805273545,0.5449079968881881,-0.0058116600145329
101.87307,34.477596,22.271757,18.637482,15.5374565,15.759251,14.676563,14.479578,13.757532,12.4065695,11.01686,9.841522,10.068952,-3.990269e-09,3.990269e-09,1.9951345e-09,9.975673e-10,7.4817547e-10,1.7457428e-09,-1.4963509e-09,-1.246959e-10,1.6210469e-09,7.4817547e-10,6.234795e-11,-1.371655e-09,-6.858275e-10,0.08730604,1088.247055154716,631.3360983546106,0.0651467705944091,0.39369243,0.33389273,0.39545435,0.3144505,0.3678331,0.36837897,0.25950748,0.3915143,0.29343113,0.42788133,0.30594274,0.26700163,0.1231726228316845,0.0973492034299529,-0.0811615020971189,-0.0005163418771872,0.0090394221880597,-0.015673730573478,0.427881,1,143.5546875,2.3484623259121227,1.711364,1.6328897877524378,0.7415737505821852,0.5080709543701117,1.6328897877524378,0.8915146,18.632574958191565,17.655236014926103,21.033375265722725,19.893553038075748,20.26696240357913,19.688334739995533,44.27561998866652,0.032751564,6740.426121795526,0.16648407,0.091545425,0.6452108,84.91564,58.011715,0.395187655289656,0.5847781,0.32312942,1.0,0.2744715576364209,84.91564,58.011715,3022,8,22.195374149659862,0.4453617714151233,0.2744715576364209,1.7464346350823429e-15
95.67581,33.606655,22.646883,16.39461,13.941152,14.2450905,11.737283,11.085313,12.880248,8.598726,10.582619,11.345819,8.040143,0.0,7.558533e-09,-3.7792667e-09,-1.417225e-09,4.6059814e-09,-7.086125e-10,-2.3620417e-10,-1.0629188e-09,1.1219697e-09,1.7715313e-10,5.905104e-10,1.476276e-09,1.0629188e-09,0.06655409,686.4590904043652,455.2676662399817,0.0498302573812955,0.30734527,0.19035994,0.22871396,0.3127134,0.48797643,0.30952135,0.20778607,0.19275169,0.3202649,0.443073,0.3214929,0.34902388,0.1765933053931211,-0.0178397089085399,-0.0977851700115574,0.1203380836661747,-0.0057181237650729,0.0388650381327794,0.48797667,0,135.99917763,2.16025446262695,1.2014539,1.5222881789783644,1.4860661449541464,1.1049145634528237,1.5222881789783644,1.3413103,24.457687756473625,16.149539158265714,19.04184088624295,18.609287668263608,18.408943850006075,21.294079538687456,48.72312742588052,0.018529182,3153.1662665683048,0.07436212,0.031573102,0.7019518,36.393486,30.459742,0.3813475352984889,0.8851031,0.11680117,1.0,0.8344744951068255,36.393486,30.459742,3079,8,23.43473922902494,0.4,0.8344744951068255,1.7464346350823429e-15
100.62878,47.36364,18.174416,15.578841,12.21236,9.302125,8.690264,7.718461,7.1297026,9.251979,6.644131,6.7783394,5.9296975,2.69876e-09,-1.34938e-09,-6.7469e-10,-1.1807075e-09,-9.2769875e-10,-1.012035e-09,-8.433625e-11,-1.012035e-09,-1.686725e-10,1.012035e-09,-1.1807075e-09,-7.5902623e-10,9.698669e-10,0.08873369,912.8817211690476,662.9192063206499,0.0483243412498387,0.4813596,0.38330838,0.4165844,0.5037539,0.46603483,0.61239594,0.4527609,0.5278961,0.44022462,0.38126683,0.405746,0.36813694,-0.1019941919771562,0.1293999371516663,-0.0324898513446735,0.025885999387872,-0.0190822585080862,0.0110494920286664,0.61239594,1,86.1328125,1.0892883792657446,1.1696521,1.2469659045847332,1.1381323969408323,0.888973526287558,1.2469659045847332,1.0120268,18.810795005813,13.5574706175818,16.814762199322704,16.795563650144167,16.99161907463069,17.115110334341026,48.28558871658417,0.034779094,4182.582867908782,0.14885527,0.0700937,0.67985976,73.054344,48.047405,0.4001061289466702,0.7440913,0.23212916,1.0,0.5415533909272717,73.054344,48.047405,4524,8,32.819591836734695,0.4453617714151233,0.5415533909272717,1.7464346350823429e-15
106.9302,39.68732,22.38833,17.255674,13.610194,11.192898,10.682661,10.597154,10.592613,10.479803,9.071403,9.071108,8.677435,0.00083346025,-0.00017707008,-0.0013593325,-0.00051541475,-0.00018919978,-0.0006259998,-0.0004904513,-0.00038065377,-0.00046967046,-0.00022219536,6.49184e-05,9.668235e-05,2.5576672e-05,0.13042895,895.054331902447,650.5261166489552,0.0557790835848897,0.4556557,0.39577386,0.46808842,0.36081097,0.3163646,0.43789428,0.34049147,0.35971314,0.3219898,0.39591613,0.5065879,0.41214603,-0.0246663730881059,0.1179653987177573,-0.0495205212707206,-0.0651365181745604,0.0044575098112565,-0.0211041559194978,0.506588,0,112.34714674,1.7401539304051792,1.5055403,1.2506002326866024,1.0259415357209816,0.8658803020320264,1.2506002326866024,0.8801545,18.902667051865144,14.430460822805497,18.24184231741636,18.311369877103647,17.72491931923156,17.05933167883457,45.96733797991863,0.053041454,4333.11372756958,0.14628784,0.116183855,0.557345,94.90226,63.70248,0.4110949882799419,0.71210265,0.24726705,1.0,0.4899773547114158,94.90226,63.70248,3683,8,26.00344671201814,0.4,0.4899773547114158,-0.1333566848695441
120.31196,38.214714,20.003317,17.707224,14.45596,9.979792,11.299193,10.250836,9.8701315,9.389326,8.433187,8.680681,8.565545,5.387515e-09,-4.0406363e-09,-8.417992e-10,1.3468787e-09,-1.2626988e-10,1.6835984e-10,3.7880965e-10,-1.5152386e-09,-1.4310586e-09,0.0,-1.094339e-09,-5.471695e-10,5.0507953e-10,0.038645312,980.4415149561962,646.1081151308018,0.0710281486390648,0.32956418,0.25633627,0.46797803,0.25484186,0.27334234,0.4486131,0.3231321,0.54277784,0.30998173,0.34786937,0.4434012,0.2949071,0.0282402913011699,0.2214856921659137,0.0550641446098014,-0.1007340680673838,0.0228662513698615,-0.043941468636041,0.542779,1,123.046875,1.9122883424920551,1.1629035,1.578320017908312,1.0724214407190285,0.807448932251444,1.578320017908312,1.1385856,21.78426608270276,16.195932442345114,19.66862543107048,19.05300374213634,19.0354245940434,18.066014557857272,47.21107570888471,0.06782295,5178.50631537426,0.08399349,0.034536477,0.70862067,36.939007,21.184679,0.4836687853107345,0.8180852,0.14025864,1.0,0.6673951206720578,36.939007,21.184679,5479,8,32.879455782312924,0.0,0.6673951206720578,1.7464346350823429e-15
101.619064,35.437447,22.94455,18.801542,14.735132,13.718157,13.12412,11.141216,10.971164,11.47121,9.870949,9.1621,9.8928,0.0,-4.5502055e-09,6.5002936e-10,8.937904e-10,-1.3813124e-09,-3.2501468e-10,-2.43761e-10,-1.0562977e-09,-6.5002936e-10,5.687757e-10,1.3813124e-09,9.75044e-10,-4.87522e-10,0.021599963,887.3954788600927,491.59095671535925,0.0702799111893758,0.30893862,0.39139023,0.5090044,0.31749213,0.3133954,0.3168318,0.5274868,0.3894653,0.36378247,0.5213152,0.372811,0.43753403,0.1551355378599276,-0.0687690026148134,0.0095298989160799,-0.1158266351022666,-0.0306379670269336,0.0049898503367572,0.5274867,0,123.046875,2.0292878882285272,1.2394023,0.8156419000795585,1.167311591895091,0.9267645680469616,0.8156419000795585,1.1446294,19.76890815113861,15.275456379754749,18.78219182610544,18.1600019779407,17.965642351605602,18.81701355279175,47.819704900658216,0.03799161,5681.07157162246,0.032094788,0.016400924,0.6617931,17.088144,11.131869,0.4568847989093388,0.9269709,0.057806123,1.0,0.9547098706710502,17.088144,11.131869,5362,8,34.06367346938776,0.0,0.9547098706710502,1.7464346350823429e-15
127.4159,36.5149,25.565994,19.422276,16.884756,13.43992,13.422986,10.99313,10.19373,10.316592,9.2607355,9.42012,9.062421,-0.0003247445,-0.0003719392,-0.00015390792,9.0533475e-05,0.0002593564,0.00030681,0.00025576496,0.00016816144,0.00010069613,7.565225e-05,7.95486e-05,8.259108e-05,6.274526e-05,0.07791411,779.9563446217458,553.5450356188732,0.0473118857393752,0.30420053,0.4106898,0.3153365,0.37289768,0.28363717,0.37852716,0.3525676,0.25417286,0.33641288,0.3052957,0.42504337,0.33134016,-0.2452568305123778,-0.0968611741340175,-0.0434177770272405,-0.0336127027524554,0.0168177808176216,-0.0291320760611045,0.42504284,0,95.703125,1.3664178915745686,1.2030526,1.495874050015779,1.570032840398155,1.4156513387037957,1.495874050015779,1.1731743,18.84578221213134,15.86862516719564,19.677849778572657,19.750954243468367,19.797888782786035,19.699080507801405,49.193876357719965,0.009261404,3827.174185103729,0.10442317,0.039021436,0.7279635,47.133614,38.609856,0.4370122630992196,0.8103031,0.16266944,1.0,0.6509575533180173,47.133614,38.609856,5096,8,33.84762471655329,0.4,0.6509575533180173,-0.3275750144051564
102.56322,40.425594,31.755327,22.932114,20.846907,22.43292,18.141117,16.147018,14.974481,15.263109,14.995397,15.66344,13.01969,0.005306541,0.0045539895,-0.00032551846,-0.0018195983,-0.0008294558,-0.0005573041,-0.00095305516,-0.000934027,-0.00093269564,-0.0010265432,-0.00063823466,-0.00028716616,-0.00051321735,0.13230251,1038.8089622617615,672.7931440172146,0.0621600719056753,0.46919307,0.28229195,0.3075233,0.26527324,0.4050651,0.41250437,0.36965585,0.3676309,0.33912003,0.45654494,0.4064639,0.50282204,0.1290578164001172,0.0208090854103733,-0.0437462189028726,0.0517498631305265,-0.0210710644871244,0.013549414180236,0.5028218,1,129.19921875,1.9566736547868624,2.207751,1.7600087806616938,1.6669541110617034,1.3321796449319925,1.7600087806616938,0.87832206,20.30158447774029,15.847673535076362,19.96352626797527,19.442014134920584,19.476647669121107,26.575889872428927,51.20747412554084,0.04035561,4937.877041459277,0.13399377,0.11415887,0.53996295,99.446014,80.59568,0.3661933739012846,0.56534415,0.34733126,1.0,0.287297322950356,99.446014,80.59568,2708,8,21.465,0.0,0.287297322950356,-0.0417270003229193
101.86248,39.19716,27.239063,22.469248,18.77382,16.929113,13.86793,12.453125,10.26471,10.2488365,10.626988,9.806112,9.126737,0.010122036,0.0018246089,-0.0005136361,-0.00075053034,-0.0012457402,-0.00061941525,-0.0006122414,-0.00036377506,-0.00064882264,-0.00022401987,-0.00049205485,-0.0006490505,-9.905388e-05,0.106411956,825.1016634747601,746.8948007450159,0.0339309872831029,0.40503693,0.3372917,0.4888973,0.36128676,0.39222482,0.2673642,0.36371028,0.3804682,0.24984464,0.36208937,0.30581614,0.46411148,0.1742614800893006,0.0020378349917411,0.0887999541726113,0.0076156748886209,-0.0155425679418433,0.0021802315379826,0.4888967,0,123.046875,1.9284964627225376,1.7123152,1.552031263043724,1.4730927738252475,1.387518549287363,1.552031263043724,0.88152486,21.897598811571648,15.84080958201396,19.178194811694294,18.8626633715858,19.08416726948418,21.428041285686533,45.98275468699519,0.028290154,4134.2094348923,0.24061544,0.11887475,0.6693222,115.155815,67.76731,0.4096803377563329,0.6727315,0.26817176,1.0,0.4155279730254247,115.155815,67.76731,2717,8,19.250748299319728,0.4453617714151233,0.4155279730254247,-0.3912161889726967
107.94817,45.01031,29.86515,20.867058,21.631971,17.721876,15.809436,13.103086,12.985092,14.259862,12.412392,12.7589245,11.954491,0.008124552,0.0070825866,0.0018401853,0.0016592119,0.0020038788,0.0014183703,0.0007299664,0.0006256829,0.00043976746,-0.00036358897,0.0009362217,0.002162306,0.0005078731,0.124420516,1184.2454305804338,737.8379542901788,0.1009918171213327,0.4291569,0.5719975,0.50595975,0.40774778,0.3869243,0.39207515,0.44740328,0.4114967,0.4590108,0.42173472,0.3369732,0.39253464,-0.0084864201259347,-0.0679594118777428,-0.0913010693203716,0.0237815019310409,0.0110872728196127,0.0008027468938637,0.5719984,1,129.19921875,2.091295026924548,2.039807,1.3026664825637653,1.205065750840603,1.109924381642276,1.3026664825637653,0.716324,22.464982209534007,16.9233625756078,19.27975448972074,18.657283336973776,19.13794691763963,21.46510830049618,48.18661785989048,0.023579987,4453.942881983163,0.14563346,0.13265032,0.52332526,102.71651,83.03558,0.362222788682131,0.69998235,0.23288384,1.0,0.428290179932057,102.71651,83.03558,2842,8,22.77297052154195,0.4865042554105199,0.428290179932057,-0.0333637263645896
80.93141,32.65616,24.960402,18.756735,16.150059,14.571392,13.444531,12.34954,11.702547,12.815223,11.538648,11.113673,10.732913,0.0046939743,0.003915173,-0.0006884003,-0.0020298564,-0.00044081238,0.0006734519,0.00027602608,-0.0007701032,-0.002000371,-0.0026357465,-0.0017504651,-0.00027107509,0.00011111839,0.12938897,903.0139755389414,591.2154454091553,0.0535224047088607,0.43260294,0.3646915,0.3293697,0.4559663,0.31234357,0.33025894,0.24787383,0.3549647,0.4567661,0.3200914,0.42232382,0.3351669,-0.1845391761272043,0.0848553621539069,-0.0155136535516923,0.0667085642531587,-0.0026756119272799,0.0160847166467501,0.4567666,0,129.19921875,2.117523476328651,1.7704968,1.8220181752525453,1.4475188846948177,1.3104994038503617,1.8220181752525453,0.96184057,22.468781312080385,16.786700869346348,20.477424145654123,19.742719446921893,20.20226775383884,23.789776633845108,48.05301966154239,0.015168477,4667.752061344672,0.18528809,0.11163519,0.6240247,100.5424,75.829475,0.4094061278527298,0.6732008,0.2592156,1.0,0.3911129115891533,100.5424,75.829475,3247,8,23.0221768707483,0.0,0.3911129115891533,-0.9750059921197238
101.250175,35.7403,27.091963,22.304714,21.328749,18.235065,18.095284,14.325103,13.741742,15.477373,13.384185,14.750695,12.168513,-0.0029405234,-0.0026628342,7.953547e-05,0.0014918078,0.0015066538,0.0014434278,0.0015154951,0.0011366311,0.0003219454,-0.00037551514,-0.0006278332,-0.00060088554,-0.000688046,0.13641116,1060.404826018325,659.0356120070969,0.0706520355093585,0.53425455,0.34226006,0.43415812,0.3564,0.47960642,0.34574285,0.28956446,0.36419436,0.29106992,0.34453,0.26400137,0.3882887,0.1821527661626826,0.1016752438600265,0.0114242102028835,0.125340989090688,0.0070575578776157,0.0128472266609543,0.5342555,0,107.66601562,1.629992034469025,1.6960998,1.4274531417402614,1.7541696039602022,1.66299225616811,1.4274531417402614,0.8447576,22.60376742197369,17.209314742294698,20.43644470151419,18.92190012462768,19.894713671876826,25.3922336556301,48.26069139924061,0.025207756,5117.268427647095,0.17379044,0.10873346,0.61513317,92.700356,66.15337,0.4149194438313838,0.5751602,0.35414174,1.0,0.3058584879302287,92.700356,66.15337,3760,8,26.303809523809523,0.4453617714151233,0.3058584879302287,-0.0039189129418999
87.55135,34.02008,25.987003,20.142527,19.15957,15.253868,18.14774,15.9883375,12.158393,12.935531,11.9396305,11.965079,10.599465,0.00049292616,0.0005390097,0.00042840032,0.0003425379,-4.317803e-05,-0.00021684177,-0.0001638854,-0.0003681834,-0.00041390897,-0.00021609846,-0.00020853267,-6.9459147e-06,0.0003444905,0.12368022,951.2921624355238,629.6290895848194,0.059041285058898,0.5050167,0.3254504,0.42200768,0.3106241,0.39035666,0.33217737,0.29045045,0.37861064,0.36685437,0.4644636,0.3713003,0.46548668,0.1584846586615688,0.1059490732221064,-0.0287898103891498,0.0617144479151434,-0.0259352409625676,0.0029132965944155,0.5050173,0,107.66601562,1.5890269151138716,1.8101393,1.2409461527327386,1.7768791665912624,1.828176546284944,1.2409461527327386,0.68578535,21.68618626535212,17.264042213473772,19.810622996446703,19.26358122172501,19.52848216413704,20.287694018283176,49.14721204878144,0.014927174,4331.171811038149,0.11813425,0.06670196,0.63912594,61.68551,65.55149,0.3295673076923077,0.78116786,0.23058337,1.0,0.6622270374888641,61.68551,65.55149,2742,8,24.15,0.4,0.6622270374888641,-0.5718535548259379
84.03996,37.370613,23.989998,19.853504,17.19506,16.821476,14.6846895,12.547826,11.903578,12.561472,11.217457,10.769267,10.770072,-4.3737114e-06,-5.620677e-06,-4.044792e-06,-1.7221064e-06,9.059588e-07,3.3675499e-06,5.2225173e-06,6.125083e-06,5.9137565e-06,4.630315e-06,2.5034747e-06,-7.517846e-08,-2.643016e-06,0.11788114,1002.1579942862512,622.0380499550238,0.0710009988682912,0.4026934,0.3954367,0.31188086,0.38472468,0.29834956,0.38196883,0.35216478,0.34793493,0.4557909,0.36016175,0.4817178,0.33914116,-0.148680886386571,0.0157171525234317,-0.0137733854307871,0.0043855883470096,0.0016199123856231,0.0045233284598171,0.48171812,0,117.45383523,1.8963968503280328,1.7307019,1.3989730087288716,1.5795491124827945,1.3565793906019392,1.3989730087288716,0.84271824,19.98215800785801,16.046345198834146,19.197075622948137,18.974923048747485,18.86882689020796,18.96056504909463,46.046250640733085,0.01870722,5082.046624833222,0.1453743,0.10409092,0.5827414,99.1001,75.88412,0.3618369843211386,0.68079484,0.27585268,1.0,0.441492188427548,99.1001,75.88412,3254,8,26.102131519274376,0.4453617714151233,0.441492188427548,-0.9760994985120296
112.0828,38.634247,36.5917,22.73529,19.974165,18.865702,17.126524,17.246943,14.784553,15.165679,13.73747,13.225502,11.28603,0.0,3.6609378e-09,-8.877774e-09,-2.1965627e-09,2.1965627e-09,-6.4066413e-10,-3.660938e-10,1.5558986e-09,1.1898048e-09,3.2948442e-09,3.2033207e-09,-2.5626565e-09,-2.9287504e-09,0.12315601,1039.0704726619686,715.1345967274718,0.0589737578095078,0.3269038,0.45881578,0.36312267,0.47917083,0.49177724,0.433809,0.39656714,0.33133695,0.43655905,0.34000194,0.31957334,0.34980178,-0.0354509426396193,-0.0797902103903479,-0.0860827352423401,0.0614813237443415,0.0247232712592584,0.0044141029023039,0.4917773,0,143.5546875,2.360199440325367,1.9951888,1.4492089720766994,0.7902953391416475,0.5359814222052991,1.4492089720766994,0.7964568,20.38322833233097,15.10470196995711,19.91592752752437,20.138334659030704,19.60037360848968,20.35148957307121,48.41377231777323,0.034314558,4931.424860450906,0.18979254,0.12820195,0.5968404,114.10119,72.14761,0.4711584605048469,0.48572508,0.36181602,1.0,0.19984681754046,114.10119,72.14761,4909,8,30.24108843537415,0.4453617714151233,0.19984681754046,1.7464346350823429e-15
94.54356,32.973812,27.652525,21.945202,13.677967,11.942175,11.141289,10.554522,10.486261,9.487,9.750265,9.497387,8.146801,-7.601838e-09,-5.7013785e-09,-1.1877872e-10,2.3755745e-10,1.9004596e-09,1.4253446e-09,-9.2053504e-10,-2.3755745e-10,7.126723e-10,3.5633616e-10,9.502298e-10,2.019238e-09,-7.126723e-10,0.10053236,686.1144296347352,602.1410860575312,0.0381846738560986,0.43955293,0.49414897,0.3511607,0.45832682,0.4451107,0.35111755,0.4606875,0.3848234,0.50869703,0.40377983,0.39854398,0.5495741,0.0222839740848436,-0.1429678994523491,-0.0128547777597799,0.0442582147346085,-0.0042503317742281,-0.0025125906205282,0.54957396,1,135.99917763,2.076071153307175,1.7049237,1.2852749338361935,1.434598043610042,1.3374124940043377,1.2852749338361935,0.6884703,20.33677333803272,15.606881360302332,17.79342779734035,18.532716931836674,18.3100525759202,18.73884132406553,48.572888517961154,0.015944418,3590.066903471012,0.10811065,0.07709112,0.5837421,69.11106,62.958553,0.3185102142501245,0.83027184,0.15338716,1.0,0.7236591027968253,69.11106,62.958553,2557,8,23.30122448979592,0.4,0.7236591027968253,1.7464346350823429e-15
120.07978,30.879223,28.988071,17.259565,13.402117,14.204068,11.628999,11.163007,10.099954,9.701237,9.628624,8.893017,8.76746,0.0042454293,0.00027909817,-0.00063508406,0.0008339217,-0.0006566463,-0.00040935224,0.0005556433,0.00023120908,-0.0004155175,0.000309397,0.00025187817,-1.7365774e-05,-0.00038875153,0.1543021,932.6923606811364,569.2163743200869,0.0678531486069941,0.40867662,0.4534499,0.3623189,0.42221063,0.5736205,0.43831193,0.46417597,0.39131314,0.42863294,0.36412734,0.38778722,0.5118428,0.0174206504489977,-0.1096728162491924,0.0220595507166153,0.040626975432504,0.0187992884363797,-0.0074251594151859,0.57362,0,112.34714674,1.844331187846246,1.5644897,1.3295089241641782,1.0595282861725002,0.8555278736825275,1.3295089241641782,0.93830127,20.91253373553497,14.716045151815766,17.88402020800233,18.03253092743456,18.378020020182248,19.022330193535687,47.74263286234868,0.030666776,5982.463668951707,0.22669384,0.12549163,0.64367557,120.91453,79.65715,0.4490644490644491,0.4460921,0.39783075,1.0,0.2076416700159839,120.91453,79.65715,4320,8,27.92340136054422,0.3142696805273545,0.2076416700159839,-0.1503036393183772
94.77508,36.194195,22.125107,16.574617,16.15448,13.790903,13.768573,14.7831745,18.237255,11.916988,11.261224,10.521484,10.4523115,-0.024271697,-0.015895596,-0.0026187052,-0.0033072894,-0.0022639711,-0.0024604732,0.000983331,-0.00087331055,-0.0014063882,-0.00072719733,-0.00023037946,-0.0011768043,-0.0021460173,0.14688767,923.9293977169516,655.0477637888888,0.0517063238571926,0.5025318,0.5148567,0.40041125,0.41360167,0.49263763,0.42123488,0.43383288,0.40479955,0.49569345,0.57579744,0.49264932,0.5432517,0.0288762013873987,-0.1534257920446694,-0.0616012689962943,-0.0032661728326687,0.0168747276090178,-0.0030424684690305,0.57579744,1,129.19921875,2.079070061813042,1.9355766,1.4131971392304157,1.332615121516726,1.355320992764538,1.4131971392304157,0.70291793,22.92059814273553,15.140742697109385,19.82009755720533,19.730781728080384,20.286558199517025,21.9748394522306,48.01897675612284,0.012199305,4715.432098499669,0.2679012,0.09032164,0.7478598,95.04251,83.82062,0.3423721340388007,0.6893437,0.2771302,1.0,0.4737710507820101,95.04251,83.82062,3106,8,26.33388888888889,0.4,0.4737710507820101,-0.1119468810366566
126.41098,40.133263,30.083618,17.628132,13.732498,11.26628,10.892523,10.097462,9.879347,8.867308,8.902229,9.177522,7.404572,-0.0017386028,-0.002083116,-0.0016658488,-0.0010317262,-0.0006677605,-0.00043957008,-0.0004987272,-0.00041389122,-0.00019400005,-0.00022251558,-0.00039821636,-0.0005712093,-0.0005479643,0.113263115,1029.468352592968,594.6767598151121,0.0746192160221048,0.4715042,0.39277244,0.4817098,0.36886978,0.38626996,0.4370575,0.3799915,0.37179497,0.4440213,0.62822896,0.49221247,0.40601063,0.066355649620784,0.0924724559176004,-0.1274781952082329,-0.0822236772429816,-0.0159406421259574,0.0015681094129362,0.6282285,1,123.046875,1.8085531574740208,1.3300511,1.660857230219288,1.2183411447272916,1.0054371413076473,1.660857230219288,0.8441853,22.62257482057528,15.007320858169924,17.615271039858474,17.630133962945216,18.07736614243638,18.28720507260504,48.05901388900692,0.03048638,4895.945022736994,0.15681009,0.06704239,0.70050323,71.25132,58.259064,0.4010440835266821,0.6142372,0.34282765,1.0,0.3844532846092566,71.25132,58.259064,3457,8,25.02,0.4453617714151233,0.3844532846092566,-0.5065116358999724
118.095764,50.743744,32.241783,20.516699,18.04114,14.7803755,12.49477,12.447942,12.936701,11.237021,9.253948,10.293045,8.727005,3.87574e-09,3.87574e-09,-4.844675e-10,-2.4223376e-10,-2.4223377e-09,-9.68935e-10,-1.3322857e-09,1.8167532e-09,-2.1195454e-09,-1.8167533e-10,-1.2111688e-10,1.0900519e-09,7.267013e-10,0.1414998,1266.8103836126702,900.9135208809384,0.0846110267985189,0.3612777,0.53945005,0.39246956,0.32290944,0.346861,0.31864056,0.41307348,0.32164124,0.414287,0.4131792,0.3146719,0.35503516,0.0299591276180197,-0.1687210906200329,-0.120232394309049,-0.0891415244350706,0.0122327210178847,0.0123744058619426,0.5394498,1,143.5546875,2.1552348612346,1.5339209,1.3885359297930475,0.9523767487825294,0.6488200359806455,1.3885359297930475,0.81300014,22.389103102098183,15.789630838220033,18.228540394741547,17.166225785733577,17.652243562081665,19.111533181668072,44.62564588198116,0.060844637,5054.572123865927,0.15341008,0.10596893,0.5914491,90.22549,80.56324,0.3755874507811507,0.6233357,0.309017,1.0,0.3459098531100288,90.22549,80.56324,2957,8,22.851337868480726,0.3142696805273545,0.3459098531100288,1.7464346350823429e-15
99.78408,30.681225,20.136446,21.798029,15.708936,23.876396,16.715532,18.427633,13.322799,14.004399,12.68366,14.490174,11.241503,4.6849213e-09,0.0,2.3424607e-09,5.8561517e-10,-2.781672e-09,1.4640379e-09,2.9280758e-10,1.3176341e-09,-1.3176341e-09,-1.4640379e-10,-7.3201896e-11,-5.8561517e-10,2.196057e-10,0.087012336,684.1098217925207,529.1394549470531,0.0513220712530769,0.33174884,0.46025544,0.36736128,0.23929513,0.26426166,0.24651134,0.3227037,0.22801904,0.28579757,0.36856446,0.32018572,0.45701304,0.1747160525311849,-0.0725346507600108,0.0097208117375201,-0.0863926719034114,-0.0277280282318577,-0.0265136105535276,0.46025556,1,83.35433468,1.3621004829109962,1.3171018,1.566029977072305,1.044109386746049,0.6964856114950483,1.566029977072305,1.1230594,23.62374353927799,16.45595926916161,19.71669669852617,21.15464694702648,21.53524712608508,26.313483441588488,63.69068950314782,0.019654023,4011.459879982058,0.11937984,0.049250606,0.7079334,53.575733,38.99363,0.4067250115154306,0.79808116,0.16290061,1.0,0.596424375490724,53.575733,38.99363,2649,8,18.90462585034013,0.4453617714151233,0.596424375490724,1.7464346350823429e-15
83.385704,25.119886,15.000508,13.282582,11.679236,13.099683,11.387923,12.009381,9.852078,9.789264,8.679064,8.560701,7.48473,0.019132104,0.0020835532,0.000675608,0.0014175903,3.821531e-05,0.00094770885,0.00033205387,0.00030713118,0.00039177338,0.0004781474,0.00013359448,-7.682377e-05,0.0001946947,0.087044865,662.301669825005,482.26844588945823,0.0441333709353398,0.353895,0.26905882,0.47559196,0.34112376,0.31874335,0.41790435,0.33309054,0.5276243,0.3295886,0.4202518,0.5300712,0.29417017,0.0246548738179958,0.2467673238595374,0.126242711591019,-0.0597041960010027,0.0477412901373891,-0.0104950807939261,0.5300717,0,129.19921875,2.0594744543979333,1.1716794,0.8150090747582162,0.743288874458558,0.5248162523830908,0.8150090747582162,1.1737449,21.44697549785741,15.294946116361984,19.252863786940267,18.90898644423661,19.17657538968188,18.94411391804833,46.55483633383897,0.03278201,5790.490800263866,0.22639285,0.08898159,0.7178519,98.91547,61.28826,0.3857464564843025,0.6817167,0.27768683,1.0,0.433223384939257,98.91547,61.28826,2912,8,21.91092970521542,0.0,0.433223384939257,-0.5249469426302819
96.25001,32.361874,21.699291,18.003784,15.06415,15.229169,13.312129,13.168052,10.525034,10.049662,9.101087,8.985157,9.095777,-8.541961e-09,-1.4236601e-09,-1.0677451e-09,-1.4236601e-09,-1.7795751e-10,8.8978755e-11,-4.448938e-10,1.0677451e-09,-8.8978755e-11,0.0,-4.8938315e-10,1.7795751e-10,-8.8978755e-11,0.12374771,1076.9069288353005,627.8470291240524,0.0842777298344032,0.46573094,0.28755173,0.30238017,0.27081132,0.40091285,0.311145,0.29655564,0.34214124,0.29889864,0.35971987,0.31576353,0.5049395,0.2021337207446316,0.0976906878252555,0.0153848007497963,0.175321808516683,0.0339621439964106,0.0341560423031295,0.50493956,1,123.046875,1.9329048620182887,1.4455445,1.2454133356475483,1.14414530696843,0.8148337211085188,1.2454133356475483,1.0250543,20.74840557659169,15.294026573428834,19.410109104692403,18.885934048419635,18.85307159011322,18.56403698776484,44.08353055656376,0.06546024,6751.621523809246,0.2128991,0.0980708,0.6846271,95.17015,50.14066,0.4549780722217038,0.4096125,0.3860613,1.0,0.1448851018951608,95.17015,50.14066,4876,8,31.106031746031743,0.3142696805273545,0.1448851018951608,-1.4652032984903989
81.62252,44.338474,30.87362,22.52328,18.535782,16.199987,14.186875,16.081398,12.919059,12.398163,10.037758,11.247411,11.58941,-0.0016705748,-0.0020738314,-0.0014250104,-0.00082584337,-0.00047658806,-0.0002973593,-0.00016886159,-9.2800066e-05,-0.000113585214,-0.00019808154,-0.00025000193,-0.00020922442,-0.00010353424,0.13626806,1102.7093617717735,655.5405533545471,0.0876297248411318,0.40649298,0.3565195,0.41435927,0.41124338,0.38940656,0.42152974,0.36546418,0.47256482,0.44600004,0.38431174,0.42929935,0.37820652,-0.0732753036256737,0.1128681977681567,0.0260392173538183,-0.0032552540234213,0.0035048853709963,-0.0058923503380096,0.47256514,1,103.359375,1.4887007489069546,1.512142,1.1108850940068542,1.2760458260475822,0.9252075822726402,1.1108850940068542,0.8191743,19.25616131385099,15.514454740249114,17.60031930416832,18.176746898480005,18.86342011147509,19.924541487901,46.23513525592374,0.033319134,5150.52303126601,0.12245835,0.07513591,0.6197434,68.28152,66.75485,0.3014072960786992,0.7083637,0.23806413,1.0,0.4433982800322494,68.28152,66.75485,2206,8,21.243356009070293,0.4,0.4433982800322494,1.7464346350823429e-15
101.879135,30.358206,16.265738,17.897888,12.373445,14.12831,13.057543,10.027454,10.411724,11.6234,8.139045,8.024652,8.745672,0.0008063243,0.0007205339,5.1501473e-05,-0.00017698102,-0.00019153858,-0.00028575497,-0.00028085618,-0.00018914022,-0.00020220832,-0.00015011392,0.00010210594,0.0002598118,0.0001759065,0.06717292,746.208362222032,583.336017788791,0.0417577793685826,0.26961833,0.3573441,0.2838084,0.21653211,0.26485038,0.22388822,0.35335496,0.23035188,0.31023905,0.53476936,0.31755427,0.39008582,0.1606807907041495,-0.1620091339747583,-0.0909552923286064,-0.0919135669664501,-0.014247912375755,0.0389478568954252,0.53476906,1,80.74951172,1.2528895492545813,1.270524,1.1029878466847762,1.2047864861854645,0.9456600653425488,1.1029878466847762,1.0032239,21.350527025516367,15.198736512442048,19.17400008416333,20.21536908616128,18.83294068183184,21.67385364593401,45.16223952525665,0.01728098,4246.541588824728,0.11390079,0.062289145,0.64646226,62.755123,33.09599,0.5100942126514132,0.79115003,0.19536503,1.0,0.6394756932388582,62.755123,33.09599,4927,8,28.03519274376417,0.4453617714151233,0.6394756932388582,-0.1061631827549321
104.71132,37.58332,24.169802,16.749186,13.455233,12.72769,9.781931,13.9480295,10.934115,10.464846,10.75702,8.887434,9.051186,3.5345817e-09,-2.6509364e-09,-1.5463795e-09,6.627341e-10,4.4182272e-10,-7.7318973e-10,-5.522784e-10,-9.388732e-10,-1.8777464e-09,-1.8225187e-09,7.7318973e-10,5.522784e-10,4.9705057e-10,0.054866467,771.7546511053864,708.5832119492304,0.0404462264082851,0.2590767,0.20538707,0.23904537,0.22525023,0.42620024,0.23910359,0.37061474,0.355787,0.16957128,0.20054051,0.2299904,0.4034713,0.2229683750129611,-0.0286647978991462,0.1354970424075212,0.1571020006912138,0.0330660851007149,0.0054177283386323,0.42620063,0,117.45383523,1.6361604027193328,1.0883081,1.377387927669404,1.582508749813857,1.2190984882733598,1.377387927669404,1.3661385,20.667110158673445,18.106024513580543,21.19694155357274,21.097091867091244,20.69156594536633,22.60033269068871,47.263923662584034,0.010404339,2945.361353573988,0.12059378,0.028590232,0.80835044,42.37161,24.878593,0.5024904436464729,0.88595706,0.09772472,1.0,0.8575230559790528,42.37161,24.878593,4338,8,25.05866780045352,0.3142696805273545,0.8575230559790528,1.7464346350823429e-15
100.11982,29.74539,20.704374,19.114862,12.871265,12.535078,10.969373,10.60867,10.065791,9.270538,8.983196,8.490772,7.881443,1.5038847e-08,-4.6996393e-09,-1.2924009e-09,4.6996396e-10,-3.5247294e-10,1.4098918e-09,8.224369e-10,2.3498198e-10,-5.287094e-10,-7.049459e-10,9.399279e-10,-1.8798558e-09,2.3498198e-10,0.12754552,888.4049215955442,466.0819219680197,0.0797548102598903,0.43597832,0.40527117,0.49856925,0.42206863,0.42013496,0.46740294,0.42482123,0.49550188,0.48363185,0.5137241,0.57706577,0.5165546,-0.0136479990029528,0.0935108685759923,0.0114439310871074,0.0248623281674612,-0.0017936467368796,-0.0301472164515633,0.5770659,0,151.99908088,2.4778023215523217,1.5030081,1.0328587131635325,0.9651002392661078,0.6486404265212877,1.0328587131635325,0.9645582,21.319772175152217,14.169829605974831,17.427520113841997,16.494291306006673,17.96918221459139,18.34278147244042,46.45375435860686,0.026049607,5643.162266861795,0.21065697,0.10459406,0.66821766,102.3589,57.23198,0.4991375061606702,0.58522135,0.3060956,1.0,0.2817219229505212,102.3589,57.23198,4051,8,23.559183673469388,0.0,0.2817219229505212,-1.1265162175454144
102.520805,41.422005,38.430103,26.43797,18.27165,17.86604,16.359564,15.347117,13.37953,13.03303,12.418765,11.680671,11.623643,0.0,2.39116e-09,1.19558e-09,5.5793734e-09,-7.970533e-10,-1.19558e-09,0.0,2.092265e-09,9.9631664e-11,2.98895e-10,1.2952117e-09,-6.974217e-10,1.0461325e-09,0.0791096,814.9135382784631,669.6936255372755,0.0441683879606383,0.40762874,0.4275367,0.46072024,0.50084686,0.56595147,0.4956887,0.49292478,0.5207921,0.4870178,0.54481137,0.4693506,0.44796944,0.105672924706985,0.0378602049789949,-0.0067713821955895,0.010752168331349,0.0156503209836505,0.0131477935776014,0.56595224,0,123.046875,2.0338372930165587,2.4101455,1.640349981028546,0.7580693325300949,0.5140682387099726,1.640349981028546,0.7743568,22.112878197472416,15.475307682975282,18.85510143100944,17.649466976077388,20.081782564401696,24.03411528447312,51.60394563474906,0.010230769,3150.6572055457978,0.11208526,0.06730972,0.62479246,57.096554,49.667725,0.3764496917772437,0.8285799,0.14643896,1.0,0.7032398481152979,57.096554,49.667725,3603,8,27.78,0.4453617714151233,0.7032398481152979,1.7464346350823429e-15
105.259186,34.50152,27.856108,19.858698,18.000801,21.002645,18.375557,14.271947,13.062574,11.792978,11.513796,10.788012,10.244659,2.7966989e-09,4.1950483e-09,3.4958736e-09,-3.4958736e-10,-1.3983494e-09,0.0,-1.2235558e-09,-1.7479368e-09,6.991747e-10,-5.2438104e-10,-8.739684e-11,-4.369842e-10,1.2235558e-09,0.12261574,868.9448440164579,578.0640817093147,0.0567183217704263,0.38191608,0.3831401,0.50766844,0.4180476,0.4681814,0.4475965,0.34558982,0.36906764,0.35585424,0.42279157,0.33240142,0.32749674,0.1073074583724956,0.0670514644894333,-0.0384846326737466,-0.0575000920068478,-0.021072992074506,-0.0228354348711406,0.50766736,0,143.5546875,2.336661396755568,1.9758698,1.263264787680253,1.4785928494853418,1.2376167059365983,1.263264787680253,0.70468867,21.20005636380696,16.42964847984136,20.00729596175302,19.139043542129546,19.32266318672569,20.03629824729221,47.60597371025808,0.018015062,3860.032875307145,0.15959561,0.09103785,0.63676643,87.288994,72.8212,0.3542296764732838,0.70915306,0.28917804,1.0,0.5262529118579131,87.288994,72.8212,3865,8,31.669115646258504,0.0,0.5262529118579131,1.7464346350823429e-15
111.22101,35.36846,25.080015,18.29696,19.146988,16.171202,13.193207,11.913124,11.543647,9.96342,10.105765,10.279356,9.61984,-6.4537384e-09,-1.3445288e-09,-1.6134346e-09,-1.6134346e-09,2.6890576e-10,-7.3949086e-10,-9.411703e-10,1.0083966e-09,-3.361322e-10,6.722644e-11,0.0,4.0335865e-10,-4.705851e-10,0.12760492,976.1798547979532,503.7825104328688,0.0815251739725735,0.47253805,0.42613792,0.41677362,0.39652836,0.41998634,0.4142325,0.4906612,0.42616174,0.47527584,0.52406955,0.5214524,0.6071167,0.063455283962275,-0.0717806303791869,0.0831798577903275,-0.015051819911209,-0.0163286391312452,-0.0092169177984198,0.60711604,1,117.45383523,1.8550281437257667,1.6192563,1.3552687582668046,1.146802855156032,0.8597872276680195,1.3552687582668046,0.92624116,19.84352478502849,14.25665929645984,17.862633292780128,17.430473885782327,17.83998817747022,18.231525502295018,47.32756108522506,0.027569197,4935.896345800327,0.14290932,0.0953166,0.5998874,84.17825,56.163292,0.4513218188227,0.6233411,0.30544767,1.0,0.3467229671396208,84.17825,56.163292,6402,8,41.1718820861678,0.3142696805273545,0.3467229671396208,-0.6762853127847649
97.291336,34.528614,20.132357,13.98456,14.453615,12.6033325,11.53022,9.896727,10.672392,10.554567,9.290331,9.980261,9.41312,5.626397e-09,-9.846195e-09,3.5164982e-10,1.2307744e-09,-3.1648484e-09,1.3186868e-09,-8.7912455e-11,1.8022054e-09,-6.593434e-10,-6.593434e-10,7.0329964e-10,-3.5164982e-10,-9.230808e-10,0.10196033,1106.5173172525724,546.0671409111146,0.0973592754693949,0.41031897,0.34131294,0.4932665,0.3471594,0.33447427,0.41858855,0.35594714,0.4200235,0.36654449,0.46754882,0.47812042,0.35393658,0.0037540668624839,0.1689603462997335,0.0396291956289273,-0.0986277174930172,0.019126292256197,-0.0111701927938189,0.4932665,0,123.046875,2.028849782774039,1.4428257,1.5173814878983494,0.8330703306271767,0.6114409651188345,1.5173814878983494,0.9557714,21.501679519298506,16.62501957282094,19.00266413563917,18.9124054032606,18.96986621983173,19.282934844054992,47.325394443252485,0.051163856,6779.469366833172,0.11443027,0.07502293,0.6039997,68.89094,59.286346,0.3372361021480594,0.6039202,0.30492836,1.0,0.3242640256676325,68.89094,59.286346,3658,8,31.48335600907029,0.3142696805273545,0.3242640256676325,1.7464346350823429e-15
99.61357,39.25979,28.276299,20.544802,16.867144,16.55718,12.600865,10.941515,12.143148,10.641903,10.888091,10.563037,9.613515,-2.3136906e-08,3.6151415e-09,-3.70552e-09,1.0845425e-09,9.037854e-10,9.941639e-10,1.2201102e-09,-9.941639e-10,-9.037854e-11,1.355678e-09,-1.5364351e-09,-1.355678e-09,4.9708193e-10,0.091676556,1156.3181300100898,604.5813445773895,0.0811270550165918,0.5372792,0.4436807,0.4652427,0.44435477,0.395762,0.43094003,0.46688753,0.6101416,0.55851203,0.5403505,0.5270772,0.48110446,0.0043322375766364,0.0934586290948888,0.1038150527798532,0.0800405915591694,0.026734473637294,0.0441722659919913,0.61014044,1,103.359375,1.681518730925907,1.8711705,1.3077827696065871,1.2439294544866382,1.8271355917420369,1.3077827696065871,0.838251,18.64233614156178,13.977534295047704,17.017703903932777,16.828873426333534,17.957527676514143,19.754484609854725,47.52305620076921,0.04068385,5368.754849495356,0.14978108,0.07747314,0.65908754,70.61004,38.58303,0.4591981802672732,0.57203555,0.32310143,1.0,0.2827650787953057,70.61004,38.58303,4845,8,30.62707482993197,0.3142696805273545,0.2827650787953057,1.7464346350823429e-15
105.777145,53.29518,23.515106,20.149761,17.078358,12.792567,12.345421,12.546538,12.380797,10.84504,10.753084,11.250298,10.166506,0.0,-9.620926e-09,1.8039237e-09,1.2026158e-09,-9.0196184e-10,-1.8039237e-09,6.013079e-10,1.8039237e-09,4.2091552e-09,-1.5032697e-10,3.0065395e-10,2.630722e-09,1.6535967e-09,0.15554847,1161.8991795302188,638.5861957422628,0.0809791619689033,0.4001906,0.5395223,0.38257974,0.42821288,0.42562205,0.27975902,0.27166918,0.2629842,0.38597855,0.40866348,0.34972495,0.37656236,0.0470498389047218,-0.1922796253466832,-0.2280142845630429,0.080386729032459,0.0475330924103038,0.0080203331618837,0.539523,1,143.5546875,2.3829999094776864,1.3429475,1.313417176560546,1.0092657750266096,0.699510032604455,1.313417176560546,0.8134527,25.88123361242531,16.42573036160481,20.51050760225447,18.719159960968632,19.67730953953368,21.12580474081323,46.84815032759795,0.023132231,3493.543277081445,0.16178499,0.071312636,0.6940624,59.486465,61.23625,0.4116348730884439,0.721337,0.2965054,1.0,0.5623431658474451,59.486465,61.23625,2611,8,18.411666666666665,0.0,0.5623431658474451,-0.99405194000721
122.44824,33.076622,27.63109,15.285158,12.477326,12.056143,10.514082,9.9517565,9.481935,11.886842,11.044669,11.377204,9.690324,0.04062807,0.035364997,-0.0048557064,0.010683374,0.0074467305,0.0029226097,0.006115991,0.0024833623,0.00308956,0.0012732596,-0.0002077966,-0.00067699025,0.0016851614,0.095004454,920.4719968908512,469.7439547646648,0.0637588217603829,0.3664324,0.2580426,0.30583176,0.3694477,0.39260927,0.35642457,0.29026943,0.4186847,0.3210849,0.25384864,0.2474292,0.32150653,-0.0269324679049811,0.149631409228286,0.0719744670201139,0.1754324793945111,-0.0051737547619775,0.0328743035701853,0.41868505,1,99.38401442,1.529051987767584,1.2631689,1.5988479568915168,1.6290132316993886,1.5488064874388274,1.5988479568915168,1.0929422,25.288378181976864,15.3394623078205,18.234095545949497,20.240508852102217,19.0047473695885,18.32326877807751,47.60860877073693,0.020358412,5008.196205274593,0.10129064,0.0544299,0.65046006,52.745415,51.86051,0.3547050700335372,0.6897257,0.34432372,1.0,0.5358744830752113,52.745415,51.86051,1798,8,14.715,0.4714045207910317,0.5358744830752113,-1.0062538960795966
95.28367,47.72242,30.69647,21.622715,20.11755,15.921128,13.060476,12.814246,12.030382,11.042439,11.160966,11.066672,10.210377,-8.938296e-09,4.1898263e-09,-2.7932176e-10,-6.2847394e-09,-1.6759305e-09,-6.983044e-11,1.8854218e-09,3.491522e-10,-1.3966088e-10,-4.888131e-10,8.3796525e-10,-1.5362697e-09,-7.6813483e-10,0.1080152,1328.4177645360592,646.5816348900795,0.0972096622111807,0.40337437,0.30646598,0.31226447,0.30223253,0.3036842,0.33597904,0.48418304,0.5227492,0.37749687,0.33597764,0.39510974,0.4954576,0.1004689595580463,-0.0503702237354149,0.2032969129022585,-0.0180215087965855,-0.0135391120189525,-0.0389065028602927,0.52274954,1,172.265625,2.778361786224876,1.8117429,1.3650522002075265,0.9239018080704552,0.6108480421336492,1.3650522002075265,0.83771175,24.004674214490205,16.39944276544955,18.626701513873023,17.16876803095389,17.751526381951177,19.032293119695137,46.54594251747087,0.030711329,5051.6710055540425,0.126451,0.08481519,0.5985359,76.82277,58.89258,0.3943321616871705,0.6317072,0.3314439,1.0,0.3995578200284956,76.82277,58.89258,5385,8,39.63666666666666,0.3142696805273545,0.3995578200284956,-0.9790182924488628
83.82416,40.326363,22.075748,15.728452,15.723296,14.291804,11.661758,9.893613,11.709261,9.696863,9.068672,10.586773,9.272874,-3.064937e-09,6.129874e-09,9.577928e-11,0.0,-9.577928e-10,2.8733784e-09,1.9155857e-09,5.746757e-10,-7.6623424e-10,-1.9155856e-10,1.1493514e-09,2.4902613e-09,-2.8733785e-10,0.13726848,1126.6802622808464,605.4720226558953,0.0661890704945047,0.4143297,0.36158946,0.3973588,0.4744341,0.41445315,0.42456684,0.38179383,0.44402838,0.44104606,0.41600916,0.4420821,0.40213344,-0.1721919860378021,0.1382340022391819,0.1020909494667336,0.0599784060577467,-0.0010047663477663,0.0383543789313904,0.47443357,1,89.10290948,1.4144414326085704,1.620187,1.5009874837874788,1.0965997507258178,0.8730268289283871,1.5009874837874788,0.87231344,25.796878324680613,16.96729222441075,20.576691924203992,19.02497114533028,19.272406796910417,20.361419749044213,47.548314479064224,0.017137133,4052.969673894622,0.1698989,0.105621375,0.6166453,86.94424,79.75051,0.3597830453997589,0.74604434,0.28245658,1.0,0.6044897246166954,86.94424,79.75051,3582,8,28.898333333333333,0.3142696805273545,0.6044897246166954,-0.9766280328056336
109.32375,41.230682,30.260057,26.048368,22.492151,20.694365,16.64614,15.223521,16.395,11.533708,11.943959,12.476166,11.315602,-1.7472562e-09,3.4945125e-09,5.241769e-09,2.1840703e-10,8.736281e-10,4.1497334e-09,-1.6380528e-09,-6.0061933e-10,-6.552211e-10,-8.190264e-10,-1.7472562e-09,9.828317e-10,7.6442463e-10,0.12249758,1110.229195045571,744.351534806711,0.0814447020394458,0.36625558,0.3570556,0.43285555,0.33311546,0.40793732,0.4517596,0.35025263,0.4084186,0.37631488,0.46661586,0.40949625,0.3205198,0.0662967402020976,0.1249620912229157,-0.0495949916499029,-0.0159889473020482,-0.0109277317476159,-0.011115376604041,0.46661606,1,129.19921875,1.967795340964194,1.8587035,1.6702518700984754,0.7636075359587869,0.5184227545844194,1.6702518700984754,0.9279388,19.36948527612797,15.104963608184878,18.46826773028975,18.22746318619008,18.85708935009893,23.305664815468067,51.15376703565845,0.035592765,4781.822174711761,0.17786919,0.11203972,0.6135326,97.79156,66.08707,0.4192624828218048,0.55289876,0.31189615,1.0,0.2342849444915891,97.79156,66.08707,3661,8,25.34562358276644,0.0,0.2342849444915891,1.7464346350823429e-15
94.36154,34.498787,25.804432,16.567802,17.99186,14.04406,12.918392,13.370284,11.103774,10.323509,10.290412,8.659186,8.8260565,-2.5634201e-05,-3.495196e-05,-3.1593314e-05,-2.7540005e-05,-2.4439489e-05,-2.3540726e-05,-2.5198382e-05,-2.8687195e-05,-3.253056e-05,-3.507347e-05,-3.5166755e-05,-3.262511e-05,-2.8294626e-05,0.11704055,1030.6049886598184,577.145198829078,0.0744706260853062,0.5134548,0.38870695,0.38532647,0.41168302,0.43749085,0.61961037,0.47749236,0.5185623,0.45161507,0.3635307,0.3629167,0.35381418,-0.0864212489401452,0.1719424009857449,-0.1531404143030864,0.0259864616019006,-0.0633929705676469,-0.024838575722164,0.6196095,1,123.046875,2.0316600584945745,2.018701,1.5193887103218802,0.9027695690138128,0.6138672022054176,1.5193887103218802,0.9175026,17.905526626773476,13.861902329704318,17.521505020222722,17.347338466636106,17.766706970780117,19.95720670997977,49.43816118835664,0.053432066,5746.660201978733,0.16273037,0.13542797,0.54578316,115.011894,67.7609,0.415009250693802,0.54132503,0.3558523,1.0,0.2717722127369192,115.011894,67.7609,3589,8,25.102624716553287,0.4,0.2717722127369192,1.7464346350823429e-15
113.74561,41.361336,27.097828,16.924929,17.60388,10.642085,10.334446,9.3486395,7.778119,8.912509,8.919553,8.59776,9.067603,0.017565835,0.0099882195,-0.00020101815,0.002021335,0.0010130532,0.0012042118,0.00059267227,0.00058568176,0.00036547633,0.0002711827,0.00029931488,0.00017228507,0.00025049085,0.111850865,854.5371954125425,726.1174105690981,0.0423851548955086,0.6165816,0.38568184,0.32237852,0.27897215,0.34517464,0.23907466,0.21223949,0.3897987,0.2900312,0.32793722,0.31201527,0.44013238,0.1105618637207372,0.1918349706428511,0.0004179856333067,0.1864276484464951,-0.0011744919160192,0.089093103108462,0.6165817,0,86.1328125,1.3711362548696937,1.207779,1.3868891257913822,1.4848269117827748,1.2513422841929125,1.3868891257913822,0.9167993,21.346343794574164,17.826705215906404,20.98944264860932,20.171933212160955,20.071322931982525,19.267313649163064,46.34407454687433,0.009765954,2790.434140729936,0.21846779,0.083549745,0.7233588,91.71818,64.81218,0.4670875873186459,0.7649265,0.2249051,1.0,0.5834964713247496,91.71818,64.81218,3477,8,21.60616780045352,0.3142696805273545,0.5834964713247496,-0.0322776042569444
91.9982,39.956116,28.408363,18.677473,21.91655,17.696857,16.717813,15.745573,13.216746,12.044089,13.328996,11.151356,11.577087,0.037861742,0.021856364,0.0008718848,0.005996844,0.0015781015,0.0009755473,0.0022154413,0.001409067,0.0022191126,0.00013183254,0.00043472002,0.000852791,0.0008299595,0.06707889,1120.3638145959494,792.000200545628,0.070235568408601,0.29953355,0.4017119,0.34833905,0.3444232,0.5428616,0.38816953,0.48937285,0.36269516,0.3001121,0.31900567,0.32962444,0.3810955,0.161605588189237,-0.1521800346790857,0.0096470926424419,0.0124955187025777,0.0343348254124958,-0.0136322236800502,0.5428598,0,135.99917763,2.197223226545849,1.7382137,1.4005967608732133,1.0006615214516932,0.6636637602712869,1.4005967608732133,0.9754817,20.74879188744996,15.91018267837038,19.04251657083886,19.066751419852714,19.93188202980995,26.688319042427267,49.98571346206048,0.010533278,4691.477132090402,0.104929626,0.046243515,0.6940977,46.92717,35.791935,0.3786177644710579,0.8098461,0.15947926,1.0,0.6667714759622144,46.92717,35.791935,3035,8,23.26800453514739,0.0,0.6667714759622144,-0.7840707865914934
76.39818,29.303188,23.125862,19.899384,13.543711,10.045319,10.166542,9.765114,8.54731,9.122804,8.36686,9.075732,7.5651393,-3.244135e-09,-1.6220675e-09,-1.5206882e-09,4.0551687e-10,-9.12413e-10,-5.068961e-11,1.0137922e-10,-5.068961e-10,4.0551687e-10,3.5482728e-10,7.0965456e-10,4.0551687e-10,-4.562065e-10,0.09221786,1006.7934841815209,464.03786904504506,0.0728988326419186,0.44045419,0.24511005,0.28459162,0.20280223,0.26905838,0.24342293,0.21850674,0.29593083,0.28537142,0.4430235,0.31947312,0.41960478,0.1795305408202268,0.1241034247165692,-0.013553288882645,0.0797436456659337,-0.0141866158972977,0.026237965357336,0.44302353,1,135.99917763,2.188377487486265,1.8272874,1.3224028215391364,1.3675574823041166,1.1372503820990985,1.3224028215391364,0.8489524,17.388736956727488,18.19320099751092,20.73286355654065,18.53533507994161,18.68658637894909,17.826104035427385,48.76795403478744,0.032152977,6053.464788106596,0.26896998,0.16002291,0.6269786,151.05534,63.741505,0.4943652987454816,0.5718143,0.3157058,1.0,0.2659106397712172,151.05534,63.741505,4650,8,27.30333333333333,0.4,0.2659106397712172,1.7464346350823429e-15
106.680244,33.679184,22.624615,18.572145,14.390055,15.0549555,13.98494,12.323111,10.25523,11.515709,10.248441,11.10495,9.677338,3.2976408e-05,4.4792836e-05,3.931404e-05,3.062087e-05,1.9358447e-05,6.3503644e-06,-7.453764e-06,-2.1027377e-05,-3.3349294e-05,-4.347396e-05,-5.0604234e-05,-5.4141434e-05,-5.3726508e-05,0.113591984,954.9700157985362,617.4899230466001,0.0621123187875658,0.27274236,0.37329316,0.27973324,0.37896308,0.36140245,0.3072138,0.39778507,0.39246318,0.50444245,0.33223683,0.44131163,0.39354384,-0.0733379219880647,-0.0795333266486794,0.0287257087594269,0.0202982144276823,0.0242067054896397,-0.033898917938113,0.50444275,0,129.19921875,2.0770161486125573,1.9064512,1.4744400802410238,1.2129731799800785,1.0880618430073108,1.4744400802410238,0.7964807,17.284028420028935,15.25396600709196,19.245797002670542,17.88376089853465,19.52628102789162,18.02998936854357,48.57505906239213,0.020454494,4524.242961736015,0.16314499,0.166593,0.49477008,131.78487,72.57024,0.4347876136756072,0.6110595,0.30462644,1.0,0.335166236573636,131.78487,72.57024,3777,8,25.21646258503401,0.0,0.335166236573636,-0.9678476883196953
56.883343,35.17816,23.244806,16.75905,16.310368,13.841146,13.273285,11.288296,11.425299,12.266112,11.814892,9.928347,9.077619,0.051265795,0.025870536,-0.0032386705,0.0002937168,-0.0019390843,-0.0011091703,-0.0013909595,0.0001612844,-0.0007981729,-5.300487e-05,0.00072061416,0.0007467216,0.000924818,0.119675905,930.8270524749984,547.178012807382,0.0614565454259328,0.3026125,0.4097786,0.45383632,0.27318653,0.33914158,0.21989918,0.34312508,0.32666817,0.34332913,0.3723819,0.31116375,0.47983956,0.1627078575674047,-0.071215804334298,0.0605766481545401,-0.0485862121257664,-0.0078744175775025,-0.0332260405792024,0.47983873,1,107.66601562,1.7637273548852015,1.590709,1.5768576462691986,1.826860545320392,1.8489560692329496,1.5768576462691986,0.8762363,21.49924492461184,15.836467837944738,20.79496971445091,20.19294972769941,19.699720146925603,18.79731796512487,48.30856153285023,0.020999568,5129.346822923229,0.21810265,0.101714395,0.68195856,102.48682,70.1941,0.4098298676748582,0.65952635,0.26268724,1.0,0.3730351570121455,102.48682,70.1941,3252,8,23.03360544217687,0.4,0.3730351570121455,-0.3645908268607701
82.39319,37.35629,26.028229,17.967958,18.249,15.315472,14.94391,14.155738,13.654542,12.950765,11.892463,12.870176,10.068434,0.0,3.6395442e-09,6.824145e-10,9.0988606e-10,-2.2747151e-10,-3.4120726e-10,-1.7060363e-09,0.0,1.6491685e-09,-9.667539e-10,4.5494303e-10,1.2510933e-09,-7.961503e-10,0.085362464,999.5768641611344,696.3309465431666,0.0668405613617431,0.34814984,0.50079197,0.35264152,0.46239161,0.3950119,0.36885118,0.37923345,0.31315008,0.44707426,0.3252822,0.41046777,0.4379099,-0.0905996740424188,-0.2005838307881617,-0.0016554167465168,0.065331677503447,0.022640924406692,-0.0256101743049316,0.50079167,1,151.99908088,2.429527931307509,1.6383713,1.5631630110069192,0.7346011379054486,0.5057794037210122,1.5631630110069192,0.8914366,21.277051204034336,15.69130504512438,20.58069523429733,20.5312476433774,21.821872259244365,23.95937536887615,52.36241338391403,0.017681599,4891.665781529517,0.126061,0.04730755,0.7271231,49.090786,45.51211,0.3258587786259542,0.8272684,0.15728079,1.0,0.7192952033705872,49.090786,45.51211,2732,8,24.336003401360543,0.0,0.7192952033705872,1.7464346350823429e-15
95.742805,35.053112,27.428015,19.210363,14.618824,11.524405,11.271825,10.651809,10.518419,12.138874,9.599667,11.162169,8.99523,1.0454806e-08,3.9205523e-09,2.2869888e-09,0.0,-8.167817e-10,0.0,-2.9404141e-09,-1.9602762e-09,4.9006904e-10,-2.450345e-09,-1.3885288e-09,1.7969197e-09,2.4503452e-10,0.15419784,1051.8671512786425,589.4674748092269,0.0588539370182493,0.3190734,0.32941353,0.34889337,0.36153162,0.48611835,0.3977807,0.3478476,0.39062223,0.51292956,0.7346291,0.45099005,0.36626413,0.170622095409913,-0.0461935607912131,-0.1936898473082304,0.0596671290864756,0.036240956165986,0.0482323199401039,0.73462915,1,135.99917763,2.206074262249443,1.9965725,1.293882260585383,1.5180105589592272,1.3460684844570243,1.293882260585383,0.73116297,24.032062103817605,14.544992508337614,18.281793953460745,17.550865831123396,18.74513450024669,17.71370678961891,46.52705080210266,0.043208886,5864.140747948516,0.2247047,0.16460265,0.5771895,143.2581,98.64095,0.4185369196505054,0.46264473,0.38328075,1.0,0.1895873992334542,143.2581,98.64095,2443,8,16.94185941043084,0.4,0.1895873992334542,1.7464346350823429e-15
119.5263,32.569263,30.41887,17.973047,20.486216,14.673454,18.449213,14.454715,15.357893,12.6492,11.278411,9.826731,10.024378,0.029414833,0.014144871,0.0028792243,0.0031516405,0.0015847232,0.0023606897,0.0016952544,0.0019040663,0.0009686305,0.0007798775,-3.244192e-05,0.00039781205,0.00011216615,0.07202072,963.680531082264,615.5423689186728,0.0550265533373197,0.24549958,0.3369369,0.2612974,0.37624276,0.43863595,0.36876625,0.47967416,0.34919658,0.39465746,0.31195754,0.294937,0.3150825,-0.0090031297639965,-0.1819993090830369,-0.0241281417991119,-0.0066402454984611,0.0195499885989698,0.0242848029446434,0.47967365,0,198.76802885,3.2428331611570247,1.8357681,1.27159982152379,0.5923136982382213,0.4247733227683675,1.27159982152379,0.6696692,20.83390349025795,17.056600802016273,19.288798582045192,17.77667713617345,17.53163781284049,17.50341608908726,48.00086276614837,0.017625604,4916.712623647853,0.08606254,0.07082759,0.5485495,57.127415,43.71564,0.4095500459136822,0.8073013,0.15907156,1.0,0.6519385957460637,57.127415,43.71564,3568,8,25.2865306122449,0.4,0.6519385957460637,-0.5488375275770463
107.5492,25.202665,19.863472,14.778327,13.246258,11.078176,11.89249,9.028154,9.079389,10.815798,9.513963,8.951918,7.9483705,0.00017585934,0.00019526124,5.3594533e-05,-0.000107709,-0.0001950262,-0.0001835821,-0.00015135249,-0.00017747443,-0.00024918708,-0.00030888442,-0.00033984915,-0.00035270688,-0.0003350812,0.05482047,782.777215343167,487.7319909155297,0.0509726910933579,0.37287065,0.26602247,0.28583577,0.2770157,0.41982096,0.26664338,0.31543094,0.40326354,0.3598265,0.52805996,0.3864431,0.47706157,0.2369376287547146,0.0227049219702014,0.0482533069813773,0.1414688112153819,0.0234320062835269,0.0419168603836666,0.5280599,1,117.45383523,1.7106355676328502,1.3767021,1.347601063756111,1.6562754029463136,1.6918949004240278,1.347601063756111,0.927178,22.20242767334888,16.760727656859682,19.66258112675636,18.008114263474642,18.261758023474723,17.02532160203483,46.86695335720498,0.019235838,5388.30385318689,0.078385025,0.034258552,0.6958615,34.40857,27.267305,0.4200751476113795,0.8755793,0.09887824,1.0,0.8319360026591739,34.40857,27.267305,3913,8,27.036734693877552,0.3142696805273545,0.8319360026591739,-0.4361282266850176
105.42122,36.379528,26.5485,17.856874,14.911761,9.65595,13.160464,10.068786,9.664148,9.965255,9.824906,9.718969,8.618942,8.870099e-09,2.2175248e-09,0.0,-1.6631437e-09,2.0789297e-10,4.850836e-10,8.3157187e-10,-6.9297657e-10,-6.9297657e-10,0.0,6.9297657e-10,0.0,-8.3157187e-10,0.09981213,833.9649903591248,681.8100343511958,0.0385163428428763,0.3517375,0.2924272,0.43655112,0.3661062,0.47587645,0.38589582,0.4128236,0.57004166,0.48802763,0.5092999,0.33935866,0.33409038,0.204771920760978,0.0872461619234645,0.0223362292120096,0.0272373305506769,0.0209820901057944,-0.017651842666221,0.57004094,1,99.38401442,1.514835801235465,1.7534595,1.4669341649976302,0.7985081493616384,0.5363140765369252,1.4669341649976302,0.75068486,22.658512944658487,16.88358986282704,18.735951349916263,17.70450967576948,18.221678704075494,17.44614220665299,47.79458143241159,0.028163929,4309.269296795524,0.115556926,0.07688476,0.6004745,66.260735,53.128593,0.3861918604651163,0.75834996,0.24282709,1.0,0.6097890264418083,66.260735,53.128593,2657,8,19.969160997732427,0.0,0.6097890264418083,1.7464346350823429e-15
91.604195,30.045404,25.113667,17.909155,16.648417,11.6669655,11.932493,10.791249,11.333589,12.120072,10.615397,10.632058,9.135458,0.0004767444,-0.0035850888,-0.0017545079,-0.00041303004,0.00069114636,-9.55942e-06,-0.0003504227,-0.00045906054,0.0004383057,0.0004202887,-0.0001440154,1.1407657e-05,0.00036784745,0.12738091,849.3328856815181,469.57592252186896,0.0547652164082693,0.43502593,0.35222808,0.27558208,0.36104104,0.35123786,0.491281,0.35445252,0.3836022,0.59139436,0.4166759,0.463623,0.38505507,-0.193015755932061,0.1378829223224422,-0.1590361613686959,-0.0235520781465345,-0.0208162008110801,-0.0540356327512547,0.59139365,0,117.45383523,1.881458228957916,1.754885,1.418011963684608,1.5021559884257665,2.078290470389179,1.418011963684608,0.76707613,22.70771716779981,15.313675194996708,19.68293974774405,17.939470281480308,18.536740064008608,17.795565558353783,48.41724986843946,0.019602656,5497.217351295335,0.1515774,0.08143456,0.6505106,72.51989,70.11708,0.3142284569138276,0.67707765,0.2798222,1.0,0.4248626824931162,72.51989,70.11708,2352,8,21.72517006802721,0.4453617714151233,0.4248626824931162,-0.4749026056126941
91.295494,31.750935,23.731846,17.448349,16.439175,10.197821,12.453722,9.940343,8.939439,9.0627365,8.414492,8.153329,7.900121,-0.07811707,-0.0009294375,0.0074568153,0.004247305,0.002101224,-0.0014729867,9.1317364e-05,-0.0006980403,0.00055094616,0.00010108222,0.0012633478,-0.0006322369,-0.0004020915,0.115256175,903.8251100183812,515.319525877976,0.0553755025746225,0.37286255,0.38469848,0.45371327,0.39313075,0.4865614,0.61151946,0.49155447,0.61940926,0.47886252,0.50116664,0.419418,0.37591723,0.119599915687083,0.1460001392893668,0.0294260594087494,-0.1190192602327448,-0.0201474699786528,-0.0216988531783814,0.6194091,1,112.34714674,1.866807116104869,1.9435942,1.4250079973134335,0.9051666285994762,0.7305079502870165,1.4250079973134335,0.70429194,21.18731578464137,16.127603083909115,19.00042887816348,17.869485081381644,17.904222049179896,16.60215507871888,46.59663738457487,0.01757014,4695.417341149371,0.1626301,0.102325045,0.61380005,90.51123,75.08116,0.33958418263351,0.66725034,0.31652457,1.0,0.4768006040288279,90.51123,75.08116,2499,8,21.36,0.4865042554105199,0.4768006040288279,-0.4452143236232658
94.96548,34.05771,20.380566,15.90409,13.895678,9.59105,11.478511,9.434107,9.823353,9.675352,9.343101,8.444684,8.5441675,-3.1268435e-05,-3.176361e-05,-2.5451049e-05,-7.46768e-05,-0.0001793315,-0.00029030442,-0.00036484044,-0.00039400638,-0.00038181496,-0.00032982742,-0.00025017498,-0.00016840665,-9.8277946e-05,0.071040295,924.3375110715764,518.9489787536282,0.0560396779705292,0.39730877,0.50652,0.34007287,0.34059143,0.42668855,0.38027024,0.4011571,0.33732393,0.49013454,0.5146725,0.39719996,0.43620405,0.1281314047829108,-0.1484731263572077,-0.123722525487758,-0.0048097525148122,0.0077726809064878,0.0161205821434485,0.5146721,1,103.359375,1.6505439250106066,1.7054833,1.5245533723268905,1.1998401719898926,0.9159462189422002,1.5245533723268905,0.76873857,25.745894282741567,16.083710245322507,17.843669983806315,17.568324015691456,17.07751051934991,16.57073581588644,46.85671523664305,0.021574019,4922.477445990791,0.08428351,0.04619102,0.6459717,42.330532,37.166862,0.3450714184698062,0.8444908,0.16047598,1.0,0.7608781316542454,42.330532,37.166862,2440,8,20.523537414965983,0.3142696805273545,0.7608781316542454,-0.2290166218051007
89.81904,38.232468,28.71408,20.683582,18.712547,12.105602,12.786139,12.111891,12.563534,11.682045,10.83352,9.771602,9.849141,-0.015040843,-0.011686595,-0.0005645132,0.0024140258,0.0009757919,-0.00054521055,-0.0010538938,-0.0005577038,-0.00091075816,-0.002041085,-0.0012819511,1.8606112e-05,0.00067959283,0.11301889,1189.3718370677211,693.3458396911313,0.0687400803496015,0.45977765,0.4708976,0.37820098,0.44251722,0.4233819,0.5277315,0.45398942,0.42127833,0.54942,0.4693606,0.4396566,0.38735175,-0.1223184608104198,0.0206887911862176,-0.0866805069175076,-0.0694760260929693,-0.0011626330341132,0.0016218463549928,0.5494199,0,107.66601562,1.751595656498674,1.8297601,1.6012924069938643,1.49979105213031,1.366286992625081,1.6012924069938643,0.8767511,22.42438659390152,15.881904279438526,19.23505626655085,18.22037120753449,18.774663960272456,17.35688890674685,48.83977570961742,0.02775129,5422.181115890533,0.1221171,0.071999595,0.6290879,66.87136,67.81551,0.2682974751940269,0.7875329,0.17290142,1.0,0.6071556771820396,66.87136,67.81551,2731,8,29.544489795918366,0.3142696805273545,0.6071556771820396,-0.0407938874177282
116.21195,46.895226,45.253914,25.782114,27.071392,20.984356,19.193213,19.369951,15.607632,14.557586,13.37463,12.4882555,13.890646,-3.5076246e-05,-4.938649e-05,-4.8721802e-05,-4.7650447e-05,-4.613844e-05,-4.425516e-05,-4.200591e-05,-3.9426974e-05,-3.6552854e-05,-3.342479e-05,-3.0091265e-05,-2.6593692e-05,-2.2977374e-05,0.13672444,1317.1271569625787,849.0629516398269,0.0884087484893242,0.3661766,0.37988928,0.33676305,0.42545086,0.34765008,0.29340616,0.41046587,0.33832183,0.42914772,0.36716524,0.46492782,0.43456274,-0.1414243452066151,-0.2061604511887493,-0.094761006922792,0.0226619970499304,0.048273686397452,-0.0236034083090338,0.46492782,0,143.5546875,2.301990534521158,1.6703382,1.2743845900637116,1.232805776652126,0.9745389843183272,1.2743845900637116,0.9360018,18.07121877612864,17.25431367842614,20.390645257035537,20.38125832832388,19.93044385363644,20.69237663044526,48.31071510663608,0.031179214,4946.127609844707,0.10131346,0.0905931,0.5279285,74.86304,72.63963,0.3932813659985152,0.5460731,0.3474886,1.0,0.2802602195678357,74.86304,72.63963,2119,8,15.638639455782313,0.4865042554105199,0.2802602195678357,1.7464346350823429e-15
90.34833,31.56234,17.717148,15.301367,11.736276,10.342429,10.288967,10.206975,9.224735,9.870177,9.2494755,7.4783874,8.07628,9.765625e-09,-6.1035155e-09,-2.89917e-09,-1.5258789e-09,-3.0517577e-10,6.1035155e-10,1.6784668e-09,4.5776366e-10,-1.5258789e-10,0.0,-1.6784668e-09,-7.6293943e-10,-1.5258789e-10,0.13836253,585.2786254150144,486.1431986149613,0.0463938890595683,0.36402574,0.4308235,0.3161898,0.44927478,0.381889,0.319428,0.42628452,0.26932284,0.29501903,0.23816855,0.41958946,0.59566736,0.0393025713421047,-0.2609025996788299,0.1130192848568403,0.0291886496081201,0.0118563914972492,-0.0234578093910031,0.5956664,1,51.6796875,0.7580900444071053,1.5080348,1.372476839890903,0.5565496916055381,1.9073745313638275,1.372476839890903,0.769615,24.029924540822265,16.619773894716005,19.77553190040405,20.10453679073764,19.54741551266434,18.206184264344127,45.809563487398215,0.008524562,3495.06798046875,0.18409693,0.107010275,0.63240033,98.31581,93.492325,0.3173307729236678,0.7919499,0.21355613,1.0,0.658865408,98.31581,93.492325,1983,8,18.13768707482993,0.4865042554105199,0.658865408,-0.9749346193718073
90.807274,37.067448,19.902874,18.747412,11.696593,10.617569,10.960213,9.588768,9.900919,13.201954,9.209062,9.009703,8.167789,-0.00047959146,-0.0011651735,-0.0015159238,-0.0007442537,-5.2987973e-05,-0.00010211814,9.2353206e-05,0.00032688223,2.0558142e-05,4.6703713e-05,0.00053424516,0.0006419342,0.00041653233,0.1176842,742.317289175975,715.6850137852952,0.0317186689081483,0.26942152,0.3082723,0.31541198,0.38492635,0.26547378,0.37699556,0.4245475,0.2865705,0.32558236,0.32541868,0.5568542,0.38934323,-0.1371972570824736,-0.0442509097611182,0.0082233926607272,-0.1454230739466853,0.0066233865130241,0.0087215009847082,0.5568549,0,129.19921875,1.9178191196873309,1.5533848,1.212538970171821,1.5686388366003858,1.2576321137800774,1.212538970171821,0.6676671,22.90307562249051,16.470001447828444,20.136180698496155,19.88393142649698,19.99135681011244,19.288230502489483,44.705127357360674,0.009756052,3001.218234955466,0.10059203,0.08993853,0.5279547,69.61319,65.25947,0.3417704385489983,0.8717416,0.12730147,1.0,0.8118489733223357,69.61319,65.25947,2525,8,21.443628117913832,0.4453617714151233,0.8118489733223357,-0.0309687988508339
87.0102,49.063576,38.605488,30.567398,25.884272,19.873419,19.137815,19.449327,16.471605,23.620611,15.133184,15.520454,14.776284,-5.724901e-09,5.0539026e-09,-5.3537105e-12,2.1111466e-09,-1.3812573e-09,-1.499039e-09,-2.569781e-10,2.8553124e-10,-1.7417405e-09,1.4455018e-09,-9.493913e-10,3.454928e-09,2.569781e-09,0.13275944,457.2289839772261,408.3103710905909,0.0225213926294814,0.46525425,0.37651545,0.26945916,0.27536377,0.26348498,0.39019972,0.25468418,0.36342448,0.37085915,0.26847968,0.34731045,0.30637297,-0.1263158337633564,0.0741977202167496,-0.0560030129128196,0.1028234229159876,-0.0058750826602769,-0.0142360332402404,0.46525502,0,184.5703125,2.971032155771463,1.8440807,1.768909480229181,0.5896099212810691,0.4252022758938748,1.768909480229181,0.9339287,20.5773574112308,16.46444225426305,18.908370361265167,19.62993640028284,28.65127406594228,47.15381346159746,28.63831851447368,0.030438371,1898.770773881924,0.16690585,0.106285505,0.61094624,99.31651,87.341995,0.3516588813031501,0.8421553,0.12802263,1.0,0.7456574276596507,99.31651,87.341995,2936,8,24.234002267573697,0.4,0.7456574276596507,1.7464346350823429e-15
93.0442,25.091818,18.689865,14.815406,10.978839,11.51777,11.484814,10.484643,9.375141,9.566719,9.319575,8.649642,8.67721,-0.011091528,-0.006916221,-0.0034948902,-0.003740065,-0.0007818476,0.00127096,0.0012864872,0.00076472043,0.001936828,0.0027162952,0.0010947156,0.0014948422,0.0011458115,0.093315296,842.3440878743954,382.9150036130016,0.0711326770996079,0.40511405,0.28582472,0.31770456,0.4193536,0.29008523,0.33148983,0.2542611,0.3350762,0.39367238,0.29183492,0.3647986,0.3136159,-0.1528939772615407,0.0552348424273894,0.0106646186648009,0.083644556633052,-0.0121608573200889,0.0118721508941298,0.41935405,1,95.703125,1.5188971657552528,1.8646703,1.6031198635227808,0.7724303086966531,0.6641270043022826,1.6031198635227808,0.80424345,20.954177604946963,15.8025566325669,19.968172934334536,19.53711400226868,18.819645126634168,18.447407186053653,46.10823391396592,0.03124227,6107.839081756162,0.14771895,0.0710992,0.6750732,73.32421,44.848484,0.4238224025242281,0.6672706,0.27739775,1.0,0.4195334576472922,73.32421,44.848484,3761,8,25.758820861678004,0.3142696805273545,0.4195334576472922,-1.1460488722604338
100.30001,29.492476,22.45818,15.301774,17.115692,12.253851,11.984417,13.474557,11.383696,11.355134,9.298843,11.031802,10.1949835,3.4289414e-09,5.143412e-09,-3.0003238e-09,-4.2861767e-10,-1.6073163e-09,-1.3930074e-09,1.4465846e-09,-1.0715442e-10,6.965037e-10,2.571706e-09,2.1430883e-10,-1.0715442e-10,-3.2146324e-10,0.10889743,960.9652681461548,556.3547168598352,0.076160321758602,0.46946976,0.48651785,0.3288186,0.3663813,0.3081338,0.4109449,0.2848061,0.27252564,0.35102013,0.32207313,0.43129233,0.36201966,-0.1764255370796221,-0.0362898487135383,-0.0967034794557112,-0.0202692736941656,0.0146507381325831,-0.008713168289736,0.48651862,1,95.703125,1.529120844393882,1.6631659,1.382592042073996,1.0749286516010648,1.0295409892403882,1.382592042073996,0.92540705,18.828589856357542,15.672467098861024,19.033029223147555,18.765337409459576,17.986956907807482,19.285863585072555,59.699758548211314,0.03916034,5804.585803085499,0.16460042,0.10215711,0.617039,95.97247,56.28115,0.4620743903809416,0.54679435,0.33149767,1.0,0.2409365231662668,95.97247,56.28115,4112,8,25.83183673469388,0.4,0.2409365231662668,-0.6824193726517351
105.023415,44.71894,43.270905,26.370024,23.608263,22.890265,19.140818,20.93917,16.032896,15.93511,12.428571,11.641808,13.334417,0.0,-2.8946736e-09,-1.4473368e-09,-1.4473368e-09,-2.6534508e-09,1.6885595e-09,2.412228e-10,2.6534508e-09,-1.9297823e-09,0.0,-7.236684e-10,-6.03057e-10,6.03057e-10,0.17287391,1523.729369362229,744.6624621669347,0.1218249034479358,0.41609854,0.40875,0.44424516,0.50226563,0.51467735,0.4770638,0.4134987,0.37739724,0.4256193,0.4676387,0.5100959,0.46319154,-0.217995478502245,0.018205040385316,0.2633414620572553,-0.0603156021342889,0.0119785967647032,0.0857814378769777,0.514677,0,129.19921875,2.1296685576633783,2.2909768,1.617311290495664,0.9151802013516837,0.6072377397558772,1.617311290495664,0.76721364,22.732403962174136,17.104695316113453,17.986626127037816,17.556726314106413,18.38754918070819,20.51817601153068,46.81225275641646,0.031015657,6292.531909028393,0.21531388,0.107278004,0.6674476,88.10725,88.635765,0.3225398431570959,0.46611422,0.40229303,1.0,0.2152182873213616,88.10725,88.635765,2550,8,22.94958049886621,0.3142696805273545,0.2152182873213616,-1.1227311090377785
86.5301,35.10979,32.267307,22.089539,16.61509,15.9611225,15.687833,12.960665,13.045866,12.215098,9.896649,10.218096,10.50771,3.5260055e-09,-3.5260055e-09,3.746381e-09,4.4075069e-10,-1.8731905e-09,-6.6112604e-10,-2.8648794e-09,-2.7546918e-10,-1.3222521e-09,-2.8648794e-09,2.066019e-09,-8.8150137e-10,1.6528151e-10,0.116186924,1028.3413570879934,537.9883732102521,0.0746504737778021,0.442566,0.47876403,0.3787275,0.36144522,0.406445,0.36987552,0.4478556,0.37589732,0.40763077,0.40861547,0.39046845,0.48592657,-0.0237931251542211,-0.0889910872044341,-0.068534708961281,-0.0351731097896532,0.0122991137929263,0.0097625089279881,0.4859264,1,135.99917763,2.189648572914259,1.8390943,1.4600603423289096,0.9278941386575192,0.7129658603135308,1.4600603423289096,0.8632462,20.928620856101464,15.55024445195153,18.668344441322947,18.34388886584685,19.07649303118106,19.007210210690964,46.96632698740052,0.0372148,5780.880090987868,0.1469625,0.10090289,0.5929102,93.12656,67.38661,0.3477004853247053,0.56502634,0.32529896,1.0,0.2514179165995018,93.12656,67.38661,3009,8,25.118185941043084,0.0,0.2514179165995018,-1.004699133395371
86.56746,39.498913,36.770645,22.527184,18.60204,19.53933,15.321376,16.47251,13.741529,12.617466,12.30507,11.754527,12.503489,0.008342051,0.004719211,-0.004825803,-0.0012448421,0.00031936975,-0.0025047397,0.0011264263,0.0021854758,0.0015549901,0.0013627032,0.00016531989,-0.00045321058,0.00021943667,0.078503996,1119.234819506264,698.6796674802579,0.0636877903658629,0.7259875,0.66817296,0.63281476,0.5984905,0.61311835,0.57685167,0.57102454,0.5154844,0.4708512,0.5120492,0.58955526,0.73570675,0.0562801399189168,-0.0238302282164108,-0.0209041259395377,0.0922765723272568,0.0196388965448699,0.039887873643656,0.73570794,1,135.99917763,2.2938165778961386,2.1869624,1.377620061204648,0.9710303318478216,0.6433837324494798,1.377620061204648,0.7549843,24.7647839048054,14.893706940212857,17.697495831425062,17.818063396020015,17.412752628652783,18.314942368314025,48.4315706836779,0.0115872165,5281.091946199847,0.1612324,0.048632115,0.7682653,42.08652,38.491337,0.3178326334118611,0.7961815,0.1601514,1.0,0.6150594631416967,42.08652,38.491337,3103,8,28.33705215419501,0.3142696805273545,0.6150594631416967,-0.2871092405614587
87.05098,39.051888,32.116077,25.964489,17.97403,17.634321,16.171146,14.64127,14.827699,13.538013,13.744112,11.921775,11.7508745,0.0024218746,0.0028252772,0.0014908958,0.0003409438,-0.00012067762,-0.00010528628,-7.726878e-05,-0.00020813911,-0.00033991667,-0.00031385737,-0.00016884693,-4.7330923e-05,-3.7779402e-05,0.10491363,1179.8307310305556,604.6303061715323,0.0855792942132803,0.40327036,0.4924815,0.36708233,0.43009347,0.4209668,0.32091427,0.4010744,0.35694143,0.48707446,0.41297412,0.41139102,0.43216568,0.0281873953850844,-0.0850240608603403,-0.0651317380803499,0.0442134924720169,0.0159316793890577,0.0188766518254036,0.49248156,1,107.66601562,1.5926398594083433,1.7127025,1.5374057698210626,1.2024203243348186,0.8643041751117344,1.5374057698210626,0.9643671,23.64538386987024,16.4133293612497,20.554673821385947,20.77337829846834,20.51611964365997,23.8435768591337,46.23217571577906,0.021880958,5844.66517243389,0.13483523,0.057150982,0.7023136,61.86545,50.699936,0.3665348807550057,0.7893712,0.22412282,1.0,0.6513152096418938,61.86545,50.699936,2874,8,22.760952380952386,0.0,0.6513152096418938,-0.0767123004716396
119.963165,44.129898,39.737225,27.271864,23.940346,22.490301,16.69863,17.272406,15.608704,14.378818,11.978917,11.732612,11.533838,-0.00415763,-0.001637815,0.00057458703,-3.6798978e-05,0.00015705448,-8.816383e-05,0.0011600989,0.0011199282,0.00060056313,0.00015637194,0.00019400942,0.00071116636,0.00017845545,0.15721288,1367.444577195848,687.0305005787693,0.1090346154791604,0.5641722,0.50614786,0.46502578,0.43030834,0.37778097,0.36642724,0.41213402,0.45457277,0.43362582,0.44768035,0.47489136,0.570818,-0.0066132874886686,-0.0611591319371256,0.0056509111986615,0.0244228538300445,0.0037330957045883,-0.0095396438981918,0.5708183,1,135.99917763,2.1667721761956016,2.2535686,1.501660157859299,1.233319860773228,0.8474374085279194,1.501660157859299,0.7603166,19.34364813898249,16.35191908887875,18.678271506638136,17.77568911078276,17.924088367926423,17.733927617779475,48.143800215175,0.027501216,5247.730768720064,0.13123934,0.116338566,0.530091,83.226814,75.91155,0.3926319693410804,0.5825931,0.33259907,1.0,0.2987700788869348,83.226814,75.91155,3176,8,23.47962585034013,0.3142696805273545,0.2987700788869348,-0.0562991031263556
83.20774,42.895145,36.990566,22.38504,18.848734,16.714298,15.561964,14.627341,13.065607,11.842032,10.388006,10.962022,8.395788,0.00268209,0.0038632785,0.0037789156,0.0033214032,0.0028331946,0.0025685178,0.002435934,0.002340409,0.0022130192,0.0020387755,0.0019093284,0.0017475071,0.0013869044,0.14005652,1296.6078853536264,663.0254760721626,0.067985660765451,0.52410114,0.44207034,0.43698072,0.52428776,0.64771086,0.72946036,0.6813567,0.60780364,0.5756516,0.5711741,0.52192414,0.5232267,0.1483776444713417,-0.1079836230905881,-0.0012391491115508,0.2055710782644615,0.0593994379102733,-0.0531750818259023,0.72946227,1,161.49902344,2.4877898347240053,2.1954002,1.6219531382681875,0.9054302668577572,0.6027315076017269,1.6219531382681875,0.7858223,22.16785173529725,14.63992223800138,16.986898447396936,16.74527224704921,17.844462787770603,18.518698468443777,48.414780148218085,0.015221869,6000.279219681751,0.25603995,0.10251558,0.7140853,88.71182,77.37984,0.2773855370132648,0.6639075,0.27954438,1.0,0.3763884250297078,88.71182,77.37984,2593,8,27.13251700680272,0.3142696805273545,0.3763884250297078,-0.0613039479899269
90.671585,33.003387,25.667046,18.062721,15.018894,13.093786,12.440256,11.261653,11.444926,10.8188095,9.773463,9.538682,8.857488,9.931952e-09,-2.482988e-09,-2.8968195e-09,0.0,-2.2760724e-09,-2.0691567e-10,-1.4484097e-09,3.103735e-10,-2.0691567e-10,0.0,2.5864458e-10,2.1208857e-09,-5.1728916e-10,0.122032605,914.3372738625824,506.687724930458,0.0484105363304338,0.38812152,0.4000022,0.30332747,0.3493192,0.37057418,0.5933782,0.4207248,0.3482926,0.42487398,0.40973687,0.5442504,0.36230013,-0.1205377717539403,-0.0182142219966675,-0.0722921594388261,-0.0977596913119193,0.0034016227887719,0.0033463120977257,0.59337807,1,112.34714674,1.8689988608006944,2.3222857,1.613487301134245,0.8878132343432699,0.5880171424141185,1.613487301134245,0.6988976,24.022249829794887,17.081969295089195,20.42500976336844,19.08724207461836,17.919228959804958,16.68076693265151,45.09058591970038,0.020719005,5422.620251308581,0.18254566,0.12611032,0.59141916,108.055855,79.342064,0.4050124769447759,0.6759327,0.2817082,1.0,0.4426134571859627,108.055855,79.342064,3733,8,26.752290249433106,0.4,0.4426134571859627,1.7464346350823429e-15
84.440575,46.843296,27.337597,20.604029,20.663233,16.667156,14.916499,16.93248,14.29342,13.691878,11.991958,11.798887,10.300944,-0.0046955138,0.00903128,0.008405722,0.005264446,0.001902168,0.00010425531,-0.0036806937,-0.004488434,-0.005153723,-0.0039458745,-0.0020139152,-0.0013711782,1.7385637e-05,0.088576786,1278.7730476863323,752.5399167500309,0.0688925226058976,0.39397126,0.4201479,0.42729086,0.50623655,0.3715188,0.33279246,0.35317892,0.39832494,0.55707544,0.46878642,0.45950198,0.4407647,-0.2080290715120682,-0.1420679760963336,-0.0409029147858533,0.1409088523070424,-0.0145405706157606,-0.0381819628243162,0.5570756,0,75.99954044,1.2501363563292305,2.0532703,1.7415657162933518,1.234250191950877,1.475921389859428,1.7415657162933518,0.8921963,19.94827107970419,14.634563664878556,18.13181530521829,17.54465863723695,17.38317021661086,18.69512406542606,47.77321933373325,0.025675407,5414.554382369064,0.17406948,0.13355626,0.5658464,110.913666,54.90605,0.5136873047951497,0.57054186,0.28010604,1.0,0.23028351997305,110.913666,54.90605,2796,8,15.79827664399093,0.4,0.23028351997305,-0.0692918972411006
130.78024,31.949783,23.297722,23.176802,13.995016,14.309318,10.819239,12.801928,10.424949,11.206042,15.81562,10.499334,10.623154,-0.0011484545,0.0006677318,0.0034389505,0.002730375,0.0014616353,0.0019072528,0.0021940384,0.0017087094,0.0016423579,0.0017618352,0.0015479878,0.0014385154,0.0014562432,0.11609473,750.0953904789444,565.1511329906555,0.0446771558930674,0.32521856,0.22042575,0.23578784,0.39526844,0.20831415,0.27646285,0.20166835,0.1922829,0.20691505,0.2070858,0.30319288,0.21936092,-0.1794356472004789,0.0604915718915674,0.0190309028564579,0.0393565637779551,-0.0087459507878788,0.0318921885357666,0.39526895,1,107.66601562,1.7271422714227145,1.242934,1.6399883865383218,1.5841590971824406,1.2503825945098008,1.6399883865383218,1.2747583,15.649271744561634,15.699021061148374,20.57526175125563,23.45357194995078,20.89329428340501,22.41359285583654,48.29699662746618,0.006594424,3344.6004483542065,0.13899864,0.04320338,0.7628778,62.128727,51.239105,0.4080685469475187,0.74336535,0.2366818,1.0,0.5485938735005497,62.128727,51.239105,3429,8,24.39,0.4,0.5485938735005497,-0.7219745668925444
98.84226,40.62357,32.317715,19.391636,14.569521,22.48005,14.410056,13.918595,14.550333,14.740022,14.099327,12.215196,10.431805,0.0,0.0,2.9131357e-09,-2.589454e-09,-2.2657722e-09,2.1578783e-10,1.7263027e-09,1.5105148e-09,1.294727e-09,1.24078e-09,1.7263027e-09,2.2657722e-09,-7.552574e-10,0.19066952,1004.7240363846512,747.7678265812064,0.0563886894041787,0.26281786,0.3146085,0.28703243,0.3635893,0.28249013,0.38278255,0.5165381,0.36069825,0.43478012,0.3955906,0.55662864,0.39324924,-0.1762437827071401,-0.1520606953229158,0.1035560867221532,-0.0925266090024768,-0.0146651429230204,0.0478200084179386,0.55663,0,107.66601562,1.6713936799898168,1.5743539,1.4787362093393075,1.6887654427201522,1.5115233989369832,1.4787362093393075,0.79858804,22.377666884990912,17.73425397591904,19.792893624646823,19.251882097673032,20.14326387645162,21.79889638212909,47.72623576357409,0.018198125,3971.9258748294137,0.2042806,0.074282676,0.7333338,76.58078,78.99974,0.3510975333785924,0.67813545,0.30120176,1.0,0.4616181326519619,76.58078,78.99974,3103,8,25.652244897959186,0.4,0.4616181326519619,1.7464346350823429e-15
142.45703,43.69807,29.65555,25.561287,21.328764,15.277942,18.139904,13.378911,12.769978,11.247543,10.372078,10.004727,10.798359,0.0,-2.894033e-09,3.2557872e-09,1.8087707e-09,2.894033e-09,9.043853e-11,1.2661394e-09,3.6175413e-10,-9.043853e-11,3.6175413e-10,1.8087706e-10,3.1653485e-10,2.713156e-10,0.16367579,1012.579252103392,742.6625604480229,0.0638404937811317,0.40947923,0.35652286,0.41502434,0.44479954,0.5155146,0.5001642,0.38692728,0.40841395,0.4303015,0.48545766,0.4781597,0.422755,-0.0011663436719462,0.0593639546591017,0.0345208380505681,0.0282735766210261,-0.0083959668809965,0.0140790675631969,0.5155141,0,117.45383523,1.935872117640391,1.6204482,1.2738765317134302,1.1427017846627736,0.7726976275754754,1.2738765317134302,0.7896159,19.239352466753097,14.219401084311482,17.365234193127726,17.527318732184607,19.098635664695788,18.35651266835016,45.95197530833865,0.030625772,4150.020010501867,0.16791384,0.09903295,0.6290137,84.30484,72.748474,0.3878034901365705,0.61267793,0.30368993,1.0,0.3267772406680844,84.30484,72.748474,4089,8,30.606360544217686,0.0,0.3267772406680844,1.7464346350823429e-15
103.398674,40.87717,31.272062,19.692513,18.170187,16.190933,13.024517,12.143855,10.862544,12.040187,10.683137,9.542256,10.154032,3.2154228e-09,3.2154228e-09,-3.014459e-09,0.0,-5.0240984e-10,1.4067475e-09,1.0048197e-09,-1.4067475e-09,1.8086753e-09,7.0337375e-10,0.0,0.0,0.0,0.10919737,1022.3362482706924,750.9909596577393,0.0600018058377707,0.50399405,0.3617904,0.54587847,0.3327263,0.2640939,0.32438192,0.21262714,0.25992927,0.28667983,0.38459745,0.4870377,0.4032286,0.0627323335704319,0.1689859693584258,0.0001137124017398,-0.1138690328566489,-0.0173483466012068,0.016619310134819,0.5458786,0,123.046875,1.883304382903056,1.5609019,1.0398366308515332,0.9249602191477748,0.6109153607550623,1.0398366308515332,0.9156719,20.86355328362801,15.867345197934316,20.68782720115877,18.92046091694077,18.41185266869568,19.593235997018063,46.57739508740792,0.030622762,5084.433716193302,0.17143211,0.07532875,0.69472694,73.238464,62.14045,0.3377239199157007,0.70765835,0.2454412,1.0,0.448324944611724,73.238464,62.14045,3205,8,27.54467120181405,0.4,0.448324944611724,1.7464346350823429e-15
69.84751,41.131416,33.146667,20.040047,15.883263,13.201016,14.082328,11.601437,11.533163,11.73167,10.404296,10.164637,10.46135,-3.724381e-09,0.0,-1.3966429e-09,-2.0949644e-09,-8.1470836e-10,-1.9785775e-09,-2.3277382e-09,9.3109526e-10,1.6294167e-09,-7.565149e-10,-1.6294167e-09,1.1638691e-09,-1.1638691e-10,0.14004092,1045.9282524498194,667.2353327974187,0.0598086857380912,0.44639748,0.4652529,0.41784817,0.4594166,0.53588164,0.47704902,0.52553326,0.43556693,0.503282,0.5148993,0.49561644,0.6171381,0.0848760661550591,-0.0491237747778648,0.0081458003851786,-0.1432399876867642,-0.0256959112749495,0.0020967843820132,0.6171375,1,129.19921875,2.034186665026607,1.7107267,1.7057058547390442,1.0913367667426654,1.0040222204099978,1.7057058547390442,0.9660361,21.18798453597732,14.149978617618284,17.546357532620064,17.05499820051004,18.23110074057893,18.019027383438665,47.851862287341646,0.021425782,5661.593911727522,0.26896402,0.11148366,0.70696527,104.75693,75.421135,0.2950079336018552,0.61592776,0.2750905,1.0,0.2882042373825982,104.75693,75.421135,2417,8,23.781003401360543,0.0,0.2882042373825982,1.7464346350823429e-15
78.83956,41.138638,29.743416,22.987186,16.838793,17.7443,15.474914,13.576161,11.76817,13.227461,10.143183,10.434035,9.402058,-0.026010592,-0.019906254,-0.0014584366,-0.0048475983,-0.004252323,0.0017771542,-0.0029973066,-0.0039300625,0.005483663,0.006942398,0.00073290605,-0.00035292713,0.001398324,0.11198259,915.9618348716182,718.5584923191391,0.0520013692137403,0.3037974,0.45568347,0.2953054,0.40821454,0.28710124,0.44117114,0.4267723,0.30770576,0.4741174,0.31568068,0.40312994,0.30881545,-0.1988434808645419,-0.0807015944251438,-0.01538245015894,-0.0724590593803473,0.007940304891647,0.0081960400042758,0.4741171,0,151.99908088,2.330933757873607,1.6465169,1.6810713245439326,0.5417316644333188,0.3952847075210474,1.6810713245439326,0.96329415,20.26076969196822,15.703837421733557,20.85588091557584,21.12654416566776,21.42786874829507,21.19605008098073,47.53395998935834,0.016861489,4966.773723429401,0.19169503,0.10458141,0.6470119,101.19302,64.451584,0.3780590717299578,0.63180417,0.28417915,1.0,0.3165306513392147,101.19302,64.451584,3136,8,24.078333333333333,0.0,0.3165306513392147,-0.07185051757052
87.66705,37.121468,23.822098,19.06166,15.059469,19.810814,15.7597275,12.656466,14.029437,12.713265,12.225384,12.515945,10.993292,-1.0172526e-08,2.5431315e-09,-1.9073487e-09,-2.1192763e-10,7.4174666e-10,-8.477105e-10,1.2715657e-09,1.9073487e-09,0.0,1.695421e-09,5.82801e-10,-2.331204e-09,1.8013848e-09,0.1262249,1075.3105434633162,627.7818947499925,0.0778269185942776,0.4634344,0.35972387,0.49578482,0.3792751,0.37355924,0.46137446,0.3421484,0.40588617,0.34793878,0.47125983,0.49045208,0.3512167,-0.1024585024873433,0.18690059929024,0.1021378777199163,-0.1050173092089443,0.0447086900319873,0.0218042378150407,0.4957851,0,117.45383523,1.909456355283308,1.6468556,1.3599903643012576,1.114140541154849,0.8997360790779965,1.3599903643012576,0.82687205,21.499267316063747,16.30825873696904,19.26142202954984,18.955599009234668,19.2601368205156,18.484094941639835,46.34492409900189,0.024519619,6020.427587890625,0.19147724,0.0819023,0.7004055,78.45542,64.102356,0.3348149794421602,0.64032704,0.27961963,1.0,0.3526069135802469,78.45542,64.102356,3013,8,26.12,0.4,0.3526069135802469,-0.9645592460753556
104.45951,42.903404,30.19284,21.353188,17.961851,19.177933,16.555178,12.659328,12.957592,12.852384,12.46968,10.495534,10.425754,1.5722605e-08,-2.6204343e-09,-5.2408686e-09,5.0770916e-09,-6.551086e-10,2.456657e-09,-1.3921058e-09,4.913314e-10,-8.188857e-11,4.0944287e-10,1.8015486e-09,2.1700473e-09,6.141643e-10,0.11016701,1128.1406282243574,711.3285987672111,0.080564772598712,0.49256837,0.5606492,0.49944142,0.4924197,0.40292537,0.41675165,0.45347768,0.33765882,0.40133047,0.3956686,0.48065865,0.47488123,-0.1173100746669263,-0.093168498710275,0.1024189753682294,-0.0579439705745874,-0.0061474586932466,0.0135948940045653,0.56064856,1,198.76802885,3.176810313683382,1.8445023,1.1988508804662883,0.631235153424029,0.443609096733954,1.1988508804662883,0.7803002,20.24595788510561,15.37038264074858,17.76798004986664,17.880775181664692,18.939259630056984,25.36909373472128,50.786195533742,0.038139623,4562.060358203728,0.15622005,0.0925199,0.6280431,78.17071,65.33904,0.3375697724345212,0.6926877,0.31298575,1.0,0.4943484342278921,78.17071,65.33904,3931,8,33.799625850340135,0.0,0.4943484342278921,1.7464346350823429e-15
116.78319,41.835926,32.55741,19.149658,18.737509,17.800848,13.198536,12.782438,12.543044,10.68016,11.149599,9.594542,9.212897,4.6312434e-09,-4.052338e-09,1.1578108e-09,-4.3417905e-10,-1.7367162e-09,3.1116167e-09,-3.6181588e-10,7.9599494e-10,1.0854476e-09,-5.0654225e-10,2.2432585e-09,1.5738991e-09,-9.407213e-10,0.10227537,1104.0519733126027,731.7336098035909,0.072949954252375,0.47043052,0.40867257,0.39470908,0.47747445,0.3655171,0.40807772,0.3503174,0.3655864,0.46119708,0.4222509,0.49122265,0.3931504,-0.0893712354073461,0.0398639791216995,0.0161978958797211,-0.0130072397771426,0.003737877696669,0.0138311667398808,0.49122223,0,129.19921875,2.088286052037487,1.5915407,1.3381727578652485,1.580940820314829,1.237598537901809,1.3381727578652485,0.89240646,20.14411973672245,15.212514465599698,18.82719553224532,18.76488558806617,19.21633116805436,21.654258997368725,48.26169312773347,0.028070468,4710.041387754666,0.07749769,0.051536106,0.60059524,47.06738,48.827908,0.4100015176809835,0.77583444,0.21760048,1.0,0.5867853076344806,47.06738,48.827908,5403,8,38.24907029478458,0.4714045207910317,0.5867853076344806,-1.1087397547923663
96.47129,36.122166,30.467997,19.26798,17.554537,17.196707,15.712957,15.730001,13.473567,14.505446,11.91,12.627761,10.59094,-3.9679597e-09,0.0,-2.479975e-09,1.7359824e-09,7.439924e-10,1.4879848e-09,-9.919899e-10,-4.9599497e-10,6.199937e-10,-1.6119837e-09,-4.9599497e-10,6.199937e-10,0.0,0.14425585,1087.3161837261898,716.563724440424,0.0686761651239992,0.4625804,0.3166655,0.43153378,0.4662211,0.356707,0.42209047,0.35918587,0.49204922,0.43488607,0.4128907,0.4646453,0.36572984,-0.0452427620168772,0.1888438211367394,-0.040943700764778,0.0631745663295201,-0.0334828193963881,-0.0021236355159018,0.49204952,1,92.28515625,1.4784826072821846,1.6701386,1.6718265998563,1.008431827704107,0.6912627003688409,1.6718265998563,0.88018537,22.9771963243168,16.506754801629807,19.92560965018449,19.02403082328394,19.10515081423532,18.1279687010104,45.53959257659326,0.029058225,5451.709508145682,0.1950699,0.074064925,0.7248009,69.227005,63.787876,0.3283485045513654,0.69608283,0.2635239,1.0,0.4398920628885014,69.227005,63.787876,2525,8,22.32018140589569,0.4,0.4398920628885014,1.7464346350823429e-15
98.70527,42.04091,35.257008,19.02948,17.16873,16.662271,16.685497,15.084227,14.842595,13.6594305,12.194383,11.954588,11.237587,-0.045715693,-0.0047176084,0.005514136,-0.0043827794,0.0055537466,-0.0042214855,0.0024332046,0.00080147875,0.0028469688,0.0025430154,0.0016372221,0.00030256895,0.0012926745,0.13679239,1045.8462691421978,826.8865185182228,0.0450841163143225,0.33862883,0.24804513,0.2579729,0.40143543,0.4195994,0.7584702,0.42229846,0.30102655,0.36320367,0.29053223,0.35169512,0.24963808,-0.2103799479253097,0.1113257630849293,-0.0383089227234352,0.0054600086743722,-0.056540938453899,0.0181610751155712,0.75847095,1,129.19921875,2.121212121212121,1.8094342,1.425181109191662,1.329435168262369,1.225527116268564,1.425181109191662,0.74943405,22.002292588501653,16.872593235103583,19.946497402326347,19.288148254338584,19.377731939926765,19.88038495876206,46.43388151308705,0.009738958,3869.21713651904,0.23891573,0.09764379,0.70987445,95.48536,77.465576,0.3522927172510848,0.6836252,0.24263908,1.0,0.3865987804438046,95.48536,77.465576,3004,8,24.75,0.0,0.3865987804438046,-0.4290224035521039
82.37798,31.139997,23.597832,19.633358,17.7259,11.678923,11.003059,10.988214,10.138383,10.789878,10.145849,9.111053,9.314212,-0.06288331,-0.0049750134,0.004750193,0.00072778395,0.0020517805,-0.0040421025,-0.0036838742,-0.0046190806,-0.0030562514,-0.0032031483,-0.0012253493,0.00055879843,0.0023023926,0.11238583,809.1935433472747,512.4152335139553,0.0393657984914162,0.35467938,0.32156092,0.39740244,0.43735018,0.58712846,0.42528704,0.40392572,0.38665688,0.39093933,0.5055537,0.41071814,0.47197542,0.2061078249477883,-0.0718285734392622,0.0480547240834445,0.1503438397441952,0.0159069850739599,-0.013659000047306,0.58712953,0,112.34714674,1.8169289910785524,1.9027594,1.3480942036708423,1.1760015813205498,0.9351546149131882,1.3480942036708423,0.7110866,19.701522796740484,17.013069028021867,18.41399511061909,18.004742127325823,17.853551152586334,17.073227864187412,46.83005055840077,0.014358912,4779.2382682982425,0.22811425,0.1234819,0.64879435,105.818695,76.41694,0.3826427488630621,0.6428015,0.30031535,1.0,0.3930967729820482,105.818695,76.41694,3029,8,22.97833333333333,0.4453617714151233,0.3930967729820482,-0.4941723965662877
92.11899,39.91675,26.773018,20.390444,18.682823,15.835098,14.646547,13.44273,13.669246,11.962683,11.146609,11.12981,9.53246,0.010267353,0.0057913605,-0.0018946793,-0.001787694,-0.0013131686,-0.0015224396,-0.0005124521,-0.00062845927,-0.0015946071,-0.00053812517,0.00013418538,-0.0004969725,-0.0004919094,0.11565602,948.6531999952954,695.9716822009296,0.0525974301070542,0.32815057,0.4076491,0.328937,0.46670052,0.40090498,0.44195482,0.4241279,0.35009852,0.48309222,0.35029423,0.37160617,0.3765972,-0.1117946498944487,-0.1141759521270508,-0.0025154365009506,0.040935913729554,0.0067467938321827,0.0011989945079677,0.48309153,0,172.265625,2.824802163678253,1.5918858,1.2268704788950042,0.8991227724016777,0.6772901219930535,1.2268704788950042,0.8160297,19.032410745275257,15.038858955584844,19.121782987418545,19.248984860140087,19.341841988537112,19.199460972269137,47.43534376876719,0.017647458,4793.348861536407,0.16821605,0.09123261,0.64835715,85.05922,64.99715,0.3739024248415421,0.6349029,0.2788697,1.0,0.3288082770897467,85.05922,64.99715,6430,8,49.915,0.0,0.3288082770897467,-0.1562354045216842
115.06587,42.757114,27.982079,19.626957,15.243098,14.105065,12.323006,11.812845,12.212179,13.546046,11.944283,11.299152,11.981582,3.0957388e-05,4.3680157e-05,4.3411674e-05,4.2964515e-05,4.2341766e-05,4.153975e-05,4.057932e-05,3.9453847e-05,3.8179318e-05,3.6760004e-05,3.5204135e-05,3.3523153e-05,3.172611e-05,0.12544902,967.0740043671236,536.7786771655514,0.0468214747114202,0.3576602,0.5182824,0.4182343,0.34130198,0.35861412,0.46032527,0.5934775,0.4168329,0.4485572,0.3952845,0.31123617,0.35258067,0.0591593290227992,-0.0429269741809043,-0.1347105860405439,0.1509249711013834,0.0217774813449756,-0.0643301971409479,0.59347767,0,86.1328125,1.3966615346980618,1.7975793,1.2973930875045954,0.9628766163643476,0.6587036758242499,1.2973930875045954,0.7876886,25.15293829071544,16.459089698320284,19.959018951668074,22.60145180186748,21.278341004695083,19.936424917657217,47.249972973646784,0.017502708,5103.916232194023,0.14839,0.1218618,0.5490784,99.617775,92.08028,0.3316351888667992,0.62287426,0.39065877,1.0,0.4167428439187415,99.617775,92.08028,2669,8,23.35927437641724,0.4714045207910317,0.4167428439187415,-0.5337870971153224
78.33185,41.634975,30.268456,22.3252,18.924103,14.036459,13.6320505,11.807052,11.475657,11.794145,11.979418,11.058505,10.328821,-0.024381181,-0.016879378,0.0036494094,0.0013135333,-0.0031948378,0.0015176863,0.00057998684,-0.0009298461,0.001678579,0.001541463,-0.00010910264,0.0013263959,0.0018134105,0.10244475,1047.3483482669835,500.3668480808956,0.0945472960338941,0.3894998,0.38219777,0.3694272,0.43502992,0.40008163,0.45089266,0.46563587,0.41188517,0.47408402,0.44145626,0.4755165,0.5612806,-0.0998229982774308,-0.1249334101637989,0.0637291570613738,0.137354164907905,-0.0444620806319697,-0.0189435746832523,0.5612808,1,129.19921875,2.1261837264008685,1.9296496,1.56790861143971,1.251642938669589,0.9806850759117012,1.56790861143971,0.82977617,21.50612263814867,15.519720507071172,17.968662108513,16.9561548310033,17.89192563924327,18.1282211173424,45.58296510234261,0.04336596,6183.52731143727,0.18120724,0.112714306,0.6165136,98.103065,55.098915,0.4217880029414854,0.41144133,0.40742213,1.0,0.1853354503566132,98.103065,55.098915,4015,8,27.631666666666668,0.4,0.1853354503566132,-0.0865693281790613
105.71759,44.2179,28.893438,23.814526,18.724094,19.02374,16.541689,16.201628,14.148621,14.548405,13.625552,11.658859,12.834355,-0.018517118,-0.0074139927,0.0027803325,-0.00068417395,0.0021575738,0.0003751866,0.0018876073,0.0015142885,0.0005305847,0.00012638564,0.0012724356,0.0006626665,0.00059912744,0.13768247,1065.9298533862222,746.4558756384426,0.0651177137270889,0.4214484,0.39300093,0.3776268,0.32432613,0.4336792,0.43777797,0.37116194,0.41076723,0.3732042,0.47124532,0.35073575,0.40165967,0.0542436028127635,0.046376564087353,-0.129433798057104,0.0278058904911953,0.0104644813753578,-0.0119697896064978,0.4712449,1,161.49902344,2.712820512820513,1.7809131,1.42561934804104,1.3151303456399726,0.9467963182353446,1.42561934804104,0.86698115,20.84616473450712,15.556602568991188,19.4652457338312,19.876285038681942,19.9683297583386,19.784076359764484,47.52868980872116,0.019219054,4846.215567392348,0.20676959,0.11281501,0.64699274,105.97308,78.67387,0.3865436141708842,0.5286997,0.3353033,1.0,0.2289163502508932,105.97308,78.67387,6492,8,48.75,0.0,0.2289163502508932,-0.1592977362316699
89.17407,33.598354,25.196623,21.733337,14.077629,14.075714,13.832423,12.810632,11.828231,14.121081,9.886428,10.371762,9.76208,-0.0034201397,-0.004578686,-0.0038692374,-0.0028823188,-0.001845185,-0.0009680555,-0.00038381925,-0.00011880356,-0.00010361024,-0.00021701994,-0.00034270284,-0.00041405892,-0.00042896607,0.11652571,978.70586650149,598.8184894227727,0.0595343878373177,0.31295362,0.31421885,0.4477692,0.37120417,0.5067345,0.40461057,0.427146,0.34707898,0.29338977,0.4458614,0.3334142,0.4599465,0.3320622198911041,-0.15184731436736,0.0111248903060219,0.1967326467117749,0.0692659328857586,-0.0391767586432511,0.5067349,0,80.74951172,1.162569087097389,1.4023702,1.498155620669693,1.84518988745764,2.150661538321197,1.498155620669693,1.018862,21.690866725461333,16.068404413363645,19.85862634657664,19.098057139824807,19.965530597629623,19.28743286184764,47.15329838940048,0.017993482,5196.788080103406,0.21488826,0.07873129,0.731857,85.68894,66.88138,0.3843770745740208,0.64606184,0.27925533,1.0,0.3562906303634087,85.68894,66.88138,3474,8,26.235,0.4453617714151233,0.3562906303634087,-0.0065978419613234
82.57762,38.86673,32.693714,26.438107,18.481579,16.369808,15.370222,13.7339735,13.346156,13.362443,11.325025,10.664078,10.460954,-0.013813784,-0.015281601,-0.005807734,0.0020540885,0.0040820986,0.0018602641,-4.0297768e-05,0.00063393556,0.0021790771,0.0021914523,0.0008358188,8.591826e-05,0.00085248094,0.11808538,1113.6730841149235,644.5686429781866,0.0607211775265357,0.4230295,0.5398027,0.42578518,0.39353162,0.5180234,0.42102715,0.49058974,0.37968186,0.45254663,0.5362377,0.4054068,0.49348992,0.0217421874497298,-0.0372024794080506,-0.081598949481905,0.0716472333811775,0.0245690931182596,0.0474203591528816,0.53980243,1,161.49902344,2.6725536694957563,1.7691146,1.4222900872600048,0.8105025487774158,0.5542554809799973,1.4222900872600048,0.8898909,21.50912120505855,15.015115703962495,19.8286416797486,19.54377894052427,19.841715986641084,20.260714333108886,47.15400540524848,0.020313561,6190.99246321282,0.24329062,0.10722329,0.6940949,98.57682,71.224014,0.3305075535267905,0.5212741,0.33390924,1.0,0.2019284761857568,98.57682,71.224014,3041,8,26.706666666666667,0.0,0.2019284761857568,-0.025648479550925
120.573105,37.343544,29.755081,22.126503,16.87217,18.108324,16.600412,18.12134,12.719663,12.783548,12.99125,10.114121,9.896406,0.0002198181,0.00030691526,0.00029521904,0.00027631322,0.00025101198,0.00022041645,0.0001857851,0.0001484845,0.00010988118,7.1291266e-05,3.3915614e-05,-1.2120812e-06,-3.3253065e-05,0.12544857,959.0000355785112,604.558311777376,0.0679910977002611,0.45895374,0.47062463,0.4708635,0.52896804,0.45768192,0.40702108,0.44851062,0.45177868,0.5032216,0.47568685,0.5193337,0.49939144,-0.0289305508076045,-0.053534604890517,-0.0175467097230288,0.0405335116650456,0.0185295725457734,-0.0008435446886859,0.5289674,1,151.99908088,2.4940655048076925,1.9190766,1.4595308510040217,0.869294796484248,0.5966553686975827,1.4595308510040217,0.8198001,20.057577818889552,14.650283428737794,16.435752932645826,16.864456859471133,17.834027446970445,19.90373641830185,43.855031786244645,0.040718928,5119.1032138896135,0.15763682,0.11765448,0.57261616,108.7352,76.23642,0.3969230769230769,0.5732277,0.31142855,1.0,0.2538240206376086,108.7352,76.23642,3612,8,26.41269841269841,0.3142696805273545,0.2538240206376086,-0.9672251668590556
92.26304,27.48178,14.658127,12.779279,10.524415,9.710473,9.260835,8.420877,8.071177,8.122352,7.5518503,7.5298295,7.7463512,0.004743346,0.0018755384,0.0006883806,-0.0010502003,-0.0007445387,0.00011403203,-0.00029063833,-0.00045479677,-0.0007636795,0.0002966631,-0.00040782397,-0.00030139126,-0.000787601,0.062741525,882.2525121499805,534.8291673638836,0.0600626033221093,0.38877672,0.3397007,0.34043762,0.25789848,0.25941712,0.22632243,0.3523943,0.3259429,0.31264406,0.44752997,0.4437609,0.61248636,0.1212916257508879,-0.1142098164409045,0.0977225470631684,-0.0564132709696812,-0.0397658989299986,-0.0130490084312129,0.612486,1,117.45383523,1.833078445626778,1.320873,1.4706075527507418,0.9402288469033108,0.655349578807011,1.4706075527507418,0.99971175,21.77062856456191,15.553559269378216,18.95177309486755,18.55544448813082,18.145168291582745,17.80642819227856,45.75754542331339,0.030549781,5661.957271298883,0.12999931,0.0647975,0.6673551,66.594376,38.260365,0.4427062169849655,0.8433298,0.13085732,1.0,0.7452443395742181,66.594376,38.260365,4358,8,28.572154195011336,0.4453617714151233,0.7452443395742181,-0.5659004143478085
113.22477,38.704456,21.851063,19.000916,19.452932,15.30217,14.248172,11.211165,10.781954,11.134022,8.921456,10.057537,10.347143,0.0,0.0,-1.0827365e-09,1.7323785e-09,0.0,-1.9489257e-09,-6.767103e-10,1.5699679e-09,6.496419e-10,1.0827365e-09,1.6241047e-09,9.2032604e-10,-1.4075575e-09,0.07595644,975.007178933464,674.3704659586729,0.0534243891865221,0.33188915,0.20323092,0.265992,0.24213688,0.4859501,0.2908122,0.16845778,0.23376255,0.21029924,0.35289696,0.17822574,0.23073393,0.2828174137531923,0.139517922595733,-0.1094144259088711,0.1204803054530561,-0.0034239874545587,0.0169703963881753,0.48594978,0,107.66601562,1.7163970243840123,1.2999829,1.6892306655602387,1.5454284868081165,1.2083687773361311,1.6892306655602387,1.1701627,24.955987148317213,18.53962561906961,22.405573689973856,21.94417504981932,22.192083242539645,22.511053163385128,48.08746839405838,0.010168426,3926.740208763517,0.10919283,0.03566051,0.7538113,45.66866,38.279972,0.4142159645736346,0.83599305,0.14418744,1.0,0.6984269471399545,45.66866,38.279972,3648,8,25.562267573696147,0.0,0.6984269471399545,1.7464346350823429e-15
89.61408,37.24792,28.83594,18.450203,14.851813,15.528829,14.590889,12.694838,11.28184,10.124105,10.365697,9.838306,8.793989,0.00808889,0.003697187,-0.0025524101,0.0005430316,0.0009495282,-0.00022697396,-0.0003169685,6.119574e-05,0.00018754833,-0.00023140015,-0.00027668898,-0.00056163897,-0.0005685067,0.09145997,993.4088741501158,583.6729702664433,0.0680700723604977,0.41917711,0.40087527,0.3920597,0.38279948,0.4157239,0.38890666,0.5205329,0.41922712,0.4194373,0.44873735,0.44902423,0.5925392,0.0834975350137787,-0.1281485034373345,0.1301541714388064,0.0355053257852669,-0.0210581529862361,-0.0372139266890458,0.5925386,1,89.10290948,1.4754434445379336,1.6460633,1.4033275092992248,1.2171581694671694,0.8523994890243006,1.4033275092992248,0.9773654,19.862676261003426,15.666788840532902,17.703700914826335,16.460666977593245,18.28778742193262,18.631662963384624,48.63410041288201,0.02999465,5043.691266105496,0.1420912,0.072493546,0.66216516,74.704094,41.867413,0.4642792053945689,0.63118875,0.3210052,1.0,0.3792785384052594,74.704094,41.867413,5095,8,31.854829931972787,0.0,0.3792785384052594,-0.1716779003240731
104.926445,28.99871,23.781958,17.708477,16.112898,17.060696,13.2295885,13.828017,12.331831,12.111373,11.029451,9.430116,9.908204,0.0023875823,0.003491108,0.0018431741,-0.0008442879,-0.0008986486,-7.8287354e-05,-0.00032828294,1.4186839e-05,0.00010474495,-0.0009536152,-0.0013265566,-0.0014054744,-0.0016628946,0.08795995,790.856216290256,501.59406713142863,0.0569181447310341,0.3664406,0.33240977,0.46982974,0.29983392,0.41471803,0.27890357,0.27339855,0.3437516,0.30972496,0.46162298,0.27657643,0.3366076,0.17670860762267,0.0781179279699159,-0.0209792700340949,0.001663239625731,-0.0030166500156494,0.0101102676186272,0.4698294,0,99.38401442,1.588337684943429,1.752206,1.398706572990002,0.7404444023112537,0.526008976173936,1.398706572990002,0.7932047,19.292314476393912,16.238110273335604,19.202442423034245,18.425000601171305,18.65763940672238,20.073010503994663,47.58014194161542,0.03616755,6123.930924298276,0.14068364,0.08732809,0.61699903,84.419044,50.218845,0.4414550966275104,0.51022434,0.3567032,1.0,0.2251892200689806,84.419044,50.218845,3495,8,22.98,0.0,0.2251892200689806,-0.0253661527411479
73.26437,32.702072,26.381163,23.977509,16.864998,17.940487,15.420831,16.814531,13.487954,12.631929,12.077421,11.116789,12.49681,0.008129483,0.00011063367,-0.00068478234,-0.0009156437,-0.00028366558,-0.0007892925,-0.00057193334,-0.0007581543,-0.0005654506,-0.00029363183,-0.00085626193,-0.00033031145,-0.00044623535,0.09657977,945.2797798119858,463.2873128969632,0.0755739070461049,0.44563884,0.25123763,0.27533272,0.24455191,0.37679425,0.26471534,0.2473705,0.34798023,0.2958962,0.42073417,0.27667037,0.4317149,0.1531853692199004,0.053317416875518,0.0016187549308491,0.1019651033148346,-0.004802473808569,0.0085154820530169,0.44563916,0,135.99917763,2.1304935954063606,1.753527,1.2872467922528517,1.2886042103227986,1.0733868553254615,1.2872467922528517,0.9569639,19.527360282700645,15.66247483810512,19.67051186189595,20.48433194760534,20.25669149988302,22.08792490262901,46.50098154766188,0.026408538,5246.464332995554,0.18138479,0.097792886,0.64970857,103.398384,48.791992,0.4771247907755254,0.5364123,0.31395823,1.0,0.2164978783396995,103.398384,48.791992,5131,8,31.21342403628118,0.0,0.2164978783396995,-0.1614687758029778
141.19992,40.137825,23.071505,23.37441,17.957684,20.939539,15.152362,16.057438,12.92708,12.682524,12.262341,12.0262165,12.186825,0.008128146,0.005127573,-0.0006213857,0.0006400035,0.00035846132,-0.00036253987,-0.00020495107,-0.00015301713,-0.00042465772,-0.00027428387,1.9528097e-05,-0.00041538556,-0.00024331815,0.09797226,1110.6209448123927,778.875036184556,0.0727824712604077,0.36880928,0.23721042,0.35183132,0.44018227,0.23034555,0.22069113,0.20859875,0.40824768,0.30756518,0.33486483,0.3955467,0.25670195,-0.0563461475527637,0.1647722112719775,0.107839196659119,0.0437671097909633,0.0078594007545817,0.0234262788676503,0.44018307,1,123.046875,2.011689260521846,1.4047799,1.351301918179617,1.0022841529206767,0.7921577957378153,1.351301918179617,0.86878914,20.60857865932616,17.166765840011234,21.40599251211356,22.36510888740979,20.485031315381583,21.53406065957952,45.42810953723147,0.028363045,4792.687972155713,0.12708801,0.06465905,0.66278636,65.128395,48.808834,0.4538076814192696,0.5791064,0.3541858,1.0,0.3406223480337063,65.128395,48.808834,4809,8,30.757732426303853,0.0,0.3406223480337063,-0.0921574849298355
102.58763,34.04897,24.453304,16.774775,14.049488,14.367936,13.323582,11.913916,10.495772,11.660606,11.2145815,11.416668,11.350346,0.0041246032,-0.00014120904,0.00024503228,0.00085409265,0.00053951936,-8.0869475e-05,0.0004389666,0.00033997794,0.00012985364,7.3874544e-05,0.00010132386,0.00032640962,0.00013237451,0.068609156,865.707132286109,553.1237883382383,0.0734793724117515,0.43834496,0.2475388,0.3730747,0.40627697,0.242167,0.24811721,0.2573334,0.5014174,0.32639024,0.27345565,0.34980386,0.2774322,-0.0430281023896555,0.1930941314530078,0.1160172255545582,0.0428670326152152,0.0159372071863661,0.0134031948603192,0.50141746,1,89.10290948,1.4502537844074013,1.2035509,1.5772402970609654,1.3215729674796552,1.1398307305202526,1.5772402970609654,1.128771,18.62029827676818,15.842650292079838,19.724662861016714,19.135417069930035,18.690253063789672,18.73715267664286,47.75033714419679,0.03716126,5344.342102996809,0.1044734,0.048137154,0.68457067,49.99622,32.521156,0.4751893095768374,0.6896959,0.23875591,1.0,0.4062963198898589,49.99622,32.521156,5334,8,32.58050453514739,0.4714045207910317,0.4062963198898589,-0.9123535026435522
77.36416,30.526329,24.14872,18.860117,19.499987,14.352935,14.749545,15.1917095,12.970933,12.741474,12.3262615,10.452611,10.55703,0.0041911374,0.0024895803,8.2463805e-05,0.00096330245,0.0010601428,0.0010474877,0.0008108575,0.000941423,0.00054341136,0.0002319062,9.4695424e-05,-0.000311483,-0.00025924234,0.11176682,525.3956531817695,420.15235869966426,0.03761864964127,0.36512515,0.49635458,0.3283116,0.39623657,0.32464942,0.46118832,0.364474,0.26482242,0.33753425,0.28224057,0.3472747,0.2615607,-0.1805344631181295,-0.0437955407247692,-0.0643429585051453,-0.0429365923630569,0.031086666550145,0.0021359448780822,0.49635437,1,135.99917763,2.1642340177454216,1.4396505,1.5502567600779045,1.0820652848716004,0.829526239016875,1.5502567600779045,1.3201922,20.83515044511553,16.147937289694383,19.51858569555217,19.782095715842928,22.859552565964176,29.35917790469603,52.27413654725085,0.00063089066,3444.686534792878,0.2063281,0.08237096,0.7146797,87.738686,58.703457,0.4093437152391546,0.82492197,0.13555582,1.0,0.688878083590885,87.738686,58.703457,4048,8,28.70530612244898,0.0,0.688878083590885,-0.5325009927487065
100.28478,36.79666,20.072557,18.054731,12.664685,11.127391,11.713379,10.5566845,9.779873,11.451661,8.772067,8.379132,9.318423,-0.00684212,-0.0023846475,-0.00024739042,-0.0010965853,0.00013089928,-0.0002488344,0.00010779827,-0.00057753467,-5.0987557e-05,-1.5993943e-05,-4.1447172e-05,8.401772e-05,0.0002852776,0.11087796,988.441886781722,524.635201163711,0.0620454687654823,0.43867773,0.3187882,0.2878633,0.4479775,0.29414716,0.3176069,0.2471703,0.37476075,0.48292297,0.31611776,0.3335401,0.28645936,-0.3010138301146206,0.036001951939585,0.0022296701684136,0.1538616706977524,-0.030546269185279,0.0003875919644377,0.48292312,0,63.02400915,0.9968910100182526,1.1964834,1.3422266585683722,1.570482040508952,1.4229562947393233,1.3422266585683722,1.0761958,22.479018227777008,18.081206904256483,20.726882820956217,20.25480657230371,20.170397750699056,20.53974996218433,48.85828536822495,0.015544917,4768.476383860519,0.22021711,0.07599054,0.7434526,83.687,56.95464,0.4447025636770928,0.6416709,0.28673783,1.0,0.3694827289695678,83.687,56.95464,5360,8,34.983764172335604,0.4453617714151233,0.3694827289695678,-0.1482340840125519
71.45035,22.341608,19.541533,17.438725,11.86172,12.321546,9.533606,9.661573,8.310913,8.248734,8.014043,7.9126644,8.920397,2.9811056e-09,0.0,-1.4905528e-09,3.726382e-10,-7.452764e-10,1.863191e-10,5.589573e-10,-8.3843593e-10,-1.0247551e-09,0.0,8.850157e-10,7.452764e-10,9.315955e-10,0.1543158,344.52686892796675,251.78858409202672,0.0339651258990837,0.40422195,0.2698421,0.3519697,0.27503887,0.34490773,0.4968105,0.29598707,0.39174664,0.2466988,0.30175292,0.32236686,0.29631168,0.0139317417978804,0.1387777713335894,-0.0021006085265932,0.0236917580816319,-0.0026106074915469,-0.0015189091789692,0.49681094,1,135.99917763,2.170911638641609,1.1997377,1.6559377607859562,0.7273571263106176,0.511030187171914,1.6559377607859562,1.3265702,16.955348919835693,14.561061207268814,18.46027961359845,20.023410793052552,20.17646272476985,22.432194489395467,54.68205266413403,0.0057053883,3720.389336208423,0.26744616,0.15980229,0.6259719,170.92252,89.205185,0.4873974208675263,0.8723238,0.17857875,1.0,0.8406385447162672,170.92252,89.205185,4989,8,29.711020408163265,0.4865042554105199,0.8406385447162672,1.7464346350823429e-15
102.4333,32.27784,30.715427,22.649504,19.861712,15.406388,12.68121,9.758612,8.168036,8.555512,8.921507,9.612938,9.435408,0.0,-5.5592637e-09,-2.7796319e-09,1.042362e-09,1.7372699e-09,6.9490796e-10,-1.3898159e-09,-1.042362e-09,3.4745398e-10,1.042362e-09,1.7372699e-09,-1.7372699e-10,1.7372699e-10,0.16520318,600.8061082122313,361.8955799678909,0.0491792767048397,0.26826546,0.2780299,0.38758087,0.2910804,0.3831567,0.25466213,0.37857535,0.38967726,0.31562346,0.42276323,0.2734494,0.34406558,0.1516253442788258,-0.025995286711598,0.039642273766447,0.0007139057376651,0.0084463839785761,-0.0183124920854178,0.42276323,1,89.10290948,1.4553072804590634,1.2248051,0.9302236686190032,1.1024789423739898,0.9940803606001368,0.9302236686190032,0.9688835,19.64557686620363,16.123580054870835,19.7960072192368,20.795141526823,20.057970447279747,21.450386358631864,54.39516698754949,0.0044581527,3533.1447860866483,0.23481183,0.100007296,0.70130736,117.929276,85.64571,0.4225724175623975,0.773518,0.22922452,1.0,0.6162628484634209,117.929276,85.64571,4639,8,31.866122448979592,0.0,0.6162628484634209,1.7464346350823429e-15
94.57407,23.233707,16.619003,12.49464,9.8687935,11.9053135,8.953875,10.167617,8.626892,8.611593,8.531039,8.610094,8.202951,0.0004973131,0.0006996741,0.0006888769,0.0006711784,0.0006470145,0.00061695656,0.00058173476,0.000542178,0.00049921125,0.00045381676,0.00040700854,0.0003598069,0.0003131953,0.0911118,637.5801639351637,351.7910039330107,0.0475487469587488,0.33077025,0.3018594,0.49865946,0.30280367,0.3628796,0.23478782,0.36255372,0.52084357,0.34557852,0.46271396,0.3079667,0.37283343,0.2493160155432169,0.0669466398405952,0.0697247734839295,-0.0077076034804629,0.0056689187115923,-0.0048408404084517,0.5208435,1,129.19921875,2.1263002152080346,1.302126,1.5647665424649966,0.5887789595414923,0.4275028691850646,1.5647665424649966,1.0088311,19.71552004978093,15.79208419558753,19.57111478145896,20.298992389070737,19.604106113239105,19.465398849728096,46.77262632921662,0.028561309,5598.848576058367,0.17031264,0.085284136,0.66633064,87.25787,51.78342,0.4218821171540494,0.6544844,0.28615397,1.0,0.3968034447470273,87.25787,51.78342,4631,8,31.86285714285714,0.4453617714151233,0.3968034447470273,-0.7145836555089692
120.5474,35.148167,23.126905,15.03026,11.769411,12.492837,10.908945,12.21596,9.692525,8.809652,9.230199,9.315666,8.394649,8.501508e-09,2.125377e-09,-9.741311e-10,-7.0845896e-10,8.855737e-10,8.855737e-11,-1.0626885e-09,4.4278686e-10,4.8706555e-10,6.199016e-10,6.199016e-10,2.2139343e-10,-3.5422948e-10,0.07792951,740.603049332199,498.365870979422,0.0473370778803691,0.43541244,0.29989687,0.35708433,0.26488274,0.33914277,0.6195545,0.34831336,0.29548785,0.2400569,0.32441923,0.26772916,0.22959207,0.0451339847005301,0.2551627799955943,-0.1755200809435071,0.0163615994303963,-0.0564444343460957,-0.0190045033771698,0.6195532,1,95.703125,1.4237489552862514,1.3267823,1.0764033510212447,0.6489801951889446,0.4944765335721414,1.0764033510212447,0.9082319,18.721928905344896,16.707447072247597,20.95638372328574,21.32917664572676,19.84613737759296,19.052774081479136,47.00262229188457,0.013468492,3530.729471965248,0.09378615,0.040529385,0.69824725,45.878086,39.38402,0.3844725111441308,0.8420543,0.16143784,1.0,0.7388906214526533,45.878086,39.38402,4140,8,31.255510204081634,0.4453617714151233,0.7388906214526533,-0.1620388839759854
111.20844,33.00978,24.789095,17.205624,13.080235,14.978492,11.471264,10.991668,9.922123,11.17073,9.992158,10.200489,10.570944,0.0,-1.2938852e-09,1.1321496e-09,-9.70414e-10,4.0433915e-10,1.2938852e-09,2.830374e-10,-1.6173566e-09,6.469426e-10,-7.278105e-10,1.2130175e-09,8.0867826e-11,3.234713e-10,0.08862234,858.6025134711035,563.3653544433802,0.0654043819323339,0.26962844,0.24624169,0.40207613,0.3177814,0.49540114,0.30204472,0.36455527,0.42315555,0.2682865,0.3160325,0.24582367,0.38564324,0.2993721245350267,-0.0022242371485802,0.0747360547988391,0.076173494971986,0.0317925166708057,-0.0398682992200291,0.49540144,0,89.10290948,1.3841436510207974,1.1437368,1.4017775354534856,1.20167453252462,1.1245097908925803,1.4017775354534856,1.1381576,18.87968817624903,15.399047053585608,18.81879807016791,20.20586018143006,20.82111570014988,21.09955690197572,60.54387793658495,0.01163059,4369.079245152712,0.10655887,0.044271808,0.70647544,52.150467,42.808388,0.3894165535956581,0.763222,0.2058165,1.0,0.5524902709044106,52.150467,42.808388,4592,8,34.226938775510206,0.4865042554105199,0.5524902709044106,-0.6400155696035494
107.21924,32.299587,20.897413,15.660999,13.492484,12.853472,10.939963,11.206604,9.77906,8.710239,9.232986,10.007751,8.624369,-1.13069945e-08,1.4133743e-09,-2.473405e-09,-2.473405e-09,7.0668715e-10,1.4133743e-09,3.0917563e-10,-4.858474e-10,-1.3250384e-10,-8.8335894e-10,5.3001536e-10,-5.3001536e-10,0.0,0.077426516,759.6399995430733,486.268636732022,0.0525357284098514,0.2014588,0.30671343,0.3955164,0.27440035,0.39235044,0.29466015,0.40939876,0.3259848,0.2465152,0.37473834,0.23780084,0.29444245,0.298419637251177,-0.1091162054226178,0.013499406313845,-0.0610861807962658,0.0080072818784533,-0.017523909825204,0.40939838,0,83.35433468,1.2885414495623178,1.100963,1.193884059987425,1.2409884705647538,1.0554666627431608,1.193884059987425,1.0245309,21.043856450869207,17.001325358875174,21.25064414717041,21.01680620804897,19.53800647005877,19.550615621322585,47.27885004733621,0.01346455,3910.5192429668687,0.083500415,0.031660706,0.7250684,37.992294,39.346947,0.3475683186660491,0.86665356,0.12814929,1.0,0.7937686978325923,37.992294,39.346947,3752,8,31.333877551020407,0.0,0.7937686978325923,-0.8383996102003219
108.42005,30.923347,18.749441,13.276404,10.126381,10.796788,9.701433,8.737345,7.9771543,8.082808,7.8996468,7.422449,7.4746833,2.8603973e-09,0.0,-8.044867e-10,-1.2514237e-09,-4.916308e-10,-8.9387414e-11,-5.363245e-10,-3.5754966e-10,1.3408112e-10,-3.5754966e-10,8.9387414e-11,1.7877483e-10,-4.4693707e-11,0.07307415,749.598407527889,516.2559776064694,0.0438986238239982,0.29716167,0.2659613,0.31161034,0.49671993,0.27515087,0.24533607,0.21383952,0.41380566,0.54475254,0.3080108,0.32141477,0.21247154,-0.2702502890038662,0.040087249932586,0.0551179786215921,0.1246225261439541,-0.0182749105712471,-0.0068279718790277,0.5447519,0,129.19921875,2.0426355056416745,1.2756033,1.4148350817030426,0.9725831877200208,0.6731916090212519,1.4148350817030426,0.9693015,16.387043023309875,17.105092588520098,20.67120771292433,20.87349132415281,20.729739229462584,19.96057197096493,47.14867244158416,0.017695924,4159.952868891473,0.10003688,0.045029026,0.68959135,49.343773,38.2925,0.3892950881139858,0.8555038,0.13470316,1.0,0.7631025582635474,49.343773,38.2925,4153,8,30.96489795918368,0.4453617714151233,0.7631025582635474,-1.1706298912386437
100.61541,35.82155,25.481619,20.633003,13.550226,13.797305,12.040952,10.781728,9.216692,8.826366,9.251279,8.482734,8.432003,-2.6433589e-09,6.6083974e-09,6.608397e-10,0.0,6.608397e-10,4.956298e-10,1.4042844e-09,-7.434447e-10,-5.7823474e-10,-2.147729e-09,0.0,1.6520993e-10,-4.956298e-10,0.0725363,863.5275676354685,557.9221630518474,0.0492606508800885,0.28037107,0.39560673,0.5188357,0.34866202,0.3939473,0.27781707,0.33716208,0.3406712,0.37678006,0.55264926,0.34391028,0.29822442,0.247650021927792,-0.0225285006890403,-0.0779452202511909,-0.0704546098973272,-0.0040626488898758,0.0103773147828418,0.55264944,1,143.5546875,2.3203018417462484,1.4943252,1.0810556654731456,0.5529861099885696,0.4037792018157848,1.0810556654731456,0.7848087,18.620106240287576,16.70361774426199,19.660964675707337,19.7588486281964,19.132905570565462,18.934106739991968,45.52491469154027,0.0145980185,3984.385842000731,0.09835069,0.053759925,0.64656925,47.62909,39.726753,0.3713617463617463,0.84550685,0.14743827,1.0,0.7487400592818393,47.62909,39.726753,4287,8,33.50857142857143,0.3142696805273545,0.7487400592818393,-1.16120144992037
88.67605,31.377554,27.56054,20.100418,20.013075,14.897113,10.821905,10.248456,8.60429,8.765223,9.661673,8.900411,8.980336,0.0024259856,0.0025492648,0.0010905582,0.00052003324,0.00043842933,6.6254484e-05,-0.00031659525,-0.00035873553,-0.00029579227,-0.00028849294,-0.00021372059,-8.3699626e-05,-0.000110940695,0.11335765,666.054952935257,384.7321587369768,0.0539298199859643,0.20369057,0.1615485,0.27509344,0.23218635,0.22770227,0.4678311,0.22887467,0.20403022,0.14657398,0.30845553,0.428165,0.19341953,-0.0693461496679223,0.3335027572781786,-0.126095324461661,-0.140831192013621,-0.0166966333817417,-0.0220514069914121,0.4678311,1,123.046875,1.7851843114574455,1.002882,1.5797349552096895,1.5961194564699903,1.2116347285777749,1.5797349552096895,1.4579338,19.023854450975143,18.857745226857084,22.33843029976488,21.26897812206956,21.702766848130143,26.238535741702023,51.62299480876411,0.0002669534,2540.9307861328125,0.13250756,0.033572774,0.7978474,50.938324,53.358044,0.3567485658621063,0.8649497,0.13408251,1.0,0.775194547515976,50.938324,53.358044,3296,8,26.81795918367347,0.0,0.775194547515976,-0.0223704831200455
129.40468,45.227627,34.125183,25.187582,18.38366,15.328068,14.3673315,15.114554,13.352081,12.344117,12.292831,10.6116295,10.085654,-8.754325e-09,-1.1125288e-08,2.7357266e-10,-3.4652539e-09,-1.8238178e-09,6.839317e-10,7.295271e-10,1.0942907e-09,-9.119089e-10,-1.3678633e-10,-9.119089e-10,4.5595444e-10,-9.119089e-11,0.14276282,1399.760179157621,815.5925585891594,0.106574781232986,0.50189483,0.4483972,0.44265613,0.48335403,0.45370886,0.45806703,0.44005942,0.46939993,0.4249356,0.39019537,0.38515776,0.41018912,-0.0134222241800577,-0.005681044690888,-0.0059593697782499,0.0231005136105244,0.0162370120349592,0.0014554402880056,0.50189507,0,161.49902344,2.623313486134353,1.6574305,1.4960195555193088,1.0202902689205935,0.6941737636708503,1.4960195555193088,0.8549885,20.562234625801764,14.740901823225546,17.37300478991792,17.207874061271042,18.846602842893645,19.17140905279561,47.51585632579846,0.023460293,5522.147010895144,0.10795038,0.06671591,0.61803436,62.38736,66.49822,0.3682524503944537,0.6756069,0.31246176,1.0,0.4481338462063427,62.38736,66.49822,7702,8,60.70566893424037,0.0,0.4481338462063427,1.7464346350823429e-15
105.726074,39.24069,34.419983,20.55904,19.579773,14.559789,14.60877,16.097946,14.136274,14.012288,12.134318,12.23909,10.56635,0.0043876013,0.0048412797,0.0018385208,0.0009367167,-0.000503679,-0.0019848635,-0.001634645,-0.0009975511,-0.0012215975,-0.0016687857,-0.00084250624,-0.0001064736,-0.0003699052,0.14856921,1172.014010421654,752.4187533601361,0.0563398921736404,0.36566073,0.36087808,0.36847642,0.49387026,0.35794672,0.3886451,0.42551684,0.35332543,0.49642852,0.33772928,0.39159605,0.4684416,-0.2191914560886847,-0.1476359431478521,0.0189198347227591,0.0410100110528349,0.0086557817920512,0.0196351507746017,0.49642852,0,143.5546875,2.179212456798286,1.787701,1.526487536665351,0.9118566733397396,0.6062494116780409,1.526487536665351,0.83175963,21.270029768156967,16.641378936299844,21.004114077692805,18.39871977931141,18.717121529706443,17.606468704978543,49.10326949533485,0.014583682,4839.929548847304,0.29158747,0.10189692,0.7410376,91.78028,76.23739,0.39871777383713,0.6232947,0.31539357,1.0,0.3503843430541902,91.78028,76.23739,2923,8,21.28062358276644,0.4,0.3503843430541902,-0.0261012653554182
103.6492,39.50781,33.678967,20.43399,19.671461,14.514462,14.776673,16.331352,14.341458,14.229619,12.2109165,12.362521,10.4990425,0.006411571,0.00630029,0.0026142052,0.0013721957,-0.00025909458,-0.00181929,-0.0016810537,-0.0010296821,-0.0014543898,-0.0019302191,-0.001083755,-0.00034573287,-0.00055841333,0.12917712,1163.799810180167,749.600233766628,0.0554618029755647,0.37268543,0.36534995,0.37005955,0.4938638,0.35794392,0.38898078,0.4263949,0.355689,0.49990118,0.3420437,0.39686972,0.4749348,-0.2180426030102331,-0.1465662811939646,0.018114998670003,0.0400503592501285,0.0083913394162331,0.018472650768715,0.4999013,0,143.5546875,2.179071399746148,1.7764919,1.5915374699638094,0.959985804552148,0.6324324324324324,1.5915374699638094,0.8411332,21.30618295365432,16.655206175970505,20.983376507572626,18.517992356239244,18.685582077376807,17.781057261297686,49.216376846230105,0.013637816,4743.067528238144,0.2479544,0.08723586,0.73974,80.22368,71.59791,0.3757501363884342,0.6701731,0.29510823,1.0,0.4227712035334385,80.22368,71.59791,2755,8,21.28200113378685,0.4,0.4227712035334385,-0.0154777231641131
120.31699,41.64379,32.425262,24.82243,19.295683,16.868929,17.573507,14.1421995,13.553962,11.634295,14.689921,11.317477,10.15709,0.0,-3.9504955e-09,-5.9257435e-09,-2.7159657e-09,0.0,-1.7283418e-09,-3.2097776e-09,1.4814359e-09,-1.2962563e-09,-2.0987008e-09,7.4071793e-10,-1.2345298e-09,2.3456068e-09,0.026931293,1383.8227024436096,759.1954033048697,0.0982811733047741,0.4331561,0.4295782,0.47965768,0.4660981,0.43815938,0.4639721,0.44699472,0.5007908,0.45008913,0.46937177,0.48882553,0.43825552,0.1069390724301628,0.1185861548609076,0.0268616964098388,-0.1655109707987645,-0.0394333413034782,-0.0217274907876625,0.5007909,1,99.38401442,1.6000528938926264,1.8783637,1.7695083716739983,1.3906079293290892,1.0217929507833887,1.7695083716739983,0.93433076,20.468727123231897,14.60861668282222,17.77729905337319,16.762356604863783,18.06468711516798,18.26161502468457,49.91842291585084,0.06789522,6032.15960634102,0.033253826,0.023298433,0.588009,18.73774,11.635608,0.4680217503883997,0.903942,0.05931078,1.0,0.937700325719253,18.73774,11.635608,3615,8,22.42113378684808,0.0,0.937700325719253,1.7464346350823429e-15
97.95667,35.70498,30.185686,24.267838,22.696774,16.295313,14.522962,14.689471,13.741913,16.219799,13.286026,13.839641,12.81791,3.897022e-09,0.0,2.4356386e-10,1.4613832e-09,-4.871277e-10,-1.2178193e-09,-9.742555e-10,-1.948511e-09,-2.0702928e-09,-1.7049471e-09,2.5574205e-09,-2.0702928e-09,7.306916e-10,0.20248285,1038.4134698858056,607.4226694057678,0.0739635165562747,0.3752258,0.36705026,0.31187132,0.37793827,0.3305142,0.31764275,0.39420614,0.36113498,0.48641717,0.39704397,0.5089302,0.5051363,-0.040371728124163,-0.1868405038236387,0.0961242282308129,0.0339463817904219,-0.0294200961943222,-0.0292825164682373,0.50893116,0,89.10290948,1.4850484913793105,1.7516629,1.8027059766924964,1.3379023580201057,1.1085549230848295,1.8027059766924964,0.93200123,22.798904969663525,16.67594820740091,20.91460677380942,19.65711930302432,20.13085313440433,19.810694447356568,48.43783285147816,0.013610779,4638.154612377889,0.2320168,0.07267484,0.7614782,69.67503,56.492737,0.4154533844189017,0.6911486,0.23116383,1.0,0.3854173371090255,69.67503,56.492737,3253,8,22.726530612244897,0.4,0.3854173371090255,-0.8076029976973141
87.0183,32.803047,20.370684,19.205526,17.374071,14.325651,16.666382,14.117976,15.213183,13.785657,14.422824,12.912904,12.164853,-1.1664626e-08,4.3742348e-09,-1.2758185e-09,-1.4580782e-09,-2.7338967e-10,7.290391e-10,-2.7338967e-10,-5.012144e-10,-1.4580782e-09,-1.6403381e-09,-2.9617214e-10,1.5492082e-09,-2.0504225e-09,0.12409768,817.5925537207406,461.59122577581087,0.0621406568582829,0.4326035,0.30031872,0.37875906,0.28326952,0.38949996,0.36721033,0.3245991,0.41619033,0.30554652,0.40286463,0.27086058,0.3843102,0.0720760541783194,0.1500813656677916,-0.0731104190481253,0.0606295114687009,-0.0220742887871122,0.0029734302169495,0.4326038,0,103.359375,1.6915417592459865,1.6838144,1.435015422288194,1.5935085688038004,1.4384537934474653,1.435015422288194,0.91232795,23.239439973480163,16.849697922999894,20.98604948507912,20.593052401635475,22.14175441301738,21.623441841309933,45.0308344018384,0.021982707,5216.140161214465,0.21813017,0.09415513,0.6984942,105.49937,65.88911,0.4267966360856269,0.6086038,0.2591864,1.0,0.262841830057601,105.49937,65.88911,4466,8,30.37170068027211,0.4714045207910317,0.262841830057601,-1.0639513185698868
109.98203,34.581688,22.969688,17.897282,16.55772,13.634294,13.873532,11.718195,10.781449,11.418295,12.132398,11.935606,10.472789,0.0,2.9723948e-09,1.8577467e-10,1.4861974e-09,2.4150708e-09,-1.0217608e-09,9.288734e-10,3.7154935e-10,5.57324e-10,7.430987e-10,3.7154935e-10,2.229296e-09,1.39331e-10,0.12036822,988.9091645644965,567.8409042771106,0.0745165841986341,0.4775404,0.3206952,0.40953434,0.3099377,0.35741627,0.34493592,0.29050043,0.46224898,0.33055595,0.3872051,0.28770855,0.32452673,0.1252412813782917,0.1416885866099398,-0.0314241943386685,0.025448838251184,0.0012843299056341,0.0091983464387385,0.4775404,0,95.703125,1.5731445883255406,1.6444266,1.4741788060045051,1.1778790568680535,1.0942886991814995,1.4741788060045051,0.83283997,21.198265938469643,17.484147841309515,20.841715723725567,19.26624746643909,19.297000651491366,18.48282538217573,46.35245119622704,0.034313366,5700.169405106318,0.16829686,0.08493908,0.66458255,87.01424,60.941452,0.4359049288914864,0.54879767,0.33624524,1.0,0.2499646408839569,87.01424,60.941452,4475,8,29.79700680272109,0.3142696805273545,0.2499646408839569,1.7464346350823429e-15
91.4374,51.841522,35.714054,19.59209,17.027966,14.794268,13.975372,13.493257,11.5825615,11.508536,11.572608,9.929672,9.298153,1.879296e-07,2.554383e-07,2.6592951e-07,2.6250845e-07,2.57719e-07,2.5749094e-07,2.5840322e-07,2.5429796e-07,2.5042075e-07,2.496225e-07,2.466576e-07,2.4289446e-07,2.3776288e-07,0.095851615,1292.8621400512147,892.0847934186401,0.0684474124367201,0.38887423,0.5636329,0.3452123,0.3832287,0.42130792,0.28851092,0.32893816,0.2825858,0.37536725,0.3188751,0.30949718,0.3615389,-0.0053319981241382,-0.1791725173333703,-0.1142625087164946,0.002289852775338,0.0432248266144649,0.0050521781211412,0.5636341,1,89.10290948,1.4831952880802752,1.8359082,1.6175683927834532,1.2283992199805227,1.0829232418023171,1.6175683927834532,0.8999895,23.004499092527485,16.599486818523406,19.779531695301085,18.41604424565153,19.39547730332894,19.609417949662365,47.31750068455756,0.022823581,4980.461489713806,0.16037548,0.09383382,0.6308772,87.07034,64.65988,0.4018177469504903,0.67069495,0.2999669,1.0,0.4495708443074783,87.07034,64.65988,3360,8,24.27192176870748,0.4,0.4495708443074783,-0.9674409795428592
82.692,39.94837,25.134342,18.407763,18.478127,15.559472,16.299252,14.451494,13.528053,12.491939,13.481838,11.094091,10.710885,4.605235e-06,-6.3425887e-06,-4.275969e-05,-9.6765005e-05,-0.00015974243,-0.00022204111,-0.00027478745,-0.00031146558,-0.0003288514,-0.00032730662,-0.00031023135,-0.00028297247,-0.00025138806,0.08280174,993.2565123143166,590.3319704665935,0.0583821344707801,0.5021369,0.39195266,0.27139857,0.35997054,0.29982236,0.38149735,0.2808047,0.304804,0.4223478,0.35873958,0.4644061,0.3384782,-0.1623568092993797,0.0319931633924072,-0.0761728258242344,0.0070826803767546,-0.0013331374207083,0.0096334068181783,0.5021379,0,184.5703125,2.970582451372998,1.5990404,1.2224163375072108,0.8658836865285169,0.5803986406929726,1.2224163375072108,0.96734077,19.11148585768456,17.286745089484562,21.115804192251428,20.62199350170192,21.20602706618836,20.16660651903771,47.84608159899624,0.013246938,4752.600581787801,0.12225153,0.069074996,0.6389647,59.990376,49.54886,0.3316988122480113,0.8044175,0.13636163,1.0,0.6144130556356615,59.990376,49.54886,3044,8,26.636190476190475,0.4714045207910317,0.6144130556356615,1.7464346350823429e-15
96.29199,43.196995,23.09322,19.62153,16.511826,14.108897,13.031107,11.672524,11.723913,10.184105,10.108743,9.569436,10.230983,-0.009772371,-0.008744066,-0.0010804547,0.0015275939,0.0019655824,0.002438125,0.0021089064,0.0014586161,0.00091085606,0.0005272477,0.00063467835,0.0010031543,0.0008142177,0.11858713,1029.678360725782,724.5833723671981,0.0524563803771498,0.3413714,0.3935278,0.28346914,0.38672632,0.37438244,0.2845544,0.37198037,0.26061803,0.33087113,0.2611593,0.3708276,0.5621087,-0.0249130894510984,-0.1914578199454256,0.081688637621416,0.0748460261954496,-0.0038710876075754,-0.0236256640787608,0.5621089,1,143.5546875,2.3502578341927807,1.609948,1.6828419811334632,1.3292382579431985,1.0223155301902738,1.6828419811334632,0.95571405,21.740351422551324,16.849179063646886,21.02510398076775,19.732140273951945,20.647309564777306,19.22858976357299,46.1997144499871,0.014867883,4449.254005120449,0.19914879,0.1070249,0.6504417,107.18999,71.952614,0.4282048751603671,0.6977839,0.23528364,1.0,0.4207480818800327,107.18999,71.952614,4339,8,29.411666666666665,0.0,0.4207480818800327,-0.0169001037887569
94.96642,41.18046,26.636398,17.688873,18.854588,13.800922,14.798426,12.69672,11.931335,11.05497,12.346581,10.230727,11.238611,-0.017094374,-0.0068203025,0.0005323147,-0.0013539055,0.0014183596,0.00075176044,0.0030174225,0.002167697,-7.822545e-05,-0.00024331821,-0.0011494751,9.400144e-05,0.00059905637,0.12699927,1078.359169611795,577.607215478961,0.0577713865484494,0.314504,0.40526947,0.38406125,0.25645918,0.32116395,0.22073625,0.33095676,0.2740985,0.2600968,0.32048938,0.31992212,0.5262982,0.1611457731816416,-0.1424184121988787,0.0423376885304691,-0.0328884435695212,-0.0094369214573531,-0.0177676688628655,0.52629846,1,64.59960938,1.0452737508860164,1.7251741,1.4128666027920198,1.2055881976058247,1.5642917814904134,1.4128666027920198,0.8736791,19.97900977381769,17.14238674453205,20.51299560229948,19.55183126791101,21.06673736717992,19.332983479533432,47.32924063790828,0.02775067,5306.775265627257,0.18607114,0.13052727,0.5877179,114.160774,93.73818,0.3149682142169139,0.6336577,0.2950593,1.0,0.362962274075591,114.160774,93.73818,3270,8,30.135646258503403,0.4,0.362962274075591,-0.0369938875517575
88.9903,36.725243,23.999512,22.208244,18.532503,15.147303,15.578208,13.788365,12.693119,11.806004,13.579607,11.329827,11.597422,-0.0014180973,0.0028326195,0.0009667577,0.0004870764,2.8061591e-05,0.0008217271,0.00023801744,0.00064250716,-2.562688e-05,0.00038487394,0.0008943802,0.0005371478,0.00064038124,0.13107423,992.6135804033728,491.3928977690263,0.0659210199791382,0.2977387,0.388931,0.31509396,0.47554278,0.29245242,0.36587492,0.38174048,0.30777144,0.397394,0.36892012,0.44355598,0.32580075,-0.2086715634603142,-0.0771091313545121,0.0014797016400985,-0.0031053015828591,-0.0092847766168057,0.0017144193471422,0.4755424,1,135.99917763,2.1777809408583018,1.6454341,1.5263892969722517,1.1314925640786595,0.9713646648399769,1.5263892969722517,0.999335,22.193545421243343,16.18948419266785,19.77748368320105,18.78306503417397,20.118459003627155,18.19511462107973,45.11210171025413,0.024018291,4954.583486835226,0.18525892,0.101160735,0.6468071,99.99121,77.38091,0.4024541398116014,0.6109589,0.32204926,1.0,0.3376276350889245,99.99121,77.38091,3247,8,23.418333333333333,0.0,0.3376276350889245,-0.1919155673147662
78.04312,36.54036,25.251085,18.993898,18.956337,14.420702,15.464016,13.012705,14.239887,13.990302,12.862642,13.707291,13.903203,-0.03879648,-0.020298095,0.0017908997,0.006341373,-0.0004013783,0.00229566,0.0014297778,0.0013944431,0.00044903153,0.0015644579,0.0029742133,0.0023354539,0.0019837425,0.098761864,893.0787934434815,536.4701710837065,0.0555871395922355,0.35522255,0.4547288,0.30935124,0.3702758,0.29733062,0.4120119,0.40069705,0.2828011,0.3029054,0.29506513,0.45614836,0.29425448,-0.1600347459155338,-0.0434966641134605,-0.033892863851048,-0.0763059369939841,0.0122546540266503,0.0104492377858987,0.45614794,0,99.38401442,1.586303046789989,1.6671988,1.5949468702821747,1.5671642688329916,2.0603688182006463,1.5949468702821747,0.97221917,22.925792136526603,17.242043117567476,20.869825801641912,20.32134698749259,20.72839524034509,19.53932534361801,46.3003908996436,0.013692217,4663.964545947011,0.2449239,0.10651743,0.6969106,114.456856,67.41942,0.4098069406609025,0.67404926,0.2250171,1.0,0.3451353986842509,114.456856,67.41942,3460,8,24.506666666666668,0.3142696805273545,0.3451353986842509,-0.0232222223422174
90.26976,35.89483,28.350578,17.488028,17.12621,13.328939,14.6920395,12.195956,11.528249,10.241611,11.482224,9.7718115,10.269247,-0.019026253,-0.020870792,-0.009282142,-0.0023750744,-0.0015030018,-0.0017124264,-0.0008601091,-0.00017794225,-6.16479e-05,3.8744634e-05,3.8775444e-05,-0.00015166774,-0.00018949251,0.09866553,943.9432043455242,616.1719692273832,0.048835589746052,0.30663735,0.33780053,0.28709581,0.45715,0.38436395,0.33473545,0.39412767,0.41325337,0.58063465,0.47003832,0.4508262,0.47433805,-0.0899020808915649,-0.1425873550578913,0.0396303069407529,0.1465078460811573,-0.026891123186693,-0.0329276768883006,0.5806345,0,99.38401442,1.6028495102404274,1.5666615,1.4672452567601884,0.8353664157122668,0.8801699501051585,1.4672452567601884,0.83620054,23.101266011968068,17.969635776296244,21.87389778318005,19.760181544618312,20.67106122931241,18.75150084561826,46.357051362506574,0.0121881785,4748.121376633089,0.22411528,0.0943782,0.7036708,92.140175,72.15546,0.3444995864350703,0.7084295,0.24524109,1.0,0.4668113345902375,92.140175,72.15546,3332,8,28.075,0.3142696805273545,0.4668113345902375,-0.0020861401616683
81.58309,39.680916,25.635902,17.738733,16.429964,14.179683,12.279347,11.676098,9.214825,8.678794,10.512438,9.450659,9.3225565,-0.0278808,-0.0013190452,0.007309174,0.00024539148,0.0027573607,-0.0028280204,-0.0017816004,-0.0018429749,0.0013848473,0.00032050742,0.00069284276,0.00032032473,0.0004619733,0.10727723,974.019901552688,606.6156652469588,0.055062196599298,0.4152421,0.30402476,0.40786132,0.46534073,0.40674353,0.5201887,0.3988029,0.4743159,0.38760275,0.3427852,0.35294077,0.31986856,-0.0781465704704994,0.1515245954537419,0.0165718682358656,0.0822978689229837,-0.0298563172924617,-0.0160098171926333,0.5201884,1,112.34714674,1.8216619365058413,1.6369318,1.3008955846727557,1.6455776185911757,1.4347336344530592,1.3008955846727557,1.0067968,21.784632143176403,15.99634994834903,18.869940894882863,18.529073521787,19.851743132911743,18.901995874852776,45.51379592835063,0.023214633,5215.10418911638,0.22220892,0.107966475,0.6730006,107.58835,68.919266,0.3668237728474537,0.694979,0.2560649,1.0,0.4548937244021667,107.58835,68.919266,3191,8,25.251666666666665,0.3142696805273545,0.4548937244021667,-0.2500010176092592
71.969864,30.058062,24.121511,18.364985,16.60664,13.227032,13.892299,12.001294,12.001227,10.487297,11.517173,10.072727,10.39788,-0.031453826,-0.009305981,-0.0015227774,5.609858e-05,-0.0003092331,0.0019026655,0.0011241413,0.002600584,0.0011275684,5.2551175e-05,0.00079602405,-0.00086609495,0.0008742126,0.124020144,863.5394623256548,427.4911395746084,0.0551408368931763,0.26008487,0.3535642,0.27901113,0.3968482,0.3208331,0.2885096,0.37139854,0.31655797,0.44170928,0.33080474,0.43727797,0.40933955,-0.0859913248758391,-0.2295872213843306,0.0752494418655859,0.0027559135443053,0.0098844790549366,0.0147881900022216,0.44170913,0,143.5546875,2.3201756684948904,1.3780224,1.395513806648779,1.033735639148354,0.7330475735932511,1.395513806648779,1.1218516,21.588888893187328,17.38555038351804,20.19560590516191,19.874089554569043,20.30809022120967,19.48316975321488,48.14589258909667,0.020724833,6356.6922150510645,0.26874164,0.1169413,0.69679236,113.574615,73.08298,0.4140476903122817,0.5608716,0.28665376,1.0,0.2142113317503275,113.574615,73.08298,4150,8,29.09262471655329,0.0,0.2142113317503275,-0.390986900591985
93.23446,34.68374,22.275507,17.491707,15.7617235,13.555338,12.685672,11.8020525,10.889781,11.684686,10.833659,9.968298,10.120958,-6.1096253e-09,0.0,-1.1455548e-09,0.0,7.6370316e-10,-1.5274063e-09,-8.5916607e-10,4.7731447e-10,0.0,-1.9092579e-10,4.7731447e-10,1.2410176e-09,9.546289e-10,0.14252183,975.9236150538954,626.4815401063184,0.0601624024305185,0.44676396,0.34068826,0.3474066,0.31036633,0.41105303,0.5366328,0.38724008,0.4102811,0.37634212,0.4573125,0.46109506,0.40425083,-0.0045729613733929,0.1270169989298352,-0.0514022543846454,0.0168714206428022,-0.0040137822359506,-0.0027229560027375,0.5366331,1,99.38401442,1.569343465311843,1.7232125,1.3538078837167415,1.3719537328365634,1.2174002249705205,1.3538078837167415,0.8562231,23.57317914416098,17.576862836282558,20.598185009474136,18.85465446525692,19.223789598583227,19.290749441323666,45.05254485800983,0.028509134,5508.059719876126,0.20134924,0.104700126,0.65789574,107.79525,87.73874,0.3346681349484433,0.6672917,0.27362856,1.0,0.4128949169389609,107.79525,87.73874,3343,8,28.993015873015874,0.3142696805273545,0.4128949169389609,-1.0810932678228833
117.795906,46.17857,27.106323,20.436565,19.524803,15.1625595,14.119736,12.880499,11.779187,11.165556,10.999127,9.643084,9.608154,2.6980442e-09,6.7451106e-10,-2.0235331e-09,-1.6862777e-09,1.0117666e-09,6.7451106e-10,1.0117666e-09,-4.2156942e-10,1.0117666e-09,-5.9019717e-10,1.1803943e-09,6.7451106e-10,-5.058833e-10,0.12372469,1060.6723695296057,780.2259078038861,0.0618551099689259,0.3521082,0.3038806,0.29521573,0.41024125,0.2544831,0.30916515,0.20816076,0.3375989,0.46220127,0.295034,0.378083,0.26930764,-0.263634252388562,0.0452662804050481,0.0260643317926538,0.0525740724657691,0.0128812172311313,-0.016858409384442,0.46220022,0,107.66601562,1.743958038216873,1.581748,1.5208106206230492,1.525278921247433,1.4224608581472262,1.5208106206230492,0.8497481,21.93400553857528,18.72296456109272,21.25999260097698,20.5909779627466,21.048353015712664,19.569603931032628,47.58547614646992,0.021283954,4044.2709858627663,0.19617298,0.08864542,0.68876266,87.86853,66.70904,0.4256410256410256,0.65719926,0.3327154,1.0,0.4437486365054408,87.86853,66.70904,4814,8,32.82762471655329,0.0,0.4437486365054408,1.7464346350823429e-15
97.36938,42.783855,35.965267,25.85382,20.404331,20.426466,17.044453,15.430167,13.537593,12.043751,13.644699,11.588514,10.559019,-5.264072e-09,-9.650798e-09,-3.948054e-09,4.3867263e-10,1.316018e-09,1.316018e-09,-2.8513722e-09,8.7734525e-10,-5.483408e-10,1.3434349e-09,-2.1933631e-10,1.974027e-09,1.7546905e-09,0.13545035,1145.329722872162,727.4273788212062,0.0754462790136131,0.31986964,0.30923387,0.42210263,0.31933615,0.3911353,0.27731588,0.3641244,0.4873317,0.32818484,0.4134688,0.29808152,0.37671685,0.2068350241482446,0.0305625677945924,0.0612461615859908,0.0216632893912435,0.0164373377312998,-0.0029677153684964,0.4873322,1,123.046875,1.896964640937589,1.7251581,1.566679969982999,0.8403599722558043,0.5602338889799136,1.566679969982999,0.86173636,24.08846401349432,17.920485458627795,21.66748787090298,20.315754562896352,20.647307407942627,19.893472336493023,46.94197559505376,0.02306867,5049.214224302122,0.17241792,0.10994965,0.6106129,97.435326,76.74817,0.3719378953421506,0.6152246,0.31768608,1.0,0.3252159840009344,97.435326,76.74817,3234,8,25.23768707482993,0.0,0.3252159840009344,-0.9779765647588876
115.49814,39.172047,31.00509,24.115683,20.444553,16.101627,17.1888,15.488081,13.855263,13.185032,13.4475,12.500413,11.798083,1.9261726e-08,2.1888324e-09,-1.0944162e-09,-8.75533e-10,-2.4077158e-09,-4.377665e-10,-8.75533e-10,-1.0944162e-09,8.75533e-10,4.377665e-10,2.352995e-09,2.1888324e-10,-9.302538e-10,0.11660303,1150.7938924850976,729.4719449045618,0.0995794987473441,0.34711337,0.336547,0.39588225,0.3581883,0.42670763,0.3155299,0.38982663,0.480427,0.41074648,0.50440735,0.39471242,0.45283538,0.1984003857484086,0.0245373426863785,0.0359876064015284,0.07053352447696,0.0409012408177024,-0.0188444317213157,0.5044078,1,151.99908088,2.4069192751235584,1.6966366,1.3733745990314654,0.8405238557246746,0.562210558979903,1.3733745990314654,0.8382586,21.98077480409766,17.62612324947279,21.995220423746964,19.374866447033657,19.35797322493589,17.551786677452107,45.3053865415272,0.031392872,5979.20511914197,0.17970893,0.09044636,0.6652036,86.46699,74.63231,0.3435096981521864,0.6102978,0.31395006,1.0,0.3093490018594619,86.46699,74.63231,2993,8,25.291666666666668,0.0,0.3093490018594619,-0.9787216876525278
112.6096,38.367332,26.946623,20.962997,17.54532,16.849806,13.823134,12.389502,12.024536,10.539985,11.0380125,10.353019,9.757833,-0.00016362459,-0.00022764839,-0.0002166146,-0.0001989581,-0.0001756945,-0.00014814116,-0.00011784996,-8.644179e-05,-5.5548015e-05,-2.6671483e-05,-1.1045605e-06,2.0153335e-05,3.6448655e-05,0.086332664,1067.8743351889646,784.5491005221619,0.0553125789056721,0.39654574,0.3005944,0.3879086,0.27500793,0.36191317,0.4065562,0.29130086,0.3612526,0.3397594,0.46443978,0.35578504,0.29701298,0.1045849175569983,0.1637657694939151,-0.106595172545231,-0.0202386340963774,-0.0139544052400552,-0.0023653090887953,0.46444023,1,129.19921875,2.109473666660646,1.54643,1.466505135632166,1.130031018799886,0.7850043161122977,1.466505135632166,0.954469,21.84320622860412,16.363180419706364,19.15573102419862,17.939250737055275,17.823620335117354,19.18795002527981,46.38420381500898,0.015520931,4342.336378396981,0.15198423,0.055431258,0.73274904,61.10421,34.928215,0.4771341463414634,0.75224656,0.21669637,1.0,0.5449580036842476,61.10421,34.928215,4695,8,28.561626984126985,0.0,0.5449580036842476,1.7464346350823429e-15
82.807724,42.56983,31.089771,25.03543,21.814123,17.540005,16.980787,15.097272,14.091415,13.357337,13.695202,12.520597,11.73557,0.020051407,0.0033127884,-0.0034338885,0.0005550064,-0.00088708574,0.00016555941,-0.0013620696,-0.00021267465,-0.0020735334,0.0013023167,-0.00084216945,0.0008198111,-0.0019791203,0.12985913,1136.3506368775895,595.4464077053195,0.0938848423806505,0.42664763,0.30282062,0.3765306,0.2881586,0.28482774,0.36500338,0.27268025,0.3296018,0.25375265,0.33697477,0.42341867,0.3126434,-0.0060083699553428,0.2243951397856832,0.0042866494939992,-0.0956394441310424,-0.0121895578185515,-0.0122002211631634,0.4266484,0,95.703125,1.5032788735706275,1.7233945,1.7275062354830413,1.096790549288919,0.8203091742602967,1.7275062354830413,0.98005366,20.610840209727865,18.009309107718007,21.597743117182404,19.48133539306152,19.61697695763492,19.59889496326778,47.64925783243535,0.02794142,5241.109405718498,0.21056911,0.09176833,0.6964682,93.93271,67.24677,0.4407399665551839,0.64141095,0.27796388,1.0,0.3302258908763943,93.93271,67.24677,4217,8,27.77262471655329,0.0,0.3302258908763943,1.7464346350823429e-15
111.15401,38.867126,21.804333,18.305004,18.325956,13.508936,16.36272,13.160243,12.767923,12.725086,12.217766,12.5049515,12.717081,7.80989e-09,-8.677655e-10,-4.3388276e-10,-2.1694138e-09,0.0,7.5929485e-10,-5.4235344e-10,6.508242e-10,-1.0847069e-09,1.3016483e-09,1.6270604e-09,-7.5929485e-10,3.7964742e-10,0.12988713,897.8093860674774,668.1649042212329,0.0542891797789679,0.22394714,0.28116477,0.2582003,0.22217637,0.33051085,0.192513,0.24676572,0.1796479,0.3033613,0.5282528,0.2867852,0.3294338,0.2374126445281325,-0.1826925489878597,-0.1011492249131011,-0.0532759907085,-0.0197240496363505,0.0454573136750771,0.5282532,1,135.99917763,2.086854635321969,1.4142427,1.1798824725788728,1.1176504990137544,0.8771012338347629,1.1798824725788728,1.0600597,24.08536969305492,18.304523397793503,22.68271908886096,21.74078857281569,21.66725832087598,23.299799468480508,46.00909217599269,0.008426118,3836.2679839893513,0.20285179,0.06504207,0.7572067,79.382935,60.003708,0.4472756227960414,0.772249,0.16580562,1.0,0.529620411392274,79.382935,60.003708,3932,8,25.51687074829932,0.0,0.529620411392274,-0.9002290931292756
99.466225,37.965412,25.723642,21.011318,21.511984,17.822548,15.007703,16.932438,12.877094,11.947104,11.920367,10.414251,10.505714,-4.1799177e-09,-1.0449794e-09,-1.0449794e-09,-6.531121e-10,-2.0899589e-09,2.481826e-09,1.3062242e-09,1.828714e-09,5.224897e-10,5.224897e-10,-7.837345e-10,7.837345e-10,1.1756018e-09,0.12367063,1032.5941584808909,713.897781307513,0.0486957693600691,0.31526327,0.25959444,0.39609367,0.24941331,0.22814685,0.20752238,0.2744564,0.49351785,0.38064626,0.5166039,0.40994585,0.2521955,0.1812772247315683,0.2166056573496212,0.0554473379718009,-0.0669645260139032,0.0272979881633992,0.0051077289415074,0.51660466,1,135.99917763,2.2179917688075044,1.774171,1.5210164203579062,0.970949724196967,0.6742291071207834,1.5210164203579062,0.9499639,22.33999083301565,17.605692166630156,21.99866391099893,19.080980954919184,19.978475080947195,21.553283059124404,47.539271780138826,0.010429022,4569.225664586829,0.25624123,0.08725259,0.74598277,96.99185,57.41072,0.4515068493150685,0.697018,0.24742684,1.0,0.426064252877533,96.99185,57.41072,3296,8,21.19034013605442,0.0,0.426064252877533,-0.9047576195419468
92.828804,31.743427,24.51889,18.836237,18.731808,14.360363,14.977703,12.570085,12.125574,11.9525175,11.50174,9.961249,10.89485,-7.0398105e-09,2.3466036e-09,-5.866509e-10,-2.3466036e-09,-1.1733018e-09,1.6866213e-09,4.3998816e-10,1.3199645e-09,-2.9332545e-10,2.1999408e-10,1.6132898e-09,7.333136e-11,-5.133195e-10,0.11437163,925.3638517887692,605.7932568964878,0.0627190137084482,0.37326056,0.3029556,0.45739695,0.31580833,0.36898932,0.3391072,0.28697744,0.3847012,0.3395901,0.45140877,0.31243822,0.34597826,0.1760414184853226,0.0950130420641151,-0.022110052089204,-0.0120748296043827,-0.0157722937235658,-0.0052157627208185,0.45739695,0,107.66601562,1.7220366169324588,1.4718407,1.2508584460270329,1.5036004609094455,1.366187820983044,1.2508584460270329,0.9630301,19.27673030553764,16.326674037908443,19.95860986448123,19.98742816875615,19.86259843593464,19.231641750982867,47.25555073265794,0.015164639,4495.916735375216,0.12144593,0.07577932,0.6157696,66.586235,52.75204,0.3667333128268225,0.8101777,0.13775885,1.0,0.6433890316045303,66.586235,52.75204,4769,8,37.74600340136055,0.3142696805273545,0.6433890316045303,-1.0209016604730836
93.50992,38.576073,27.868637,20.53133,18.932827,18.335707,18.335173,13.202357,14.197125,13.01015,13.157702,11.317659,13.263998,-0.016720716,-0.015443797,-0.0017473093,0.0024655275,-0.0007408055,-0.0018493527,-0.00012832649,0.0005935543,0.00057095784,0.0013064512,0.0021069665,0.0023107273,0.0020929733,0.10764378,1101.3203928723276,658.7026366696024,0.0785513899434167,0.31001213,0.44769102,0.28894353,0.3990762,0.4502219,0.28087762,0.35847044,0.3075138,0.4688935,0.33284062,0.26388437,0.3252073,-0.0207827626333756,-0.2399490198599487,-0.119522969251138,0.0944714690017891,0.0355963926817997,-0.0073253627516571,0.46889237,0,135.99917763,2.1833111980474307,1.7722042,1.4407928390821176,0.8729470590062096,0.5933302759227197,1.4407928390821176,1.0371057,20.26498339833467,15.78088654711745,19.61629081803396,18.40923572292386,20.038945666655504,26.933043454854097,47.71372322089088,0.018719101,5608.990457359591,0.15925041,0.083014995,0.65733594,79.468,57.049896,0.398959988444316,0.6665691,0.25670937,1.0,0.3510213305406124,79.468,57.049896,2762,8,20.09562358276644,0.0,0.3510213305406124,-0.0425737316164159
113.581474,42.28555,29.342045,21.504412,19.764572,16.913729,16.546509,13.187246,15.565892,11.153703,13.052574,12.274677,10.179032,-0.0024644998,-0.0033823822,-0.0031144954,-0.002758221,-0.00235068,-0.0018856729,-0.0013782245,-0.00090015476,-0.0005338254,-0.00030508984,-0.00017862856,-0.000109425106,-7.6793025e-05,0.15676439,955.209510788166,938.3059645742468,0.0405327913965669,0.3821667,0.61450475,0.36692765,0.34556857,0.32756656,0.3108704,0.3944452,0.34129593,0.37899148,0.29474327,0.30636626,0.3159027,-0.0849536921833611,-0.075439587044745,-0.1584933469462655,0.0716846616671089,0.062758706544382,0.0122843696139116,0.61450386,1,143.5546875,2.091443292025862,1.4018128,1.7790903744698878,1.0165279326575574,0.7113636295005838,1.7790903744698878,0.99392146,23.70582431283282,17.762873696682888,20.935253167546456,19.896626155573227,18.70976676624789,20.03945414105828,42.92319334149068,0.047358513,3035.5629296837587,0.20504439,0.058671866,0.777516,67.14651,57.60472,0.3636973180076628,0.82862073,0.12221821,1.0,0.6810829196168902,67.14651,57.60472,3797,8,30.30204081632653,0.4,0.6810829196168902,-0.0008747600241619
98.39976,32.786972,23.61924,18.975454,18.612593,18.27461,15.90127,14.323951,12.560124,11.701657,11.468788,10.606304,10.350248,-7.397304e-09,-9.24663e-10,1.6181603e-09,0.0,3.4674863e-09,-1.3869945e-09,3.4674863e-09,4.623315e-10,8.0908014e-10,9.24663e-10,-1.444786e-09,1.0402459e-09,-5.2012294e-10,0.11088542,978.706025184075,500.5837706028097,0.070392265741683,0.413734,0.32427287,0.41799793,0.31578535,0.37810647,0.33800402,0.28119573,0.42364827,0.38317564,0.55146146,0.48865792,0.37633514,0.1060859741370445,0.1027748936130077,-0.0313901431372509,0.0026750185855589,0.0186876914572145,0.0029279544984721,0.55146104,1,172.265625,2.834502228298503,1.7427901,1.4309777804251065,0.6817936236137158,0.4855484265723814,1.4309777804251065,0.79296523,20.901291809766125,16.026295255242466,20.73178866169126,19.05064344625425,19.523382128443565,19.11408682309225,47.76622329554392,0.02567504,5630.9104341519205,0.18303743,0.10666284,0.63181436,98.19897,59.889874,0.4326060606060606,0.6347645,0.26798397,1.0,0.3196075541707787,98.19897,59.889874,3569,8,23.946003401360542,0.0,0.3196075541707787,-0.9240946847993492
95.21483,42.384094,31.625696,23.893736,22.786818,19.256521,18.10188,15.996614,14.161543,14.14469,13.09117,12.0283785,11.706413,-0.020881696,-0.007063362,0.00055974297,-0.0008839483,-8.017128e-05,-0.0011207114,-0.0012135063,-0.000499519,-0.0010251504,-0.0014901594,-0.0012667441,-0.0018576984,-0.0010413633,0.10766119,1172.9547156114647,709.1106018918873,0.0793337787082164,0.31667358,0.29963195,0.4225045,0.29311466,0.37347156,0.39215213,0.28819844,0.39401612,0.37793007,0.57956654,0.40887073,0.30004314,0.152942597420911,0.1336852317977524,-0.0857332714058396,-0.0875678423676338,-0.018654803301426,0.0091091739937401,0.5795667,1,151.99908088,2.3136885343730107,1.7254843,1.4802034412714935,1.0539662890834696,0.7030397364266546,1.4802034412714935,0.935429,20.7941620089908,16.459562177905056,20.04267849477218,19.2307845989543,20.2697239549326,19.03032743586601,46.67623437186208,0.023128388,5353.441826534854,0.1507857,0.095695555,0.6117507,83.32931,55.16746,0.4300445576066199,0.6043394,0.27719402,1.0,0.2768291894114426,83.32931,55.16746,3378,8,22.799092970521546,0.0,0.2768291894114426,-0.0695188323727738
101.0803,35.812298,24.100815,17.647726,13.926013,12.827643,12.3606205,12.229561,11.39346,10.630608,12.158879,8.854423,9.717371,0.00020893838,0.00024660502,0.00018376634,0.00019984535,0.00020688419,6.990947e-05,-0.00014203426,-0.00021979258,-0.00011795116,-2.9187244e-05,-0.00011932495,-0.00031897394,-0.00043611135,0.11347081,848.8486427726068,656.5071220010561,0.0487801737433171,0.25238362,0.27944422,0.20458734,0.3267627,0.2515675,0.2701508,0.3781485,0.2722989,0.32281193,0.2710701,0.42183113,0.5044154,-0.063097319633438,-0.2471300797544539,0.1015323771826268,-0.0385007738756909,-0.0235461998313792,-0.008115821688004,0.50441605,1,123.046875,1.8376477275686791,1.1632144,1.5059298964572818,1.6867128742157338,1.3944299758571308,1.5059298964572818,1.2127337,19.599131015557063,17.900577570829956,20.72321317678805,20.22130605065157,20.51628852460711,20.45161601622459,47.92014692057304,0.0060273977,3207.769437839674,0.15058194,0.04942486,0.75288033,60.834953,55.2314,0.3886827458256029,0.8285306,0.14444642,1.0,0.6831616618357488,60.834953,55.2314,3352,8,25.03200113378685,0.4,0.6831616618357488,-0.1110882582298933
99.77029,32.733788,27.945948,26.315292,18.154121,15.855726,19.103432,14.460747,13.242532,14.860134,13.512055,11.414843,11.201261,-7.475218e-09,-4.6720112e-09,-4.438411e-09,-4.672011e-10,-8.17602e-10,1.635204e-09,1.8688044e-09,3.0368075e-09,0.0,7.008017e-10,1.8688044e-09,-7.008017e-10,-9.344022e-10,0.10852568,917.3623242073533,501.4884206514984,0.0714112478824932,0.29290187,0.36407995,0.28262183,0.41844308,0.2892529,0.31500712,0.34810057,0.32545167,0.42199394,0.30879307,0.39883754,0.43649125,-0.0653899067114671,-0.0894012037694904,0.0896854347225149,0.0164196265636114,-0.0158894962950657,-0.0141896134941156,0.43649077,1,103.359375,1.6827760403907397,2.0326996,1.2833614201216117,1.1517825447335197,0.771773970735083,1.2833614201216117,0.7962539,20.45934033599588,18.48267047277543,21.53190038483995,20.856713372994843,20.975685637747738,20.87593436765944,47.076475338616,0.01918686,5209.819380788809,0.09799947,0.10396238,0.48523512,79.335594,54.943104,0.4189122978931896,0.68140906,0.2202168,1.0,0.363757348532206,79.335594,54.943104,3420,8,23.695963718820863,0.4,0.363757348532206,-0.8303428276443785
76.72593,34.479465,24.78731,19.384035,15.476801,15.18825,14.798319,12.994843,12.20695,12.350522,11.738986,10.791667,10.315512,0.005410627,-0.0024282606,-0.0004878825,0.0026739547,0.00033070226,-0.0015182602,-0.0005940934,0.0004949649,-0.0011110043,-0.0004062517,-0.00091478054,0.00047626466,-0.00032457444,0.01016663,945.7894555548404,568.7143482563522,0.0614315247604908,0.3496497,0.29509738,0.3689958,0.32251015,0.4249231,0.29420057,0.3722663,0.3799208,0.31704533,0.39671758,0.37847447,0.5061748,0.1286843785705387,-0.0842788235647413,0.0303829660920666,0.0279181004854859,0.0096169138891356,0.0154803758205875,0.50617445,1,129.19921875,2.126386088709677,1.9634298,1.8021735837976407,1.6307634570375669,1.339380049622502,1.8021735837976407,0.9438639,21.234909055487737,16.53880070050784,19.89923822948777,18.85014431843513,18.57779742993222,19.73996320970464,45.70424523509888,0.018521389,4766.663378674837,0.018124923,0.010148067,0.6410458,9.720927,5.3750606,0.4146148782093483,0.9657332,0.022664646,1.0,0.9999153887983504,9.720927,5.3750606,3149,8,22.044444444444444,0.0,0.9999153887983504,-0.2856489988778844
113.18817,32.990864,25.884672,17.56743,18.47039,14.349291,13.828748,12.541652,12.04518,11.497271,11.418723,10.765747,10.778226,-1.4100764e-08,0.0,3.525191e-09,1.3219467e-09,2.2032444e-10,2.4235687e-09,4.4064888e-10,-1.7625955e-09,-5.5081106e-10,-3.3048667e-10,1.1016221e-09,-1.9829198e-09,-1.7625955e-09,0.106201455,1064.3744510766078,654.523878101576,0.0831310991811276,0.3934307,0.28920335,0.39877346,0.4871217,0.3224213,0.38378856,0.30974382,0.44030556,0.3710295,0.34481993,0.42241013,0.3205205,-0.0987196591690898,0.1557475123106627,0.0005034838369665,0.1154433861050225,-0.0330844287649172,0.0124701884555568,0.48712087,1,123.046875,1.9601963513096403,1.7156267,1.5067746228233456,1.484311073573865,1.4792274591075452,1.5067746228233456,0.76466554,22.74226707285248,15.582398557221,19.56808378660904,18.993462659186395,19.134457469706025,19.45150394262353,45.76772074231312,0.05345153,5588.480592498304,0.1476813,0.08254905,0.64144737,72.14056,53.6968,0.3966035120147874,0.6402663,0.2973175,1.0,0.3748296136474486,72.14056,53.6968,3433,8,25.125034013605443,0.4,0.3748296136474486,1.7464346350823429e-15
96.56012,36.119503,23.384918,17.986176,18.37376,12.062259,12.680771,10.3041725,10.161283,9.569601,10.838672,9.00377,8.827013,3.7971355e-09,9.492839e-10,3.7971355e-09,-2.3732096e-09,-4.7464194e-10,2.3732096e-09,9.492839e-10,2.3732097e-10,1.0679444e-09,1.3052653e-09,2.669861e-09,-6.5263267e-10,1.0679444e-09,0.10229752,1156.119942599904,475.3828695710598,0.0741220028983724,0.46428096,0.3072466,0.27752128,0.33545166,0.31732693,0.4254909,0.2843718,0.3597395,0.39939722,0.34020185,0.4671885,0.37581342,-0.1100879273494893,0.1395661111383199,-0.0360828080550093,0.023756553080508,-0.0004064445940779,-0.004784571916844,0.46718824,0,99.38401442,1.6184351554126477,2.133697,1.533237437629061,0.8786131086404436,0.7736513685085444,1.533237437629061,0.7718949,19.756946700367564,15.976388932260592,20.61259379746222,18.53651030783492,18.35172832375799,16.21658861667868,46.53505686257927,0.048581958,5900.093637361772,0.113580205,0.11169338,0.5041856,93.9089,71.37894,0.3774265803882529,0.6218026,0.3312986,1.0,0.3905634802854144,93.9089,71.37894,3033,8,23.325,0.3142696805273545,0.3905634802854144,-1.0187033127100242
90.40126,35.71277,22.467463,18.178234,16.229113,15.818716,15.55249,12.614248,11.707278,10.866524,11.509249,9.9268265,10.158961,-0.049964905,0.0009973958,0.004973292,0.0009431336,0.00028105726,-0.0020163576,-0.0001492599,-0.0014928534,0.002353254,0.00056944945,0.00028403502,-2.9390299e-06,0.00025985675,0.10596834,880.726029710948,518.7641798349919,0.0448862842993462,0.28831065,0.39472586,0.3097574,0.39536926,0.26964775,0.22558986,0.273913,0.30762357,0.46156415,0.3239579,0.3885789,0.37981227,-0.1420635682531644,-0.0937274309312548,-0.0180972660714937,0.1109234874546007,0.0118837967088786,0.0001761417193183,0.46156415,0,99.38401442,1.6048788316482103,1.9279612,1.2125491973242004,0.953660080769981,0.7894458363231046,1.2125491973242004,0.80670524,24.498996082652127,17.633080563932964,21.670184746596515,19.187139671591343,18.77724916588905,17.63087578831728,46.68261229118615,0.013854976,4968.165741052089,0.20969605,0.11012728,0.6556601,100.59549,73.32662,0.3765023758501817,0.6697711,0.2575687,1.0,0.3858501822394263,100.59549,73.32662,4041,8,31.155,0.3142696805273545,0.3858501822394263,-0.6590400238847124
103.4314,33.15622,32.8168,20.6338,20.133152,14.474083,16.330553,13.706932,13.351639,14.136924,12.30299,11.816896,11.162976,0.00036246097,0.00047544934,0.00036993486,0.0002128878,2.9187737e-05,-0.0001524342,-0.00030406413,-0.00040310682,-0.00043567366,-0.00039841834,-0.0002985345,-0.00015204634,1.923775e-05,0.11515065,920.556133263101,666.6673995936042,0.0537747072605947,0.38194373,0.3117318,0.2491252,0.24322003,0.27568275,0.50008637,0.30820364,0.41769886,0.4147245,0.25641224,0.30613944,0.26718673,-0.1395632494776447,0.1374257921143568,-0.0754266188229222,0.0637357335199693,-0.0176721200315059,-0.042685252012136,0.5000866,1,117.45383523,1.83184715310648,1.6297768,1.712187925025427,1.608522995913127,1.4591955123320095,1.712187925025427,0.872217,20.4389734463153,16.43565557800624,20.67483020362529,20.79742653731608,19.177961420232563,18.370992605026785,48.25620440002358,0.015871895,4946.590018744293,0.15768021,0.106068045,0.5978413,95.541534,64.95862,0.4128667373630258,0.67658633,0.25923458,1.0,0.397008311784181,95.541534,64.95862,3504,8,24.633605442176872,0.3142696805273545,0.397008311784181,-0.00964990279134
104.98794,41.67095,35.60302,23.365934,23.219748,18.071447,17.285328,15.406573,14.5260105,12.320923,13.784971,13.187441,11.843015,-3.1370866e-09,5.596274e-09,5.5530036e-10,1.4423386e-10,-1.3702217e-09,-5.7648475e-10,1.2981047e-09,2.3798588e-10,-3.317379e-10,-6.0578226e-10,-7.968921e-10,-1.3702217e-09,-2.8846772e-11,0.09178518,1225.381241075925,707.8124352617158,0.0706316529832759,0.30112883,0.33416462,0.3442318,0.47451535,0.4024626,0.3780836,0.37610844,0.28118682,0.31991544,0.3232518,0.4986167,0.37977555,-0.1121687457289666,-0.0327080975152639,0.1082557415420097,-0.0476626213439402,0.0181329835408206,0.0264250204143866,0.49861574,0,129.19921875,2.042840180300097,1.8632616,1.4305429312162103,0.6999815543815552,0.4850577651957449,1.4305429312162103,0.81785756,22.833628671718493,16.62610826050557,19.158430441603503,18.930929372006187,19.771340704096428,18.31096444407749,47.05171097200274,0.04815727,5559.708909936479,0.116118476,0.07291787,0.6142621,64.72652,46.286446,0.409486931268151,0.60674447,0.32304102,1.0,0.3132722077844129,64.72652,46.286446,3384,8,23.98621315192744,0.4,0.3132722077844129,1.7464346350823429e-15
109.837585,42.43985,27.328493,22.558777,22.5794,20.299181,15.716935,13.437082,14.042594,12.889299,14.116055,12.56461,12.01634,-1.9302705e-08,1.6085588e-09,4.4235366e-09,-2.0106985e-09,-1.2064191e-09,1.2064191e-09,-1.5080239e-09,4.5240717e-10,6.0320954e-10,-1.2064191e-09,4.5240717e-10,-2.6139082e-09,-2.0106985e-09,0.15751621,1003.4045053371982,616.3775854985378,0.0734273793085564,0.33772266,0.40118778,0.3485976,0.4869765,0.35043183,0.4027995,0.36174342,0.31593305,0.4067843,0.33526558,0.34768346,0.2408844,-0.2001224212941449,-0.0200933529537911,-0.0161916762402647,-0.0158873119201726,-0.0227889580740035,0.0469297924915581,0.4869761,1,99.38401442,1.5890851317226486,1.8970897,1.7372414295144998,0.8823012386328151,1.0898276188082463,1.7372414295144998,0.8952981,23.81101814886164,16.75919470819942,19.7179855496052,18.00354100111755,19.88194772489668,23.043421419281906,44.97953345220302,0.01864075,5049.633742736006,0.23633014,0.11422863,0.67415076,106.22517,74.30622,0.4106483921982077,0.5545324,0.32388088,1.0,0.2491513287511064,106.22517,74.30622,3895,8,27.53156462585034,0.0,0.2491513287511064,1.7464346350823429e-15
98.93504,36.436962,28.520119,19.310713,21.925873,16.048035,16.785995,15.203985,11.649271,13.8065605,12.312657,10.373872,9.986196,-0.011853706,-0.01547467,-0.012202906,-0.008314811,-0.005064243,-0.002982042,-0.0019196371,-0.001488768,-0.0013916142,-0.0014341634,-0.0014195644,-0.0011732227,-0.00068465376,0.11959353,967.9231872589844,668.6073914650503,0.0517108106745486,0.31209835,0.32007444,0.33220065,0.42218116,0.35064188,0.33513385,0.34170237,0.36818555,0.5654297,0.42477295,0.45553243,0.40053716,-0.1314046766920172,-0.0644609550673368,0.0501311720657668,0.1325349973096831,-0.0412552935582432,-0.024090201104008,0.56542945,0,143.5546875,2.3444347063978968,1.7139276,1.8011592455020768,0.8918225870013267,0.6037160036555106,1.8011592455020768,0.96517307,23.571299130174594,15.43553069850264,20.31248083588401,20.414080349590616,21.00333069206684,19.362899739288515,46.93195423405834,0.022407852,4586.880352277876,0.21655205,0.10585868,0.67166305,108.133545,78.78404,0.3992622742304757,0.655024,0.25009555,1.0,0.3377649412667836,108.133545,78.78404,3139,8,22.82,0.3142696805273545,0.3377649412667836,-0.0016777107770529
90.42427,48.47171,34.058376,25.235527,22.535362,17.222172,18.600414,14.633072,11.750046,11.97742,11.74165,10.795905,10.717862,-0.01033033,-0.010929009,-0.00425499,-0.001024008,-0.001146961,-0.0008064902,0.00063564884,0.0012659311,0.00085785426,0.0007005869,0.0012012136,0.0017146013,0.0014959422,0.1461337,1262.3315774408152,733.3154147088641,0.0819415872309562,0.32149294,0.29703894,0.32213268,0.3512621,0.48617166,0.37095112,0.39406735,0.43430048,0.36253238,0.44756863,0.38689327,0.40633848,0.1438111399702744,-0.0666048925282507,0.0161122097949259,0.081877094112438,0.0412767452564303,0.002631170408052,0.48617208,0,112.34714674,1.8533333333333333,1.657112,1.5659585466092678,1.3254251325939557,1.0139102787004566,1.5659585466092678,0.9360873,23.544488674106333,17.755939674727635,19.980140720034097,19.26804238870928,19.649042643218703,20.24016841682776,46.42644642151116,0.019471128,4520.438221084075,0.1983342,0.082512304,0.7061989,82.6266,69.49482,0.3294457632366601,0.7025744,0.24727851,1.0,0.4451365711674925,82.6266,69.49482,3192,8,28.125,0.3142696805273545,0.4451365711674925,-0.0064184932651536
61.634968,31.71189,25.990519,19.02082,16.295158,14.032011,14.39701,10.097865,12.522202,11.251916,10.331021,10.538217,9.23472,0.0058357143,0.005316733,0.001893843,0.0010710488,-0.00037115283,-0.0015152106,-0.0015947388,-0.001244866,-0.00028266927,-0.00012965102,-0.0007621216,-0.00086413155,-0.00085126667,0.049375474,788.3327521264855,553.3919747778697,0.0393885167186397,0.37409654,0.41926923,0.34817985,0.4513263,0.39816225,0.3589485,0.40300018,0.32963604,0.39643848,0.32016197,0.41792256,0.5130631,-0.0417619182674771,-0.140096288467812,0.0298126319590619,0.0386002012650453,-0.0070067963743391,-0.0137635581896009,0.51306313,1,135.99917763,1.974228333898828,1.5194789,1.36820505498211,0.954749647407346,0.6293672174521294,1.36820505498211,0.94952416,19.095011671967764,15.40972774902151,19.260344114654327,18.998866017325323,19.534670962700787,18.75085914281712,47.80596881707502,0.007467607,4161.968942287749,0.08701699,0.034145016,0.7181812,36.10587,21.853212,0.4159660146915656,0.907787,0.06846051,1.0,0.9286211762863184,36.10587,21.853212,4700,8,32.79762471655329,0.4,0.9286211762863184,-0.1954120544612488
109.71205,36.929974,28.05483,18.620678,15.437936,15.920021,14.951081,12.846634,11.812411,12.331897,12.262357,9.520486,9.701599,3.544434e-09,-8.861085e-10,1.3291628e-09,-1.5506899e-09,-2.2152713e-09,-1.3291628e-09,-1.1076356e-09,4.9843607e-10,-4.4305426e-10,4.4305426e-10,1.6614535e-09,-2.4921804e-10,1.8552898e-09,0.106909506,1001.5932690198944,602.7946206232584,0.0789494744949319,0.40714702,0.33924767,0.43934813,0.3264017,0.33669126,0.46430746,0.33068842,0.42184737,0.31887838,0.373776,0.30935752,0.28214458,0.1155465823974016,0.2230034923927312,-0.0484064713888453,-0.0271292617805222,-0.0164527064626133,-0.0093543830149212,0.4643074,1,143.5546875,2.360989366972827,1.615079,1.4206015001961012,1.3705406917873018,0.974584736353384,1.4206015001961012,0.77411246,25.350833322672976,17.49136107263938,20.355699353569324,18.840556599949544,18.926654077437504,19.66697204809228,44.730432049453775,0.029375516,4950.7747594321645,0.107262254,0.08521241,0.55727696,74.780685,71.70274,0.3547450342664653,0.72033936,0.25539258,1.0,0.5147246064795142,74.780685,71.70274,3054,8,24.98952380952381,0.0,0.5147246064795142,-0.9956646147259844
91.342995,34.64405,20.084366,13.071442,10.744427,9.728868,7.8429685,9.664055,7.755792,7.5726357,7.639364,6.855346,8.392034,4.204392e-09,3.1532938e-09,-9.197107e-10,5.25549e-10,-2.627745e-10,-1.3138725e-10,1.1824852e-09,-8.540171e-10,-2.956213e-10,-3.284681e-10,1.0182512e-09,-3.9416173e-10,2.627745e-10,0.08565155,822.6257091181415,580.7594070031082,0.0339118549669564,0.31513596,0.33597422,0.27431026,0.37998956,0.30311486,0.4060728,0.4641407,0.39958978,0.4372492,0.40477705,0.50113326,0.29273033,-0.1987548059020624,-0.04295345762442,-0.0242930686705911,-0.0249409603729871,-0.0072396501165461,0.0170736087570085,0.5011327,0,112.34714674,1.7741603015637917,1.465423,1.141206676834397,0.8151763971158947,0.563023411653531,1.141206676834397,0.748927,18.82864795325652,16.957191714060336,20.16396911539508,20.50509686816719,20.054571587615285,19.188964485915854,45.96810800800425,0.013251229,4096.241339289174,0.1641288,0.07390728,0.6895094,67.9259,52.07802,0.3669743731055387,0.82240134,0.17081724,1.0,0.6979778274220633,67.9259,52.07802,5327,8,42.132607709750566,0.4865042554105199,0.6979778274220633,1.7464346350823429e-15
81.091354,32.59705,21.375269,17.804806,13.703142,11.877891,11.922801,9.272886,9.319499,8.683854,8.783934,7.394486,7.9695935,1.9250348e-09,9.625174e-10,-1.2031467e-10,-1.2031468e-09,-8.4220275e-10,-4.812587e-10,-8.121241e-10,9.023601e-11,-9.925961e-10,7.218881e-10,1.8648776e-09,-3.3086536e-10,1.1129108e-09,0.093080446,845.7741867152563,541.6916405668815,0.0515775022881964,0.40682125,0.42559096,0.43078306,0.36775097,0.40834233,0.36440897,0.5002139,0.37431875,0.42003775,0.50830764,0.42724708,0.4950087,0.0483189349740373,-0.0781616191321474,0.0074202086216655,-0.0371044818361723,-0.0179255205818356,0.0007585405327633,0.50830907,1,117.45383523,1.8908793054504165,1.8256886,1.279393913304977,0.7394626376152568,0.5394129272568624,1.279393913304977,0.78696203,16.24801070043997,15.02121989704424,18.791528348038693,18.02337015730197,18.284060004503463,17.876227555316657,46.1246658844727,0.014489752,4936.011749365755,0.120799944,0.095268905,0.5590782,83.7004,57.530304,0.371814282109513,0.8047091,0.1632802,1.0,0.6420158207059816,83.7004,57.530304,5894,8,46.01034013605442,0.4453617714151233,0.6420158207059816,-0.9968894751953424
108.72241,42.297237,27.169071,20.235903,17.057695,16.831928,14.830644,15.2801485,16.570446,14.044125,12.9374485,13.442542,11.982879,-0.012118741,-0.012771913,-0.004307132,0.0013285718,0.0033444727,0.004064544,0.0038211523,0.0027297128,0.0021205228,0.002059948,0.0015619247,0.0009629375,0.0007541302,0.1227352,1333.9077630037411,899.6343542730731,0.0819180754129379,0.3578733,0.40837857,0.32099745,0.36910847,0.26989567,0.3184921,0.37590247,0.35614252,0.512876,0.447894,0.5768069,0.42533648,-0.1975144887415311,-0.0697795064992406,0.0183708283747896,-0.1023057386775688,0.034545897343751,-0.0147792424883439,0.57680655,0,129.19921875,1.9282230638527005,1.691318,1.586676828094891,1.2086849842271978,0.836142541095997,1.586676828094891,0.8402816,25.95515838798876,16.45697001678867,19.85839486948844,19.56943185786523,19.79243591912592,19.15328615778657,47.14530837248323,0.019813541,5488.198603664806,0.15833876,0.058102813,0.7315509,58.07979,54.11295,0.3678458103184863,0.7132641,0.2492559,1.0,0.456104037415027,58.07979,54.11295,3130,8,24.69890589569161,0.4,0.456104037415027,-0.0155653501928709
110.24958,38.377415,27.219013,21.966545,17.851461,15.112026,14.058191,14.9172125,12.760915,13.074693,11.270299,11.3056555,10.352397,-4.821483e-09,-2.4107416e-09,1.8080563e-09,3.691448e-09,0.0,1.5820492e-09,1.0546994e-09,7.5335677e-10,-6.026854e-10,-9.793638e-10,-6.780211e-10,3.013427e-10,1.0546994e-09,0.08957722,949.5641464677526,814.5920598933627,0.0508208222406894,0.4444784,0.39145884,0.39552513,0.33452716,0.48093745,0.43435535,0.38154685,0.49176618,0.49560022,0.6367361,0.46018592,0.4253636,0.0774205500954891,0.2171146822535376,-0.1211686187094138,-0.1181097689591761,-0.0050791455263511,-0.0463491540436161,0.6367366,1,117.45383523,1.6977513603057357,1.351389,1.0602936878852052,1.2862900843768754,0.9178178680309032,1.0602936878852052,0.8977762,22.47035084711041,15.681672030424572,19.53150386070772,20.81741316933197,19.650193362151,20.26011377603156,46.78653818568405,0.015305049,4352.79863379994,0.12651137,0.04551122,0.73543036,44.24873,43.238064,0.3480012640227524,0.8346893,0.18960033,1.0,0.7610613737394945,44.24873,43.238064,4405,8,36.73977324263039,0.3142696805273545,0.7610613737394945,1.7464346350823429e-15
126.43426,40.01218,24.391874,21.509964,19.619928,18.574183,14.524135,16.135075,14.081194,14.482657,11.821734,12.622578,12.0364895,-0.010096467,-0.010450178,-0.0033512656,0.0009123506,0.0025043488,0.0039618458,0.0049773213,0.004661309,0.0036573717,0.0024085725,0.0008330028,-0.00060780684,-0.0015322651,0.106011204,1313.4746183240495,893.6318019009994,0.0746923768893931,0.24095592,0.22090976,0.36114344,0.24446161,0.3494541,0.34840322,0.18748733,0.18960603,0.3115522,0.55779105,0.35787097,0.25506833,0.2024088435977424,0.1238855776431364,-0.1756540392256881,-0.0211635288131206,-0.0297194171122206,0.0123511611407857,0.5577907,1,129.19921875,1.9423718959487672,1.8133155,1.624649190607549,0.9562245924570288,0.6320623464696801,1.624649190607549,0.8162935,24.49472303641511,17.780005634423766,21.762385376778823,20.44089072451624,17.898201663511,18.10775919734436,46.01816904949256,0.02692877,5386.232161495032,0.13417853,0.08130922,0.6226707,81.9282,66.16928,0.4299943619620372,0.6430398,0.30258277,1.0,0.3465784323818893,81.9282,66.16928,2288,8,15.445034013605442,0.4453617714151233,0.3465784323818893,-0.0124054678417508
104.7043,37.34449,34.00427,27.214712,23.887627,19.737286,20.054855,18.974554,14.322655,12.6392565,11.129107,11.471168,8.760576,0.0061283135,0.0029558963,-0.004347742,-0.0040784064,-0.0022397954,-0.002672768,-0.0026215974,-0.0018476,-0.0008977616,0.0003950164,0.0008951905,0.00039347552,-0.00016686619,0.11948081,1117.650321311677,729.0563541198857,0.0678964988927861,0.26198575,0.36513114,0.48933968,0.30270514,0.38159463,0.32753533,0.5149311,0.4229508,0.33212277,0.39002636,0.3231135,0.31286773,0.1422806603765136,-0.0890335697929642,0.007056882001615,-0.0779318278396583,0.029351974791584,-0.0031009372374641,0.5149314,0,129.19921875,2.160672853828306,1.5424676,1.3468297411770302,0.9608314335011564,0.6334626350561385,1.3468297411770302,0.8489668,20.87219511417399,16.667382195257517,21.15197328712228,20.17770514234217,19.401573787011607,19.932399927420946,49.387491674192994,0.01595362,5817.244367503156,0.17184891,0.08136157,0.6786773,77.99292,69.474594,0.4086878437535077,0.6372281,0.27032727,1.0,0.3283076682777394,77.99292,69.474594,3641,8,25.86,0.4,0.3283076682777394,-0.0430014102594453
104.9257,36.53856,20.990696,18.956964,13.873923,13.349762,11.20272,11.890071,11.884434,9.316475,9.319471,9.842192,9.376636,0.0043530706,0.0031285633,5.4347485e-05,0.00047396726,0.00022326427,0.00034181893,-0.00032298293,2.6558564e-05,0.00034325029,0.0012445638,-8.953949e-06,-0.00038321232,-0.00013941077,0.113371015,1113.8001048942883,432.3022848395797,0.0838086825165361,0.38027963,0.40755272,0.5107319,0.32816398,0.33428672,0.32016864,0.4665957,0.41433036,0.4155011,0.4902086,0.42348254,0.5152385,0.1999368320014888,-0.0572553679957148,0.0901754997519923,-0.1043969751234659,-0.0266896801591589,-0.0181778695822215,0.51523817,1,151.99908088,2.54798018882526,1.5651869,1.4817478877722885,0.8787529682112548,0.5846398525754187,1.4817478877722885,0.76550704,20.92360104450951,16.210519950558226,18.56707849042302,19.40383517702043,18.03422071109025,18.10382750413424,48.29667864150894,0.030152513,6348.548881552351,0.16941486,0.08172289,0.67458665,75.875275,57.11261,0.3985175202156334,0.6286423,0.2738218,1.0,0.3281064430707127,75.875275,57.11261,2957,8,21.536666666666665,0.3142696805273545,0.3281064430707127,-0.8138876682970709
124.95279,40.320717,30.925694,20.444424,22.946619,16.718288,13.532866,16.425901,13.244944,12.813481,12.809601,10.968619,10.478319,3.1732536e-06,5.164543e-06,6.877324e-06,8.676714e-06,9.464447e-06,8.425377e-06,5.3951376e-06,9.456684e-07,-3.7982002e-06,-7.5988264e-06,-9.574104e-06,-9.521338e-06,-7.977045e-06,0.17307754,1423.4367447355926,1021.0168190957572,0.0831196222911588,0.29221484,0.34677118,0.5639337,0.4878487,0.36006835,0.3623171,0.3742348,0.4884256,0.45333305,0.55018765,0.5581005,0.3718048,0.0625221445316467,0.1550628052394774,0.0822590390838695,-0.1701154034267059,-0.0145271396387558,-0.0224314215743333,0.5639325,0,161.49902344,2.279035792549306,1.7585095,1.3021944411690776,0.7400619945781186,0.5054730217909315,1.3021944411690776,0.67544466,25.80300101825908,16.286087285005078,19.571641145949407,20.37838636722523,18.907842075115123,19.413260581039964,45.21830204671818,0.017170202,4036.997648523952,0.14243007,0.05149982,0.7344373,46.123116,54.636177,0.345884747487597,0.7815149,0.24896082,1.0,0.6525036205503987,46.123116,54.636177,2719,8,22.816666666666663,0.3142696805273545,0.6525036205503987,-0.8976591451205108
89.405304,42.02859,28.726065,16.30006,13.075373,11.794757,9.271885,10.186893,10.228257,10.027634,9.390321,8.730193,6.890416,0.004778837,0.0051213372,0.0020317128,0.0014163541,0.0012066173,0.0007714503,0.0006451676,0.0010293085,0.0008233845,0.0012397334,0.0010106604,0.0007270734,0.0006646945,0.105704084,1315.955771131566,702.828874913857,0.0568614468043518,0.535729,0.574121,0.6508503,0.6389291,0.65545213,0.59071225,0.519523,0.49103567,0.60578734,0.64431125,0.5669445,0.54393476,0.2162786361980747,0.1299475669801066,-0.038660535420484,-0.2953233110277019,-0.0866752245471711,-0.0228603962632978,0.6554532,0,151.99908088,2.4172426336849764,1.77174,1.2376088061512531,0.8821403726156377,0.586125698543888,1.2376088061512531,0.7484147,21.29828836735089,14.344060199357935,16.846216726785162,16.75395654857555,17.23401591466937,18.2099945245939,47.72655675894388,0.013684012,5586.94819207882,0.28330088,0.088433705,0.76210314,81.80811,66.98369,0.3418651799290421,0.73583865,0.22517125,1.0,0.4919109798226305,81.80811,66.98369,2698,8,22.90833333333333,0.3142696805273545,0.4919109798226305,-0.8714507987546791
121.60431,53.01701,30.366783,19.873674,18.622541,15.715504,13.641099,15.955496,13.333753,12.462061,13.059404,11.6536455,10.749669,0.0063928175,0.0009413126,-0.004087183,0.0010924061,0.0018095528,0.00022050193,-0.000114875314,0.00022030648,0.0009775712,9.879263e-05,-0.00053875137,0.0014495058,0.0006247337,0.11389581,1308.137785194552,933.8645524072348,0.0715995013581141,0.32160264,0.36560923,0.39513713,0.4524088,0.40191618,0.37214518,0.33617824,0.34316704,0.37974882,0.35534525,0.38242185,0.35510772,-0.0883549509704775,-0.0263378693485495,0.0314756333796709,0.0308165780319825,-0.0092332980959965,-0.0145512462651343,0.45240954,1,103.359375,1.707641617032062,1.3002623,0.9395791813684564,1.6150281986797783,1.3599039422657733,0.9395791813684564,0.71096885,23.270244264789547,16.652540868775404,20.50082166147922,20.52992919684408,19.84885602939562,19.11488642440304,46.06113453976764,0.011183846,3598.831217615538,0.14725496,0.056181572,0.7238338,54.319756,48.339928,0.4105054071948797,0.74215055,0.24274133,1.0,0.5292246129149094,54.319756,48.339928,5580,8,39.455,0.3142696805273545,0.5292246129149094,-0.9045640395330684
109.8841,42.098614,27.020987,18.810877,18.2307,14.207296,13.611747,12.883824,13.875607,13.148226,10.375003,9.344702,10.036781,-0.007857769,-0.0003350227,0.0011034685,0.00075431936,-0.00027606738,0.00046805738,0.0006535804,0.0009781274,0.00048201362,0.0015229107,0.00015223905,-4.1057927e-05,0.000259664,0.13061841,1174.4913658231733,653.0036934109684,0.0861519962365772,0.34159738,0.33517155,0.37978643,0.45401013,0.37085003,0.40844446,0.4582037,0.4582252,0.43396473,0.43351644,0.590888,0.4083441,-0.1604717064427974,-0.0295526710511882,0.088220898311222,-0.0164735716062047,0.0043779393028115,0.0093239522550825,0.5908878,0,135.99917763,2.2879534824927314,1.38354,1.535084040167112,1.0214125433974075,0.6794626045672848,1.535084040167112,0.91566354,21.824358521037706,15.778429158091418,18.322455290459963,18.10173587212065,18.41230654027172,18.43476127956325,49.06559129291361,0.03340213,5605.228817522403,0.14308509,0.06494583,0.68780357,60.54837,53.781147,0.390988478755412,0.59889,0.30842292,1.0,0.3145803685138997,60.54837,53.781147,5328,8,39.555,0.3142696805273545,0.3145803685138997,-0.471093774863889
106.494896,49.625633,29.66425,21.502684,18.200544,16.792685,13.490289,13.754381,12.164813,13.994049,13.0146885,13.10559,11.866736,0.0065096333,0.000317288,-0.00088592345,0.0006756055,0.00025375138,-2.1651438e-05,-0.00036595197,0.0004222266,-0.00042949597,0.00050920335,-0.00085822464,-0.00032687475,-0.0011119212,0.145712,1497.5633104289377,849.687867534041,0.0887906116729635,0.31240237,0.3626467,0.5522072,0.46215186,0.55153507,0.41274175,0.31932285,0.32819167,0.3457,0.47391322,0.32681808,0.31438497,0.2327799103108602,0.0858087431123005,-0.0571739897768843,-0.1307160223055988,-0.05083639625342,-0.0385579770518402,0.5522074,0,123.046875,1.8858921161825728,1.8737316,1.5283669455679691,1.0145549231037605,0.6865413143873323,1.5283669455679691,0.7792048,22.65452547397893,16.03151184188284,19.27870025259385,18.710601033241183,18.55133375603572,18.932415381463603,46.0588314670421,0.024890441,5446.042685095285,0.16687754,0.087815374,0.6552082,83.05251,72.85082,0.3948547477959243,0.658531,0.27960712,1.0,0.357447667813826,83.05251,72.85082,2732,8,20.08333333333333,0.3142696805273545,0.357447667813826,-0.2460987064966728
93.179245,47.013424,30.573444,20.842308,16.783197,13.853178,12.71042,13.096331,11.882662,12.047549,10.94934,11.176763,9.5144615,-7.828516e-05,-9.42384e-05,-4.9545517e-05,1.0581378e-05,6.936397e-05,0.000111214584,0.00012631221,0.00011304959,7.780363e-05,3.2158743e-05,-1.109981e-05,-4.18971e-05,-5.530963e-05,0.13699119,1399.7993810591336,779.9174069381781,0.0909844311225695,0.6689625,0.48840278,0.45433128,0.39500135,0.33496204,0.35490206,0.36835036,0.5470906,0.43899179,0.37765902,0.41871855,0.43315902,0.0051424547679968,0.2116716325852012,0.0079629550725118,0.1818998254363203,0.0237641226741599,0.0670688180616759,0.6689629,0,135.99917763,2.226345083487941,1.7761309,1.4988052148023756,1.3588137605691213,1.0063021130418397,1.4988052148023756,0.804073,21.60597020075725,14.764318731411548,17.925433652557746,17.96150757727614,17.641862760357412,17.73760811106913,49.64108741945355,0.025874848,5243.72061670354,0.15642267,0.10375344,0.6012161,88.21892,69.56543,0.4009553245293621,0.6078113,0.3185758,1.0,0.3513874196256006,88.21892,69.56543,2854,8,20.661666666666665,0.3142696805273545,0.3513874196256006,-0.9797017748446798
113.1356,37.25275,22.337275,17.577644,16.40768,13.058961,12.446797,9.806668,11.478341,9.038798,11.274548,9.100224,8.344544,0.009831539,0.007069099,0.00013312393,0.0024496508,0.0033074592,0.0010661496,0.00046613635,-0.00016930646,-0.0004931182,-0.00034792683,-0.0014442818,-0.0015149757,-0.00054246845,0.09586915,1191.5381667131542,541.9384553807871,0.0658865261898724,0.3501493,0.4213243,0.36342818,0.27871677,0.3122454,0.35142037,0.49430543,0.4859399,0.44787306,0.46886808,0.40808442,0.4147186,0.1325722774498845,-0.0815465932645917,-0.0065849456263375,-0.0332598890020433,0.0143930990508905,0.0069979129334671,0.49430564,0,86.1328125,1.4047641917202958,1.8387635,1.4078748250496178,1.8594019362616816,1.9331477598600169,1.4078748250496178,0.7735309,23.39077592121539,18.46480238517508,19.647360254374924,18.60723681344339,18.531632130978306,18.949499618440427,48.12054601099764,0.028096786,5913.277244280764,0.16087158,0.09085037,0.6390819,82.00077,51.73213,0.4473067915690866,0.63867015,0.31154376,1.0,0.3809768655365978,82.00077,51.73213,2674,8,17.351666666666667,0.3142696805273545,0.3809768655365978,-0.1288126201519823
97.618706,39.336887,30.335373,22.503092,18.16662,16.202993,13.308285,15.092744,12.536356,13.453761,11.894585,10.8632,9.910206,7.4026874e-09,-5.0893476e-09,-4.1640114e-09,2.3133398e-10,1.6193379e-09,-3.2386758e-09,2.3133398e-10,-2.3133398e-10,6.940019e-10,-1.1566699e-10,-3.4700096e-10,-1.1566699e-10,-1.6193379e-09,0.13426237,1220.2129007322408,748.0913267550565,0.07547010481748,0.5187576,0.5317857,0.47292826,0.55544317,0.435807,0.39725146,0.468019,0.4410659,0.47860193,0.46406576,0.5647882,0.6181122,-0.0879597026808817,-0.0913266646241437,0.0596540359677961,0.0557581890491187,-0.004843294095657,0.013961806785172,0.61811113,1,143.5546875,2.397785052587588,1.6694143,1.4632836225433894,0.9294116988144848,0.6217610722092066,1.4632836225433894,0.8461143,21.589396430632025,15.366477597928371,18.27295044247614,17.92842243751304,18.08015275833657,18.607537835977112,47.84081383945341,0.021018809,6167.516795216798,0.19990537,0.08215896,0.7087201,76.0764,67.20999,0.319262493934983,0.6657971,0.2676326,1.0,0.367987140340122,76.0764,67.20999,2632,8,23.92833333333333,0.4,0.367987140340122,-0.8804955585278774
113.870605,41.411415,29.762197,21.74443,19.414202,15.302882,13.336996,12.172795,12.018986,12.373783,12.2274475,10.787699,10.185457,-0.0018935706,-0.0025843894,-0.0023153955,-0.0019034916,-0.0013965794,-0.00084978715,-0.000316781,0.00015772592,0.0005429379,0.0008237826,0.0009996746,0.001081128,0.0010853786,0.11092572,1211.657954378603,777.8828011774833,0.0702275186424995,0.40062496,0.4119789,0.42496896,0.51499647,0.3808422,0.35666886,0.34604174,0.39807227,0.583934,0.48358667,0.6016857,0.5313742,-0.1302014942478169,-0.0659098958833582,0.0751035635657031,0.0122798781250276,-0.0149915267882259,-0.0255473821165788,0.6016849,0,135.99917763,2.2203947368421053,1.6239789,0.9833544456834004,1.4782091775384747,1.229761699846307,0.9833544456834004,0.6506951,24.46835398344127,15.744741994690548,19.10744402758258,17.0659220615314,17.614211799571823,17.54221254094269,45.47161234072141,0.020113675,4802.97696626576,0.12547947,0.07826662,0.615859,65.83022,62.314617,0.3356549090092114,0.7578615,0.25550053,1.0,0.6044528692930682,65.83022,62.314617,2988,8,25.84,0.3142696805273545,0.6044528692930682,-0.0046006346500271
118.97451,46.837112,32.736732,21.49268,22.271654,16.77691,12.346229,11.522466,10.973194,10.219038,10.588504,10.528747,8.707268,0.0,5.8373333e-09,7.2966664e-09,-4.3779997e-09,2.9186666e-09,0.0,-2.5538334e-09,2.1889999e-09,3.6483333e-10,-1.0032917e-09,2.1889999e-09,-5.4724997e-10,0.0,0.07344424,1000.304154858557,639.1431037834326,0.0658586052608627,0.2967339,0.25991607,0.31836948,0.36876497,0.5322571,0.37020445,0.32142356,0.3691048,0.42323053,0.6567844,0.4012238,0.28695554,0.1541403869619748,0.0014793334458065,-0.0766979434456919,0.0510444283809977,0.0388863307513064,0.0244909131947753,0.6567848,1,103.359375,1.6146748681898069,1.7434144,1.6337546783152253,1.1498799314490675,0.8243555794517032,1.6337546783152253,0.72624147,24.082912118934416,16.187036809054998,18.80215592614742,19.15971342583674,18.86905586602764,19.67032975581082,46.45934977369244,0.011101987,3272.111902331795,0.079882644,0.05699166,0.5836162,49.372337,39.127945,0.4286261002678913,0.8229222,0.16521025,1.0,0.6864239346839951,49.372337,39.127945,1120,8,7.586666666666667,0.4,0.6864239346839951,-0.922318912601564
116.68612,42.77773,24.4148,17.837282,15.958959,12.519199,11.707372,11.764208,12.111049,11.322574,11.738308,9.741733,9.985663,3.2188143e-09,2.4141107e-09,-2.3135227e-09,8.047036e-10,-6.035277e-10,8.047036e-10,-8.047036e-10,-7.544096e-10,0.0,-2.011759e-10,4.023518e-10,9.052915e-10,-2.011759e-10,0.13490781,1143.400434055019,883.565153634739,0.074580073067771,0.32479143,0.32445142,0.309939,0.4232244,0.40685782,0.3403858,0.33944634,0.30800775,0.39008307,0.3320643,0.46151838,0.4652865,-0.0864998508601357,-0.2013031512710884,0.0149219262957329,0.0598156245476371,0.0107085841188508,-0.0233466669909997,0.46528557,1,129.19921875,1.717204806170886,1.6383419,1.2477384581694009,1.0161496119969529,0.7648461887611661,1.2477384581694009,0.7220123,22.05160750824569,16.76120446622167,19.367736205742133,19.693831544851985,20.714993652492225,21.56012884453679,45.201256493087065,0.04119806,4665.372523933558,0.1396021,0.07269914,0.65756303,64.47077,58.49612,0.3835443037974683,0.70142776,0.28971833,1.0,0.513431717464317,64.47077,58.49612,3636,8,27.5156462585034,0.3142696805273545,0.513431717464317,-1.1001200799863768
106.070145,47.659218,28.839758,20.4052,18.808462,17.428865,15.5808735,15.125786,14.717145,13.378721,13.317775,12.262362,10.863885,0.0006932323,0.0005781482,-5.1660954e-05,-0.00029167748,-0.00025767338,-0.00019317358,-0.000273867,-0.00039635313,-0.0002518896,1.8699156e-05,4.8865917e-05,-3.2097716e-05,1.6001934e-05,0.11071795,1108.198416825219,853.0468926068651,0.0492078940794058,0.380674,0.33607525,0.43319914,0.40793666,0.44063997,0.4740925,0.38036892,0.41004127,0.4166922,0.58141094,0.49019897,0.32170382,0.0139301432556218,0.1837509181067509,-0.0267794736490903,-0.034404235548268,-0.0171214176782932,-0.0083585129002071,0.5814106,1,129.19921875,1.8395536584785863,1.5533023,1.367846028524124,0.9990888732530864,0.7479185023569082,1.367846028524124,0.7862264,24.001285735214346,16.373967679459334,20.53316436973013,20.158537900168835,19.7376567116146,20.483212571446888,50.43591397557312,0.00812176,4251.985130530651,0.15341575,0.049769443,0.75505006,50.908737,49.541595,0.3286323051948052,0.8065565,0.18502033,1.0,0.6664743490429939,50.908737,49.541595,3239,8,28.60748299319728,0.4,0.6664743490429939,-0.538303704460504
117.90807,38.720898,27.731264,19.786535,15.672788,15.736222,14.132841,13.441528,13.476559,12.6821575,9.946098,9.898535,11.180642,3.672834e-09,-2.7546256e-09,3.672834e-09,-2.2955213e-09,1.2625367e-09,1.2625367e-09,-1.951193e-09,1.7216409e-09,2.6398495e-09,0.0,-2.7546256e-09,2.2955213e-10,-6.886564e-10,0.14617242,1097.8694723043957,654.2893178549709,0.0728959467324149,0.40464637,0.36054564,0.39409414,0.3801052,0.37886894,0.4207284,0.40353987,0.49938777,0.40533173,0.34588403,0.34706777,0.35150868,-0.0013894343582821,0.0791982935593497,-0.0061482365311738,0.0097267372235636,0.002236611366354,-0.0103856581036549,0.4993879,1,107.66601562,1.5862153273260284,1.9752076,1.3821140888955443,0.7252331090490668,0.6329991999206964,1.3821140888955443,0.6825104,18.67326128233384,16.357616452404468,18.133481953210133,17.702367652343217,17.41940295417963,16.82790601114723,46.82133474276839,0.043227892,5162.706604261005,0.1494059,0.14279175,0.5113162,117.32538,92.672935,0.3813192103996148,0.5460592,0.35290653,1.0,0.272297542329439,117.32538,92.672935,3168,8,24.114002267573696,0.0,0.272297542329439,-1.0603714962403414
119.901505,45.815662,20.933702,13.632044,15.803463,13.0401945,12.475152,10.887768,14.362896,12.914981,9.267714,11.119942,7.288274,3.1815657e-09,7.953914e-10,1.8890547e-09,-1.5907828e-09,2.1873263e-09,-3.976957e-10,-2.734158e-10,-5.965436e-10,9.942393e-11,1.1930872e-09,-3.976957e-10,1.9387667e-09,1.2427991e-09,0.07913236,1217.1872118152828,805.7161202324506,0.0833349932520093,0.29646134,0.2651939,0.26610035,0.23651566,0.3712402,0.25431025,0.39690387,0.38909578,0.26797956,0.34636822,0.24788594,0.34150895,0.2268965558018502,-0.009130811960437,0.0165978155648255,0.0274192479716664,0.0271331439120802,0.0393381391323837,0.39690363,0,129.19921875,1.9351652298850568,1.3737801,1.5748670547092145,1.2407959886809743,0.8634799478478445,1.5748670547092145,0.88556063,21.72779654622404,17.60915405056586,21.084624069673783,20.59642110027207,19.686017568280647,20.35009542051558,45.831878727176246,0.05996493,4219.946584311796,0.07415437,0.030745719,0.706898,33.247566,39.13215,0.3617975185069336,0.86640894,0.15230677,1.0,0.8222855950642772,33.247566,39.13215,3470,8,27.84,0.3142696805273545,0.8222855950642772,1.7464346350823429e-15
120.711136,44.352673,40.098186,23.372326,19.465462,16.046425,15.052501,14.378396,13.827053,12.395433,12.503936,10.729101,10.950248,6.900684e-05,9.71983e-05,9.6172276e-05,9.4431525e-05,9.2018345e-05,8.896123e-05,8.528399e-05,8.102529e-05,7.622024e-05,7.09127e-05,6.51544e-05,5.899895e-05,5.2503547e-05,0.19243564,1441.9935770268678,933.89142626492,0.0847617161957344,0.35801008,0.44646418,0.3521658,0.37711516,0.3352953,0.3603339,0.47379896,0.44938463,0.5365784,0.45752025,0.4543247,0.45746252,-0.0302678853326905,-0.1112425173285042,-0.0450452239733843,0.1031302680161878,-0.0471634361463549,0.0013692730893153,0.5365772,0,107.66601562,1.3962424494387518,1.7406468,1.4010834020644591,1.7267386456223817,1.913768903121643,1.4010834020644591,0.74583125,22.004980597761453,15.570736408322032,18.607533852839204,18.390225564113653,20.09754135505072,21.266900403167654,44.16254923421466,0.047257237,4536.853161986814,0.14676224,0.07478726,0.66243243,61.3034,79.38552,0.3160915256763807,0.7142725,0.31556016,1.0,0.4987452867020608,61.3034,79.38552,4241,8,38.94380952380953,0.0,0.4987452867020608,-0.2966912264260113
115.67977,54.25572,31.536,23.018597,18.37605,17.225765,14.83825,15.561537,12.826258,11.389173,10.83272,9.971435,10.299229,-7.055e-09,1.1758333e-09,6.908021e-09,1.9107291e-09,7.348958e-11,1.9107291e-09,-8.81875e-10,-3.3070313e-10,1.4697916e-10,1.1758333e-09,-1.4697916e-10,-1.1758333e-09,5.8791666e-10,0.1050202,1085.5945685436084,940.9012805999968,0.0640207165140934,0.5208339,0.3480204,0.47043765,0.40528452,0.5571375,0.4288159,0.3541336,0.3901959,0.38386405,0.52885705,0.36237904,0.45407465,0.2104207346118085,0.1015866998787933,-0.0493313434998901,-0.0369379754219623,-0.0434097225238285,0.0033552052549579,0.55713785,0,135.99917763,2.031137607744169,1.5194939,1.4538506895729708,1.1975482091073284,0.829330328049461,1.4538506895729708,0.8536066,19.579355343502268,14.712878223901136,17.686353443053715,18.170845565507392,20.618529268794216,30.090161173490337,47.2662673213351,0.026460811,3698.509748843506,0.105832785,0.054545414,0.65989095,50.004837,50.040077,0.37731196054254,0.7538357,0.21807069,1.0,0.5215371854659023,50.004837,50.040077,4896,8,37.6636224489796,0.0,0.5215371854659023,1.7464346350823429e-15
111.57359,40.16263,26.624796,16.999207,13.371546,11.326007,10.317979,10.094232,9.366898,7.8969073,9.332292,9.163429,8.326089,6.204021e-09,-3.1020104e-09,-1.8418187e-09,-1.5510052e-09,-6.7856476e-10,3.3928238e-10,-1.1147849e-09,-9.693782e-10,1.9387565e-09,8.724404e-10,2.9081348e-10,-2.9081348e-10,4.846891e-10,0.12458918,1179.8345700421785,688.6697624796074,0.0679688063849142,0.37648538,0.2564452,0.3766069,0.48478317,0.29830995,0.40577248,0.32063887,0.42443115,0.29966494,0.32735717,0.42734239,0.32123187,-0.1736474269282949,0.1832893527005477,0.1323782607888778,-0.018054367157198,0.0176332476803765,0.0304229241832771,0.48478347,1,135.99917763,2.193379031335773,1.7921467,0.9690065619077866,0.6129504927873962,0.4431703961232067,0.9690065619077866,0.63680655,20.518058305738226,18.236117516017227,21.72313517994267,20.18520654174824,19.73606854485235,18.140276190430747,44.41635512450667,0.035861585,5177.852179427825,0.09368655,0.08839287,0.51453394,75.66024,88.76986,0.2859611670224662,0.7497849,0.28871164,1.0,0.6175028550544848,75.66024,88.76986,2813,8,28.55183673469388,0.4714045207910317,0.6175028550544848,-0.8537507794997614
90.21295,42.10667,31.342056,20.834358,17.384752,17.174116,14.450545,13.762939,11.957675,11.205245,11.670465,10.846126,10.08371,-0.012633562,-0.009800541,-0.004302487,-0.0036592442,-0.003324856,-0.001915209,-0.0018654187,-0.0019199341,-0.00088254083,-0.00010555223,0.00031072012,0.000120510915,0.0005365323,0.15711403,1146.5205067463446,724.5472346639037,0.0787303166345151,0.5695268,0.44357288,0.32520705,0.34693485,0.35338658,0.42442054,0.31116045,0.33126974,0.37406632,0.3656243,0.52654666,0.40429577,-0.1143543554183158,0.043758734503257,-0.0234108605165533,-0.0199132798448653,0.0175659458000913,0.0201335209007414,0.5695266,0,117.45383523,1.935568820224719,1.6912977,1.5843810327642829,0.9002529477059231,0.5979563152625607,1.5843810327642829,0.85244673,21.692884240152168,15.145400901300505,19.87840621336725,20.45444659992402,20.48633347862556,20.749597800055422,49.22910807090566,0.021156859,4493.635167626187,0.18140575,0.06935683,0.7234134,66.60098,57.462574,0.3741682120650158,0.7116065,0.25438192,1.0,0.4637807799113084,66.60098,57.462574,3430,8,26.60716553287982,0.0,0.4637807799113084,-0.1726144382097284
92.31676,36.3749,25.586903,18.288996,13.647864,13.695139,12.583696,12.088451,10.184699,10.664774,9.70365,9.78377,8.949927,1.6847514e-05,2.3762059e-05,2.3565954e-05,2.324083e-05,2.2788316e-05,2.2206783e-05,2.150775e-05,2.0693462e-05,1.9767023e-05,1.8736035e-05,1.7613587e-05,1.6398344e-05,1.5102822e-05,0.15273897,977.8328315487746,481.24963503074594,0.0673549725138246,0.3281257,0.42457604,0.43820503,0.2955768,0.3229554,0.2895735,0.41381457,0.36976308,0.34332505,0.37968552,0.36509234,0.45982355,0.0923554350276059,-0.0646349626250011,0.0489006759593246,-0.0662335015257594,-0.0049802945637243,-0.0175753925069681,0.4598226,1,123.046875,2.0069400498776937,1.6750094,1.5629044262905425,0.9633001171126274,0.7333035499122529,1.5629044262905425,0.76796603,20.64934038668096,16.577218316779526,20.34640987064689,19.43415067996137,19.309467944851185,17.69814465487402,49.01128077494893,0.022504957,5129.311913905921,0.2500658,0.11353119,0.68775356,122.21158,91.53874,0.3997795149328523,0.57092357,0.3404799,1.0,0.3155052205482802,122.21158,91.53874,3989,8,28.96200113378685,0.0,0.3155052205482802,-1.0125105980389426
89.7822,34.724644,26.293186,19.30775,14.275688,13.352301,11.887324,10.8599825,9.952493,10.640013,8.965362,9.150379,9.673604,-0.010488881,0.009380283,0.006681108,-0.006889847,0.0016435954,0.0068583195,0.005284642,-0.0012492898,0.0019166186,-0.0004512434,-0.0020043864,-0.0011761134,0.0027931288,0.11573706,1118.9880455221887,440.2293251028015,0.1043339310176536,0.30021828,0.39323163,0.4855909,0.33441836,0.43281275,0.32082117,0.43113858,0.31883812,0.33552924,0.4274998,0.3310606,0.3827857,0.1968550876483583,-0.0504565627859458,0.0035429928175924,-0.08745634687041,-0.020422258069571,-0.0088461883640532,0.4855902,0,143.5546875,2.349435749581882,1.7355366,1.3238633339569363,0.7597014770471939,0.5308476714768275,1.3238633339569363,0.7458387,20.21828325208812,16.027240159731043,18.770435923314,17.581576307659887,18.185152029991663,17.836338949237724,47.53472132285584,0.060401585,6950.044057062236,0.19031522,0.13351978,0.58769006,119.48432,67.024956,0.4681111111111111,0.3489781,0.4188003,1.0,0.1369589333609946,119.48432,67.024956,4213,8,26.12329365079365,0.4,0.1369589333609946,-1.0104434662609982
107.68001,38.518932,21.397953,18.734337,12.966151,12.034403,11.604321,11.188252,10.748657,12.669071,9.233011,8.606092,9.40393,2.6351419e-09,3.952713e-09,-1.6469637e-09,-8.2348184e-10,0.0,1.2352227e-09,3.2939274e-10,-6.5878547e-10,-4.1174092e-10,4.940891e-10,-1.6469637e-09,-4.940891e-10,4.1174092e-10,0.07484708,1027.3174948063947,662.3209514365001,0.0586020834036634,0.40642777,0.31462476,0.29135892,0.46680233,0.30931237,0.33837742,0.24165832,0.35465047,0.4682308,0.29142758,0.30246708,0.2591441,-0.3408058742675713,0.0273608297800327,-0.0113800015468713,0.1655968878222264,-0.0349242347179529,0.0003876135979663,0.4682311,0,63.02400915,0.9594911858163492,1.1997563,1.4098565395974696,1.3804990811536084,1.1075081083478218,1.4098565395974696,1.0290854,23.526977178743653,18.422923728253537,20.86444790026315,20.61123939585173,20.31948434716736,20.7797002351777,50.7883734635213,0.031912822,4606.543609616506,0.15530708,0.04794162,0.76411957,52.553497,39.550396,0.4269430051813471,0.7634562,0.22027421,1.0,0.5751335631049374,52.553497,39.550396,4944,8,33.61156462585034,0.4453617714151233,0.5751335631049374,1.7464346350823429e-15
111.91964,31.046783,22.451212,21.586607,18.095732,16.44716,14.101431,11.980855,12.528878,12.794305,10.625725,9.943176,10.325971,0.02174057,0.0014100327,1.0956674e-05,0.0010124387,-1.4129461e-05,5.8206024e-06,-0.0009268531,-0.00036099995,-0.0008439399,-0.0006737104,-0.0006341944,-0.0003512493,-0.0004666932,0.12020022,1022.3385929020928,621.2453293556023,0.0724410541806991,0.28278676,0.38955188,0.27554628,0.29623538,0.25388753,0.38971123,0.5059927,0.3531682,0.37986624,0.36462292,0.45005417,0.30064166,-0.0796365834084996,-0.0724577416084909,-0.026716204831841,-0.1017793160234032,0.0180315013826339,0.0145858525359594,0.50599277,0,135.99917763,2.135820939258179,1.8619125,1.2617404665031948,1.1139346216034824,1.0837014645491296,1.2617404665031948,0.7175703,20.11290689190457,17.68081950791194,20.63577264561179,18.518556224444414,18.261796548245783,17.05434074349622,46.22479015815799,0.053824842,6138.113691042036,0.13200153,0.12691389,0.5098229,89.84824,62.36426,0.4193581996249219,0.49325183,0.37374255,1.0,0.228989836977866,89.84824,62.36426,4025,8,27.85814058956916,0.0,0.228989836977866,-0.758665906610059
95.58555,39.049564,32.8942,21.25981,19.085573,18.89919,18.486729,15.83979,14.220912,15.235101,12.43423,12.252696,11.77739,0.0036995392,-0.0041029416,0.0017375218,0.00040019932,-0.0011540558,0.0010255264,-0.0006443413,0.0005901867,-0.0005077354,0.00040289317,-0.00017058654,0.00015969313,-0.0001422784,0.10454143,1065.1128707298055,560.1638342742901,0.0739047909373537,0.28241494,0.35595992,0.36134124,0.5936902,0.36171785,0.34756476,0.3923314,0.3101393,0.40738818,0.31013086,0.39039996,0.29339558,-0.2642974317973669,-0.0431838175504787,0.1108554368515902,-0.0157908413194518,-0.0057231527825143,0.0376104903587807,0.59369147,1,92.28515625,1.4278263137306038,1.8782197,1.3594312844171332,0.9653035961887272,0.878905868564327,1.3594312844171332,0.82909036,23.26851193000465,16.71390205143598,20.584882945544205,19.86400935455137,19.785501263706983,19.3428957973478,48.26140669096748,0.031644177,5781.001294211406,0.15491027,0.086304136,0.6422072,78.55139,61.92536,0.3584648574997161,0.5667351,0.31157127,1.0,0.2434961023378136,78.55139,61.92536,3157,8,25.563333333333333,0.0,0.2434961023378136,-1.2895246973079582
96.100204,45.686897,28.782515,21.70643,17.614847,16.808006,15.643189,14.671191,13.685206,13.517208,11.735089,10.7865925,9.5113325,0.010210413,0.0095702475,0.0014517434,-0.0013559699,-0.00032640703,-0.00029702313,-0.0009573885,-0.0007366609,-0.00069474126,-0.0013762662,-0.001532662,-0.0008308366,-0.00031971128,0.13018051,1222.9771991424425,764.2272024376758,0.0791615015720127,0.3503694,0.39376014,0.25852126,0.25809774,0.35809964,0.29366425,0.29404515,0.27046096,0.4241166,0.58555156,0.39085913,0.45731038,0.1657441011275069,-0.1433774940754518,-0.1012041448576464,-0.0152891187057511,-0.0054531642514123,0.0335005542199971,0.5855526,1,172.265625,2.785173766816144,1.7767025,1.253132210122979,0.8935588075499394,0.615624711782196,1.253132210122979,0.8117756,22.38522049327208,17.95875317711381,20.63722220025701,18.709293182958795,19.17980558280541,17.676550206012703,46.975164783955,0.039512064,5444.71875214472,0.18090014,0.093582444,0.6590563,90.79935,74.95878,0.360463697376449,0.6219892,0.30801472,1.0,0.350290622548918,90.79935,74.95878,2954,8,23.786666666666665,0.4,0.350290622548918,-0.0147200983260307
79.5143,44.984615,30.052946,20.483747,19.810677,15.90519,15.775612,14.713555,12.574414,11.925455,10.851267,11.394692,10.292195,-0.0041023786,-0.0043314714,-0.0017965564,-0.00065689185,-0.000597295,-0.0003463235,7.2198425e-05,8.003074e-05,-0.00014024477,-1.0841081e-05,0.00029988398,0.00018056796,-0.00028284534,0.109756365,1292.862335344592,625.7758770944753,0.1032229196485735,0.45893535,0.38912183,0.38986692,0.4077895,0.455224,0.39453048,0.4624854,0.47587398,0.41992515,0.44931912,0.423056,0.4991159,0.0920173407648271,-0.0238529059979756,0.0066459032465177,0.0821968172752604,0.0262167498568237,0.0041578396082936,0.49911666,1,135.99917763,2.2502337905236907,1.7491734,1.7156635599818195,1.0284594987408795,0.7567786487713437,1.7156635599818195,0.98496634,19.923770214233954,14.514233371761383,17.018424623572546,17.527579276203614,17.326146366892104,16.578950314135323,47.73513672660407,0.047004998,6099.29512583765,0.119535014,0.10612689,0.5297061,87.998695,55.083015,0.4143213395083719,0.5167948,0.31783783,1.0,0.2009481054611467,87.998695,55.083015,3489,8,24.44190476190476,0.0,0.2009481054611467,-0.03160752741616
103.101036,33.09171,22.382025,17.744253,18.076912,18.96214,12.6855345,13.033538,12.490109,12.629667,11.265382,11.202323,9.4289,8.230939e-09,-1.3718232e-09,-3.429558e-10,3.429558e-10,-1.3718232e-09,6.859116e-10,6.859116e-10,-1.714779e-10,-6.859116e-10,-6.0017263e-10,1.886257e-09,1.543301e-09,8.1452e-10,0.08972005,549.0665319761924,381.695892586489,0.0436269407272434,0.41994998,0.34578288,0.4503307,0.29369578,0.33999705,0.3044147,0.37183312,0.3874098,0.35279998,0.4838805,0.40014935,0.46305212,0.1233607237075858,0.0210131037872944,0.0964828476055422,-0.0957139325634207,0.0386663482431473,0.0251109451408108,0.4838804,1,123.046875,1.9902371489862056,1.690016,1.2781667974283646,0.89087193949167,0.7208417803767949,1.2781667974283646,1.0309795,16.5467811307273,13.984717330293996,17.148095809385385,17.303503471717086,17.47754687169696,25.225585526839684,65.02508769880164,0.017209277,3337.359000722742,0.18599924,0.12876001,0.5909235,115.44549,53.26827,0.5153749325660852,0.79395634,0.22044684,1.0,0.6725825707587909,115.44549,53.26827,5732,8,32.28258503401361,0.0,0.6725825707587909,-0.9719998957690484
157.15816,46.008667,33.247177,21.935658,19.45487,16.36739,14.476286,11.645224,11.2272835,10.823234,8.943251,8.810168,8.535047,2.9207333e-05,6.6306807e-06,-3.917879e-05,-1.920242e-05,3.3007305e-05,2.978736e-05,-2.3435565e-05,-3.729466e-05,1.1458554e-05,4.0947885e-05,1.6841539e-06,-4.0375304e-05,-1.4634026e-05,0.1392287,1307.0934666460796,1061.6954832969298,0.0695954850193292,0.4307395,0.46299434,0.30613738,0.36427665,0.32677832,0.39472616,0.27087042,0.2887894,0.40571764,0.32080385,0.36475393,0.29916838,-0.110826095150379,-0.0068588752859135,-0.0443374663636905,0.0437599896461866,0.0062877622662556,-0.0068757641901256,0.46299455,1,117.45383523,1.4990225453361958,1.5182074,1.1951631318565157,0.7321054482601896,0.5732434327936058,1.1951631318565157,0.65348417,21.14308636975056,15.48368666857243,18.21678310809951,18.213695989022348,18.98581382317874,18.182087617849163,42.922319977470586,0.13988648,4830.2926395716295,0.124881305,0.09476855,0.5685446,78.9018,77.76004,0.3692673122601864,0.62550926,0.31011242,1.0,0.3472744255064401,78.9018,77.76004,4042,8,31.770702947845805,0.4453617714151233,0.3472744255064401,-0.1125085293114272
72.58992,49.176956,34.581432,19.893538,18.630388,16.54293,12.122448,10.644382,10.278267,9.233683,10.255832,8.25094,9.227896,-0.005993169,-0.003967692,-0.00023377345,-0.0002246903,3.887625e-05,-0.0005936591,-0.00057776726,0.00035616726,0.0006409876,0.00072948803,0.00018493527,-0.0003539858,-0.00084102387,0.10329294,1186.414506988783,612.5561593270618,0.0568113469292463,0.46993062,0.43642122,0.4768052,0.48970327,0.54222596,0.44315115,0.43260893,0.40769115,0.34572607,0.36387983,0.39355415,0.51130563,0.1778406756089213,0.0310224551038931,0.0351335827769005,0.2162465174006691,0.0559084316314086,0.0021152387965395,0.54222524,0,112.34714674,1.8770891943635613,2.0971227,1.551914058499292,1.510884501953476,1.3088358162934632,1.551914058499292,0.88788086,20.390013833004687,15.720353062567362,19.42921485517105,18.305877563371894,17.926081014596857,18.100336675090176,48.74275425289572,0.018905448,4620.6007376322605,0.19360407,0.1345221,0.5900275,105.15999,61.25389,0.3967939481268011,0.624319,0.29321897,1.0,0.328863508878555,105.15999,61.25389,4406,8,32.23075396825397,0.3142696805273545,0.328863508878555,-0.353273938606842
110.88499,41.175983,24.67232,15.589045,15.227642,11.428495,10.97733,9.407673,8.77821,8.033386,8.825724,7.409869,7.7177596,-1.0954888e-08,-1.369361e-09,-6.846805e-10,-2.9954772e-10,4.279253e-10,-1.3265684e-09,-3.4234024e-10,-8.558506e-10,3.4234024e-10,-4.279253e-10,8.558506e-10,-6.4188793e-10,-4.279253e-10,0.04656476,1266.8952297558624,687.2517419287796,0.0958586912021738,0.4920406,0.38794118,0.40693596,0.46480024,0.355715,0.3052217,0.2963885,0.4214914,0.33764794,0.33254611,0.46788096,0.40463024,-0.0652005121932942,0.1360168108629744,0.1238758597880438,-0.0070956263493609,0.0404951395389868,0.0352431765794507,0.4920411,0,112.34714674,1.762466036139423,1.6853058,1.686353088189729,1.6910700094514337,1.5568508493369784,1.686353088189729,0.9029528,16.603580710323417,14.961838278867711,17.583462961538594,17.00302657403843,17.03326263680072,16.955590825621503,46.83987421222709,0.08842209,5354.14892486104,0.05118485,0.0623712,0.45074126,50.866383,29.803429,0.4520732364028002,0.70048165,0.33653623,1.0,0.5656666641082729,50.866383,29.803429,5037,8,32.34104875283447,0.3142696805273545,0.5656666641082729,-0.7822310919880361
112.4785,36.892727,22.329819,15.252598,12.514311,9.712897,10.203469,9.318689,10.597871,10.083238,8.473652,8.320282,8.858071,7.2799566e-09,1.8199892e-09,3.184981e-09,6.8249595e-10,-1.1374932e-10,-1.1374932e-10,1.5356159e-09,1.1374932e-10,-1.1374932e-10,0.0,-5.687466e-10,-2.2749864e-10,0.0,0.0722941,1017.9155183522888,672.2994347790546,0.0729754129076538,0.25469056,0.35567066,0.3619798,0.27213666,0.4080142,0.23340082,0.26118556,0.20275143,0.30319118,0.43388304,0.25731605,0.3352017,0.2559026222891559,-0.1573478938719896,-0.0743812575375436,0.055815408222589,0.0015048652723179,-0.0129807575430596,0.43388212,1,151.99908088,2.285984467257112,1.1515689,1.2688819088947358,0.7475959297391188,0.5066916875141388,1.2688819088947358,0.98173624,23.57547293128973,18.465002123547784,22.010539009059496,20.23446861824772,19.368028780098268,19.33978794193775,46.33500014348149,0.040146545,4614.643251258908,0.13041495,0.04456369,0.74531496,50.705948,37.098454,0.424549683884051,0.78245306,0.20108984,1.0,0.6082202650632248,50.705948,37.098454,3559,8,24.3330612244898,0.4,0.6082202650632248,-1.366401530457827
76.39021,30.929918,26.407812,19.60094,17.289124,16.99162,15.824995,13.370198,13.560881,14.580235,12.528244,12.50109,10.552804,-0.00092631485,-0.0008760784,0.00011564187,0.0013775185,0.0016949875,-0.00037707013,-0.00015388435,-2.0802187e-05,-0.0008802158,0.00036861803,4.0800078e-05,-0.0006576141,-0.0007208149,0.13475737,952.1531420673894,627.011310866797,0.056794899030837,0.39871842,0.23759747,0.29848954,0.37325346,0.38419613,0.43755662,0.33937004,0.56200325,0.51602566,0.3131611,0.33128002,0.2851885,-0.0742286359257655,0.1666365155091453,-0.0075929411509543,0.0926979984157891,-0.0153553206595887,0.0015572265314566,0.5620034,1,198.76802885,2.922997612329065,1.653602,1.6163358909710082,0.628889677595587,0.4434411061780781,1.6163358909710082,0.90086657,23.137253549818933,17.127867749354646,21.253558959229903,19.22707672946118,19.329317031295336,24.145435262228112,47.409772278848806,0.0155831855,4741.613322203872,0.12474252,0.10001665,0.5550028,79.01595,72.84985,0.3605451177560201,0.7862202,0.17844748,1.0,0.6115651726898376,79.01595,72.84985,2725,8,21.93809523809524,0.4,0.6115651726898376,-0.1708347381298841
104.43359,37.576294,17.726685,16.353285,13.229984,10.80263,10.59342,9.473579,9.421166,9.904721,8.14784,8.115283,7.6768413,-3.7225638e-09,-1.8612819e-09,0.0,-1.6286217e-09,-9.3064095e-10,-3.4899036e-10,4.6532048e-10,3.4899036e-10,-2.3266024e-10,5.2348553e-10,4.0715542e-10,3.4899036e-10,-6.9798073e-10,0.10144748,842.2213802027852,613.2632487118207,0.0578084957036784,0.3625496,0.2729021,0.3515407,0.2599352,0.34307197,0.26083127,0.45572978,0.53598166,0.3444643,0.43040833,0.31067476,0.48669726,0.2223191258386852,0.0449024333599107,0.0935798764516545,0.0127965481870317,0.0186998347203797,-0.0194653277739845,0.53598195,1,92.28515625,1.450082728437233,1.1510483,1.1685154115598355,1.2365330317338143,1.093366928194475,1.1685154115598355,1.1041249,22.74638656741761,15.33912007384991,18.06496629523668,17.780686599831117,18.27315221264803,19.11621953932051,46.24749173172813,0.018265314,4163.579308239243,0.123678416,0.065703295,0.65306073,65.06891,53.265453,0.4072221544467488,0.7562872,0.20601928,1.0,0.5359166853600992,65.06891,53.265453,3338,8,23.79174603174604,0.4,0.5359166853600992,1.7464346350823429e-15
95.72148,38.53105,37.892643,24.986826,18.65575,16.812916,14.098638,14.654691,12.065619,13.704988,10.786882,12.380875,11.728276,0.0010906137,0.00062293105,-0.00021039697,0.00017040761,0.00046002027,0.00013150116,-0.0004316799,-0.0003143004,0.00028661906,0.0001587687,-0.0002806357,-0.0001482234,5.1793504e-05,0.120358825,1006.2723102844355,718.7384775581801,0.0661346642623933,0.36584938,0.48198473,0.43790376,0.45893785,0.5246708,0.442842,0.54816365,0.3916804,0.4857145,0.5073383,0.37513497,0.41971827,0.1604114041924061,-0.0797567869492086,-0.071731705558377,-0.1595360146929571,-0.0385406990259501,-0.0238571204675979,0.5481637,0,107.66601562,1.773293060334772,1.7473359,1.5485774125664309,1.4881791737874783,1.5905437892288743,1.5485774125664309,0.7992223,23.80965972641433,17.13665876130241,20.390502525649804,19.569472731184856,20.05302042346357,24.020630371354144,46.68558502099051,0.014019611,4565.037806773203,0.19400553,0.07919895,0.71010846,72.72004,64.84757,0.3275399510089817,0.6915256,0.26253954,1.0,0.4456750759547814,72.72004,64.84757,2808,8,24.88308390022676,0.0,0.4456750759547814,-0.3692619663539865
80.713905,31.201632,27.884274,18.448011,11.583182,10.188919,9.208345,9.542308,8.223561,8.482412,7.2125487,7.3640437,7.821178,-0.016174512,-0.00060015626,0.0021534988,-0.00086165784,-0.00066802633,0.0002266116,0.0009782535,0.0008865014,-0.000310409,0.00014341038,0.0010066354,0.00049232855,0.00018984095,0.087709084,725.4858735392299,506.8023061117367,0.052198388092854,0.41612244,0.38291103,0.48334768,0.34901363,0.3401677,0.42935857,0.37534127,0.43600684,0.37598795,0.48669213,0.5474715,0.37409243,-0.0097295203978083,0.0985217476923567,-0.0175654312130563,-0.0651963643600259,0.0032966630116444,0.0031287403506598,0.5474706,0,92.28515625,1.5090901753381618,1.2771918,0.8110074137103781,1.3468068500433137,1.5834416089552688,0.8110074137103781,1.1072057,19.921990420857224,14.133445303266855,17.433385031475204,17.13444115747699,18.20146820151893,17.026644097906022,46.747609493693176,0.035929944,5677.5683983751,0.19353351,0.11712037,0.6229856,118.08579,50.912468,0.5002662690382362,0.629311,0.31961432,1.0,0.4010867383219862,118.08579,50.912468,4697,8,27.251519274376417,0.4453617714151233,0.4010867383219862,-0.2179201968236099
50.223724,21.91805,21.12307,17.90992,11.377667,7.978747,9.064426,7.3952794,7.4711614,8.046252,7.820753,7.1636014,7.048436,-0.0029031406,-0.002458567,-0.0031790568,-0.0022348035,-0.0015657772,-0.0006464769,-0.0015486587,-0.0012811745,-0.00013042318,-0.00027925437,-1.3557485e-07,-0.00054038817,-0.00074277405,0.08243084,594.2087375844035,330.3827626109897,0.0498473635756841,0.36897653,0.46284565,0.3690678,0.3120939,0.31805554,0.37927234,0.380335,0.36298856,0.46517113,0.40501207,0.34260458,0.29025245,-0.0542893301287535,-0.056229754249584,-0.1106817562338574,-0.012005142379809,0.0013429837206187,-0.0119737450255514,0.46516994,0,69.83741554,1.1550203080493724,1.0365604,1.2951863724273978,1.728326984045208,1.7004118415553968,1.2951863724273978,1.2921455,19.65552202215332,15.353180639019158,18.31211240762799,18.197076522470507,18.058780374256283,17.792673502452285,47.22658007378781,0.035067618,5251.343277103456,0.18587829,0.08186848,0.69422907,88.38904,40.676567,0.4780080652724374,0.6728963,0.25217763,1.0,0.3930789993072161,88.38904,40.676567,5097,8,30.95183673469388,0.4,0.3930789993072161,-0.2687969259444931
100.99342,33.8196,28.930014,18.77064,17.941557,16.41371,12.295949,12.363379,13.026121,12.140071,11.194572,9.947497,8.8758545,0.01056153,0.0010770533,-0.00043464493,0.00053553627,-4.1917472e-05,0.00070352183,0.00032994983,0.00020959586,0.00039427698,0.00031831532,-3.087982e-05,0.00012117709,-0.00028725486,0.11682504,952.6131508664832,543.2903043038577,0.0701962030269326,0.31085163,0.33297396,0.30209944,0.4151914,0.31028593,0.36106008,0.35746428,0.32424042,0.43761852,0.3573176,0.35557026,0.3162103,-0.1596100631942649,-0.1216296302582068,0.0631829571719898,0.0083032020970315,-0.0171520285535841,0.0040904612465906,0.43761802,0,73.828125,1.1557207699859275,2.0161169,1.1536355352832,1.598347788148124,2.971371097963709,1.1536355352832,0.7381254,16.765440251286876,16.66191350168488,19.37702380065142,18.06500408769235,18.40200400485188,20.388413221993616,46.16513055846956,0.038376186,5282.937673103052,0.18485147,0.12727647,0.5922279,114.52534,64.706795,0.5056940351994903,0.5036608,0.36987132,1.0,0.230755724399132,114.52534,64.706795,6350,8,36.449115646258505,0.4,0.230755724399132,-0.523778769031231
115.99534,42.73731,24.075829,17.342165,15.246032,13.806579,12.620363,11.414871,10.329794,10.899662,11.069432,10.223494,8.578334,5.805684e-09,1.0885658e-09,1.0885658e-09,-2.5399867e-09,3.6285525e-10,-1.8142762e-10,-7.257105e-10,1.8142762e-10,-8.164243e-10,4.5356907e-10,1.8596331e-09,0.0,3.1749833e-10,0.062245272,854.5792951709132,934.4294019587768,0.0297387413326455,0.41609097,0.36921325,0.45291024,0.41555294,0.5007339,0.41799504,0.38196683,0.44250223,0.40120178,0.41462204,0.34952945,0.37778512,0.1025265132266054,0.0923332157754173,-0.0366244711151762,0.0557250368140343,-0.0030877554499196,-0.0143002342098495,0.50073296,0,112.34714674,1.7985304741010275,1.4820359,1.11004745121885,0.9651894392370252,0.7048141563088693,1.11004745121885,0.8973692,20.34797217612072,15.094686968978344,18.555376198033507,17.808753124751753,19.1006602468968,23.686198884151143,45.05505132555351,0.04426333,3646.4266363111446,0.1286177,0.044385783,0.7434356,53.260155,36.33405,0.4352168949771689,0.8816376,0.10493988,1.0,0.8533667090200788,53.260155,36.33405,4575,8,30.511020408163265,0.0,0.8533667090200788,1.7464346350823429e-15
113.70791,32.85152,20.221918,18.009468,15.500959,13.405293,12.963975,10.964397,11.209651,12.453552,12.011398,9.414842,8.607766,1.0160672e-08,-5.080336e-09,0.0,1.905126e-09,-3.17521e-10,-1.905126e-09,-7.1442224e-10,-1.270084e-09,-1.905126e-09,3.17521e-10,-7.9380247e-10,2.3814076e-10,-3.17521e-10,0.106383756,960.9716028351976,646.6700381573423,0.0535238413405487,0.3012433,0.3666382,0.27850848,0.39095297,0.46437636,0.3063647,0.4082696,0.31017357,0.45303765,0.3665421,0.2948434,0.37967473,0.0394503398991218,-0.1433220879359327,-0.0554763101588148,0.057023623004116,-0.0009258893536503,0.0100037580104953,0.46437702,0,107.66601562,1.7209353146853146,1.8402827,1.2796548248498625,1.0094911736981993,0.8594635211343421,1.2796548248498625,0.75682217,24.059825522192977,16.53519584798236,19.671229336417586,18.3348133106204,18.963434531602324,18.180217821968984,45.874717018962734,0.023335172,5520.703551748221,0.17400461,0.10149789,0.6315876,94.58115,68.925674,0.3742923742923743,0.67015135,0.27954134,1.0,0.4251813037943718,94.58115,68.925674,2248,8,17.432380952380953,0.4,0.4251813037943718,1.7464346350823429e-15
94.707504,37.186356,21.566498,17.306675,15.436607,12.538095,13.059427,11.79936,11.250863,11.715419,11.708676,10.747653,11.03566,-4.061429e-09,4.061429e-09,-8.884376e-10,1.5230359e-09,2.7922324e-09,-1.2691966e-09,-1.2691966e-10,-5.076786e-10,5.076786e-10,-2.5383933e-09,-1.2691966e-10,-6.345983e-10,-3.8075898e-10,0.105211064,743.2800092121362,699.8546188991601,0.0347231509294563,0.34178674,0.18643725,0.31966564,0.39814922,0.18756875,0.2588605,0.18306911,0.35050598,0.31458017,0.1998128,0.22656561,0.2015117,-0.1785229424577482,0.1892944552398149,0.1093107586780642,0.1004020038329429,-0.0235892500126157,0.017232506507014,0.3981491,1,135.99917763,2.17819954741074,1.622142,1.8338297428802248,0.965888701499741,0.7813056532624097,1.8338297428802248,1.0797203,20.79739598496808,16.45536863736358,21.568609933835614,20.68490749530419,20.78753310245219,24.532253494621937,52.39045625175702,0.023759104,4164.516899184023,0.14949708,0.06911646,0.68383867,73.75314,60.781967,0.3985092506322374,0.8074764,0.16691615,1.0,0.663485936180597,73.75314,60.781967,2994,8,21.807001133786848,0.0,0.663485936180597,1.7464346350823429e-15
103.19155,25.484629,22.298393,17.192474,15.889326,12.875692,12.838679,10.377972,14.564214,11.125898,11.8209,13.268157,11.528104,0.00623863,0.0047201877,0.0013311211,0.0014172142,0.0013030341,0.00070816866,0.00010174767,-0.0003031692,-0.00069603627,-0.0005552072,-0.00046192625,-0.00046933757,-0.0009263458,0.12405684,780.5477005387276,472.0527989725739,0.0506447903082414,0.37570465,0.36855525,0.33253393,0.5380091,0.3162455,0.37217426,0.19915025,0.2637285,0.27137434,0.22994727,0.35648325,0.24363412,-0.2091844435932427,0.095314740651746,-0.0039019649216053,0.0079418161083363,0.0076412642932419,0.0102277550255469,0.5380097,1,117.45383523,1.886008059132447,1.774616,1.7059433727334137,0.8124953899374858,0.5537080707369577,1.7059433727334137,0.8328228,25.83436644420705,16.733735869663445,20.758026780446738,19.20797028289904,19.183609626343664,18.655840227573776,45.8566829539506,0.023754736,6000.873404611851,0.18281145,0.10192714,0.6420303,97.85796,66.871056,0.4300973178257773,0.5837703,0.3017138,1.0,0.2768105152412269,97.85796,66.871056,3624,8,24.45641723356009,0.4,0.2768105152412269,-0.1700454016525553
97.62185,49.775433,42.69561,27.66104,22.518742,21.484167,22.217043,21.002703,17.396833,18.455929,15.476275,13.158439,15.801979,-1.15016e-08,1.9169333e-09,2.8754e-09,-5.2715667e-09,-5.2715667e-09,-9.584666e-10,-2.0367417e-09,-4.792333e-10,1.4377e-09,1.4377e-09,-1.1980833e-09,-2.8754e-09,2.7555915e-09,0.12387566,750.5627065022721,653.9815801728435,0.0522652250373453,0.4293073,0.35242268,0.5135038,0.31341213,0.32482705,0.25426862,0.25435024,0.36616445,0.2604284,0.32865062,0.248191,0.30925956,0.1171446493930124,0.1226766139260426,0.0407316808537319,0.0098742274912338,-0.0225562709819055,-0.0063392263994231,0.5135028,0,117.45383523,1.899216883302042,2.0254867,1.970695827351164,1.0988401627306703,0.9124982527240748,1.970695827351164,1.1701738,17.432225727784978,15.160280265380178,18.19126835050793,18.75578828937402,21.644445599902056,40.71956661859416,52.88876079465803,0.031254906,3491.9078086968043,0.1869195,0.12790178,0.5937302,117.44789,65.05735,0.4635004397537379,0.7326756,0.21270978,1.0,0.4849684351405267,117.44789,65.05735,3689,8,23.101626984126984,0.0,0.4849684351405267,1.7464346350823429e-15
120.11381,47.97547,33.14364,21.399902,20.034569,16.670965,16.18897,15.590852,14.93635,15.3308935,13.672333,13.144618,11.698519,0.025631417,0.0140686575,0.010768711,0.0073135034,0.0040484094,0.0018869508,-0.001954268,-0.0006640061,-0.0024870506,-0.002526781,-0.0009804578,-0.0011980006,-0.001301454,0.082551405,1303.697215175566,863.6148897231719,0.0733216381965893,0.46316278,0.33717424,0.3586369,0.26017645,0.22612548,0.35433465,0.2800348,0.42655486,0.280529,0.2604425,0.3582872,0.29156506,0.0026512897771329,0.3172011324285837,0.0705884276158357,-0.0476554793588073,0.0269608013290082,-0.0307439111747167,0.46316317,0,107.66601562,1.78690610938403,2.0790443,1.2271940461823108,0.8615796957342555,0.7388418419265418,1.2271940461823108,0.61197144,22.62413529982837,17.10982677116067,21.28925164162732,19.50041365220222,19.316427067941166,19.980565155182884,47.25289860698452,0.026847323,4761.643554445597,0.10006343,0.054635216,0.64682394,52.055756,44.33161,0.4174408522234609,0.6682461,0.33187944,1.0,0.4963447474251825,52.055756,44.33161,3370,8,23.43435941043084,0.4,0.4963447474251825,-0.7405151040664819
103.525986,36.165173,27.998915,18.517517,15.643275,13.646979,10.585742,10.182935,11.631538,12.087416,11.844394,10.853101,8.692894,3.8985153e-09,-5.847773e-09,1.9492576e-09,-3.1675438e-09,2.436572e-10,-2.3147435e-09,-4.873144e-10,2.436572e-10,-6.09143e-10,-1.7056004e-09,-1.0964575e-09,2.436572e-10,7.309716e-10,0.12011328,888.4395113857632,729.5916048950565,0.0492553453148269,0.38994092,0.46711212,0.32916307,0.34144944,0.2791012,0.3855939,0.57885015,0.39273432,0.39765885,0.29312587,0.39202428,0.41066203,-0.0613864091745446,-0.176331740123533,0.0044742150067531,-0.0900737133459073,-0.0127412148130646,0.0223649256581268,0.5788502,0,103.359375,1.6451840384246836,1.6883506,1.4291370930492395,0.8144436157541058,0.6493527040693983,1.4291370930492395,0.73060083,20.562051421134434,15.682939489745026,18.782424379947493,17.761129865950988,18.005135118741716,18.70727332117156,46.79197781218149,0.03232077,4701.193659903751,0.15740022,0.08743519,0.6428791,80.11606,66.79496,0.3393381883224735,0.71867836,0.24052513,1.0,0.4833659891029646,80.11606,66.79496,2656,8,22.717823129251705,0.4,0.4833659891029646,1.7464346350823429e-15
94.47305,24.269352,19.822134,15.4546795,12.959084,11.927448,11.818372,10.491829,11.177384,10.441842,9.565034,9.210509,8.525545,-2.9907465e-09,-1.4953733e-09,8.411475e-10,1.4953733e-09,-2.0561384e-09,-2.803825e-10,1.2149908e-09,-2.3365207e-10,1.3084517e-09,-1.8692166e-10,-3.7384332e-10,-1.4019125e-09,9.813387e-10,0.12572174,661.7319642667192,385.2709728095208,0.0526536323483285,0.48634264,0.31570947,0.32689893,0.2959152,0.40323862,0.40426502,0.33283034,0.4560863,0.3276732,0.3729286,0.3548011,0.36437556,0.0557483238473502,0.1394739484499972,0.0139026034685261,0.049815175264753,0.0142737243354157,-0.0018484778698607,0.4863433,0,123.046875,2.047012816979052,1.7894875,1.1850456634018105,0.8741856551487364,0.6716719390974416,1.1850456634018105,0.8304809,18.678413131081403,13.818271905618264,17.799560630041377,17.57136409509552,17.52096558118212,16.743562879478443,45.65383045970695,0.03468712,5427.85176299965,0.17658918,0.18194821,0.49252516,147.19658,76.57627,0.4763304910320494,0.611501,0.32128814,1.0,0.3480575445544372,147.19658,76.57627,4860,8,29.616326530612245,0.4453617714151233,0.3480575445544372,1.7464346350823429e-15
114.60243,43.408092,28.846123,22.159454,16.951656,16.197083,14.554393,14.228864,14.262944,12.065829,10.823538,10.124107,9.611083,-6.307891e-09,3.942432e-09,-3.942432e-10,-3.942432e-10,7.884864e-10,0.0,-1.7740944e-09,1.971216e-10,-8.870472e-10,-1.3798512e-09,9.85608e-11,1.0348884e-09,-9.85608e-11,0.15477814,1372.2723960021503,815.8766580167858,0.0767079566201448,0.28544357,0.38570538,0.26356038,0.23024401,0.3330553,0.22709392,0.26754442,0.2551742,0.41664827,0.504904,0.35248226,0.36243665,0.148810837876805,-0.1390668933442261,-0.1863759167097718,-0.0116322982574267,0.0074575616874287,0.0488867747351433,0.5049035,1,151.99908088,2.328034156976744,1.9173151,1.427556590343877,0.7468987642375313,0.5209319169482602,1.427556590343877,0.75006825,21.578291641096687,17.261320838093383,20.764592147337776,19.01736899998161,18.424958535700128,18.02209902008563,46.51123842858136,0.07622713,5654.329612955864,0.19403805,0.07617949,0.7180782,79.148415,63.900665,0.3912144702842377,0.6175075,0.35244614,1.0,0.3481385992558225,79.148415,63.900665,3785,8,28.081632653061224,0.0,0.3481385992558225,1.7464346350823429e-15
111.51792,38.441925,22.661425,16.316418,16.396246,14.7289295,13.103197,14.517227,12.135171,9.616126,10.310792,10.195594,9.43669,-0.002223203,-0.0018642163,0.00041080647,0.0012712065,0.00066705793,0.00019057594,0.000291102,0.00023258236,-7.605386e-06,5.8204078e-05,0.00017477122,5.3104486e-05,-3.6624537e-05,0.1248741,1062.4047010869035,725.2504929992089,0.0602535531363821,0.3739106,0.37135908,0.3070545,0.48807558,0.32594836,0.425408,0.3435579,0.3053909,0.39378214,0.3070487,0.37172785,0.25401738,-0.2012645115257395,0.0053370688363389,-0.0038823866678038,0.0058393291620623,-0.0048802595795029,0.0326890959584232,0.48807618,1,112.34714674,1.7561287715517242,1.7285966,1.4073219979453375,1.6417335796835242,1.4820935374801116,1.4073219979453375,0.84296453,23.010665006334868,17.002320055169086,20.41892762966308,20.094601627016115,19.68921782515205,20.93706114648709,48.09727345248831,0.015141796,4713.772540836853,0.20605429,0.106202304,0.6598856,96.36989,67.59548,0.4042145593869732,0.7039658,0.26506057,1.0,0.4934266985222667,96.36989,67.59548,2954,8,21.21142857142857,0.4,0.4934266985222667,-0.019314089996016
110.24607,46.002934,33.40917,23.998098,22.54594,18.706814,18.457388,16.014372,15.072415,13.679413,13.612812,14.203974,12.942613,-7.229084e-09,-4.5181774e-09,-9.036355e-10,-2.2590887e-09,9.036355e-10,0.0,-7.906811e-10,-2.7109066e-09,1.1295443e-09,-9.036355e-10,1.0165899e-09,1.2424988e-09,-3.3886333e-10,0.1256128,1363.675430388471,566.1250228297206,0.1044815610027489,0.32609144,0.41458535,0.3689995,0.33312407,0.34023878,0.28879896,0.38166407,0.3030604,0.3851376,0.45978504,0.3506079,0.4243971,0.1051460605751259,-0.206641066662853,-0.0423271462596944,-0.1163969706220635,-0.0008817509280533,0.0290854102266489,0.45978472,1,135.99917763,2.132283027379672,1.9445486,1.5609191775832694,1.193872299718807,0.9446858624104082,1.5609191775832694,0.88794017,24.33582463984703,16.146365713071393,20.902343522688888,20.13770763542156,21.614180181319583,19.55583206874348,47.59929926428297,0.029234512,5925.70388145135,0.1715777,0.0911148,0.6531478,85.28606,59.780964,0.44136460554371,0.56375384,0.33387157,1.0,0.2640391848695775,85.28606,59.780964,3726,8,24.50425170068027,0.3142696805273545,0.2640391848695775,-0.9541564067817973
98.79106,43.160847,28.06304,19.267797,19.153294,15.705172,14.312887,14.529283,15.247959,11.763911,12.742904,11.654437,10.6535,-7.1286097e-09,8.019686e-09,-3.174459e-09,2.6732285e-09,-2.7846132e-09,2.2276905e-09,0.0,-6.6830713e-10,2.7846132e-09,-1.1138452e-09,-1.8935369e-09,-5.569226e-10,-1.1138452e-09,0.1343672,1140.0359440133898,748.9026601503588,0.0715408020400957,0.28703317,0.28534484,0.31055835,0.27434906,0.38557702,0.26210696,0.36712888,0.35707498,0.27956682,0.44569615,0.3248282,0.42421478,0.2281278694505031,-0.0239039566861693,0.0098470359241796,0.0382001493623041,0.0122177360782732,0.0240331515668208,0.44569498,1,107.66601562,1.7808092293540474,1.6411583,1.4837207954853162,1.7617129523734538,1.6566401722866184,1.4837207954853162,0.85583043,24.652882208319305,17.860873692134856,21.435195011850382,19.96312574565772,19.29899217627749,20.259806072099646,47.787048743894765,0.019777972,4675.199931839085,0.13876854,0.087559074,0.6131286,72.42039,66.19776,0.3939960285013433,0.7177711,0.24576835,1.0,0.4853944961196785,72.42039,66.19776,3373,8,24.848253968253967,0.4,0.4853944961196785,-0.8884519659003519
104.02186,39.680805,25.462446,18.708666,16.50634,16.386393,15.444554,13.7961235,13.913928,12.902964,13.314091,11.13805,10.367798,1.382763e-08,-1.7284537e-09,-9.722552e-10,1.7284537e-09,7.8320556e-10,0.0,-2.160567e-09,-5.4014176e-10,0.0,-8.6422686e-10,-8.6422686e-10,6.4817013e-10,-1.512397e-09,0.11673501,1183.824909174521,531.164554962835,0.1111692333123784,0.45829803,0.34751302,0.46431223,0.32335496,0.35632196,0.32051858,0.27697378,0.42313927,0.3518391,0.3684032,0.31140533,0.37861228,0.2099775804496406,0.1068055990184657,-0.0512355581025323,0.0576593634825372,0.0017613303188492,0.0239363959306232,0.46431306,0,71.77734375,1.131844783537672,1.6798149,1.6021833991088517,1.1210097493502904,0.7938265580002839,1.6021833991088517,0.84610796,22.7941384024408,16.51615367818019,19.7839196453657,18.880777090685086,19.01815760479975,19.26167932885184,47.97057011556659,0.025250703,5639.927144433019,0.22568761,0.11073378,0.670846,99.56273,62.637222,0.4412597711566783,0.60841537,0.28998852,1.0,0.2918793520390387,99.56273,62.637222,3895,8,25.62188775510204,0.3142696805273545,0.2918793520390387,-0.9778946445538
93.39533,37.204884,31.032188,17.235538,17.786816,15.464636,14.534279,13.477711,12.798375,12.244443,11.131286,10.775169,9.605482,1.0128636e-08,-6.7524235e-09,-1.0550662e-10,-1.899119e-09,4.7477977e-10,1.2660795e-09,2.0046258e-09,8.4405294e-10,-7.3854634e-10,4.7477977e-10,5.275331e-10,-6.0666305e-10,4.7477977e-10,0.101163596,1062.882171588136,537.127707930439,0.0697123602254011,0.29640642,0.388259,0.37141052,0.32875282,0.444115,0.3305279,0.42019105,0.34644377,0.36253163,0.3854127,0.3006073,0.36962274,0.105373009035759,-0.022837935877432,0.0603343565879629,-0.0183373465234076,0.0351166875955479,-0.014833402984882,0.444115,0,99.38401442,1.6010525005532197,1.8071586,1.562316014223088,1.193766895313342,0.8413251595303748,1.562316014223088,0.878667,22.217920695432326,16.674702603494772,20.615428884321165,19.675423377718577,19.57066470040538,19.83296690046261,47.25513470725652,0.02887601,5509.089801938993,0.12836304,0.0876129,0.5943368,78.223366,64.26739,0.3416685107324629,0.6529381,0.35199988,1.0,0.4350122560813505,78.223366,64.26739,3088,8,26.232743764172337,0.3142696805273545,0.4350122560813505,1.7464346350823429e-15
78.161804,43.218246,44.92723,27.380812,24.303951,22.883892,20.46073,18.834805,16.50788,16.07484,13.070308,13.520339,11.588603,0.021747135,0.014275477,-0.0034422313,-0.00017054024,0.0010179651,-0.0012299286,0.0016274973,0.00058230315,-0.00012344115,0.0023773934,0.0020118314,0.0022249024,0.002834432,0.15203486,1189.5547416807578,707.5618132820963,0.0876583484566563,0.49449936,0.48205394,0.50106764,0.53390884,0.48837775,0.48494026,0.48592436,0.58773756,0.649065,0.531518,0.53135574,0.49221012,-0.0363451163148722,0.0796866341698422,-0.0838553435301042,0.132228381543341,0.0521454362018884,0.0359792542353391,0.6490659,0,117.45383523,1.893680613207292,2.3485284,1.4891593186585543,1.3518485565239409,1.1680030053332104,1.4891593186585543,0.98292726,19.51696536237634,14.17662993018206,18.354196339925,18.13977087874582,18.610050534576164,23.226846963142314,52.78332906583995,0.01365306,5698.025574745841,0.21339504,0.107378036,0.6652503,88.81566,68.56143,0.305427175491879,0.57351834,0.29143202,1.0,0.2206723430657143,88.81566,68.56143,2313,8,21.981003401360542,0.0,0.2206723430657143,1.7464346350823429e-15
112.98897,49.48879,29.646507,23.332943,21.62788,18.51508,16.107515,15.363366,14.588091,14.134687,12.470263,11.560224,11.560185,0.0028783334,0.0030342382,0.001062816,-2.2781527e-05,-6.2120735e-06,3.0091747e-05,-0.0004232242,-0.00083226955,-0.00071768096,-0.00033239563,-0.00017809017,-0.00032676835,-0.00043523146,0.1452605,1314.7709155715434,769.6867172692215,0.097495221835513,0.38997385,0.40765804,0.37714773,0.41554195,0.36627448,0.4806752,0.47499475,0.37693653,0.38457385,0.42272422,0.51731455,0.39772433,-0.1388813991035869,0.021783366977541,0.0085168497888564,-0.0758641665613111,0.0043762064755336,0.0280281912995493,0.51731414,0,71.77734375,1.0431581100429537,2.0391617,1.493087295192982,1.7267567043754235,1.9404990735927403,1.493087295192982,0.8224622,22.42163759162242,15.211264710329298,17.766736535416552,17.79098524419533,17.247170469100585,17.861816043316587,45.86692648071049,0.035434697,5043.675410010165,0.112814166,0.10318624,0.5222844,87.45657,81.392166,0.4205651864165281,0.5518964,0.3465865,1.0,0.2832864971505673,87.45657,81.392166,3542,8,24.445,0.3142696805273545,0.2832864971505673,-0.0587533270160374
68.04439,24.284492,21.24247,16.394123,15.234731,12.500757,13.285974,11.010206,10.58178,10.82796,9.918574,9.243235,9.500978,-0.02167652,0.002870972,-0.00039056508,0.00029956392,0.0006516687,0.0002797866,0.00030274107,0.0012701624,-0.0008805772,0.00019145716,0.00048620222,-0.00061177375,0.0013247441,0.10198002,765.7670477540046,330.63472957769204,0.0713024604154981,0.38726878,0.4597188,0.35649347,0.41243893,0.45423305,0.35069504,0.4156623,0.34805736,0.4832767,0.6043279,0.4424067,0.46379343,0.0796592949321864,-0.0935162739689755,-0.0627966100605045,-0.0029451484281354,0.0019010171130874,0.0211568391651788,0.6043279,1,129.19921875,2.1052250896886933,1.6491112,1.414295094071021,0.8474983623734444,0.6531030735734661,1.414295094071021,0.9640513,18.538486583765582,13.95801753224025,17.385313995843088,17.475929127404097,18.41346728586209,18.1744260704195,46.44013849691896,0.038757782,6115.414803287314,0.1570368,0.13944358,0.52966833,116.641,65.3333,0.3822832312857989,0.57179713,0.2988672,1.0,0.2437802912783496,116.641,65.3333,3871,8,29.39115646258504,0.4714045207910317,0.2437802912783496,-0.6294921998346255
78.05522,28.41771,19.843601,14.633334,13.790643,11.013078,11.354217,9.926899,9.880673,9.642561,9.822262,9.246226,8.60118,-2.6732285e-09,4.009843e-09,-2.506152e-09,-8.3538393e-10,-7.9361473e-10,0.0,7.5184553e-10,-5.012304e-10,1.0859992e-09,-1.6707678e-10,-5.012304e-10,8.3538393e-10,-4.1769196e-11,0.07288971,760.5326194391985,424.7232999039564,0.0510421017876877,0.35962906,0.34461468,0.37670273,0.5146538,0.41458005,0.49030998,0.48126605,0.39496505,0.52505934,0.42385998,0.5169904,0.42030987,-0.1066891232365808,0.0488572382352502,0.1675653966841359,-0.1606122439855025,-0.0468857985399498,0.0537724000840728,0.52505964,0,135.99917763,2.169354673127464,1.5083141,1.6779785799500817,0.7629677652114191,0.5206028507820729,1.6779785799500817,1.0237056,22.329327522020723,14.463604497358146,18.973058888850485,17.37550008004286,18.43497727470753,16.82918384307751,46.81997063837423,0.015413489,4615.209954521752,0.1399468,0.07458427,0.65233517,64.56389,51.806866,0.3064388961892247,0.81356263,0.18875156,1.0,0.7033200430775184,64.56389,51.806866,3498,8,33.13197278911564,0.0,0.7033200430775184,-1.0238466929751049
100.36283,41.42961,27.588997,20.02765,15.767536,14.378135,12.599997,11.914903,10.817141,10.1462,9.49606,8.834895,10.465502,4.4486264e-09,-8.897253e-09,9.267972e-10,1.8535944e-10,-2.965751e-09,2.8730713e-09,5.560783e-10,-3.7071887e-10,9.267972e-10,-3.7071887e-10,1.1121566e-09,-5.560783e-10,-1.1121566e-09,0.13209729,1104.5138497624707,848.0941170119785,0.0554132308054352,0.45596305,0.4560672,0.34523463,0.37487474,0.3536416,0.490396,0.3632889,0.3509563,0.44879928,0.3669586,0.38954464,0.34848008,-0.1133612710520837,-0.1282955645490241,-0.1383391694325291,-0.0807752300631278,0.0186389185515973,0.0271542862757026,0.49039608,1,112.34714674,1.7998400901448148,1.6770359,1.2148022173910682,1.8077762940144864,1.740064746361932,1.2148022173910682,0.8702709,21.60541471136888,16.509927461264194,19.656644157972345,18.79502366811012,19.220534344850805,19.036575970987904,48.348423252432895,0.013488065,4090.1273018973216,0.1676181,0.11247879,0.5984268,98.357185,88.45143,0.3402663038196132,0.7119911,0.27799636,1.0,0.5162651238476788,98.357185,88.45143,3501,8,29.8637641723356,0.3142696805273545,0.5162651238476788,1.7464346350823429e-15
96.81707,57.517685,51.28819,31.13842,28.674593,21.35104,20.516062,22.049667,15.72286,14.182812,14.1289425,12.75199,12.56217,0.0001219731,0.00017062052,0.00016506121,0.00015615387,0.00014428828,0.00013008798,0.000114232746,9.7483615e-05,8.0627484e-05,6.4422085e-05,4.955738e-05,3.6616933e-05,2.6061925e-05,0.13745159,1600.9944231825637,773.4901029172879,0.1087686916342837,0.45521146,0.43902186,0.44947535,0.44652623,0.48983523,0.48984498,0.47607875,0.4527026,0.43354073,0.46878928,0.4517548,0.45766073,0.0690520292971969,-0.0023043313262935,-0.003926263866483,0.1449442507586581,0.0403827742258445,-0.014634029503455,0.4898447,1,143.5546875,2.284568910585671,2.2179945,1.763315219595719,1.271151376906413,0.9059719466394864,1.763315219595719,0.9942511,19.449426131287503,14.704718949867852,18.366955872781,17.431691500687304,20.153735179801146,25.690486092486218,51.92906731070537,0.018571481,5227.64360845254,0.13803531,0.08901446,0.60794914,69.24954,53.779068,0.4465683219059491,0.5968669,0.3528193,1.0,0.3283692286738131,69.24954,53.779068,6448,8,41.91162698412698,0.0,0.3283692286738131,-0.8532755279693341
113.70831,44.30441,27.289818,19.662067,15.602135,14.272759,12.502425,11.65767,10.77427,9.603529,9.48248,8.427744,10.253177,1.1102684e-08,1.8504474e-09,-9.252237e-10,-1.6191415e-09,1.7347944e-09,2.1974063e-09,2.891324e-09,-4.5104653e-09,-9.252237e-10,1.6769679e-09,-2.3130592e-10,1.1565296e-10,2.891324e-10,0.13449194,1141.4164357123404,847.7672096630308,0.0612177405302754,0.46402717,0.46735793,0.33877572,0.3782303,0.3532952,0.49630386,0.35517067,0.34342045,0.4522895,0.35679471,0.3935122,0.35038793,-0.1333756894805638,-0.1348460158446322,-0.1436935867282983,-0.0815302014378905,0.0201169266124151,0.0270682909340098,0.49630314,1,112.34714674,1.7916042866889024,1.6541071,1.4167797431989932,1.7393166330013567,1.586520715457324,1.4167797431989932,0.8826774,21.354543503125907,16.50701988024387,19.924654272328905,18.777116548132337,19.081114072279323,18.91168497703984,47.98884551070781,0.019799734,4137.666608360303,0.16983818,0.11273523,0.60103875,98.3614,88.45558,0.3484536082474226,0.6958363,0.28715897,1.0,0.4845754450125062,98.3614,88.45558,2873,8,23.93106575963719,0.3142696805273545,0.4845754450125062,1.7464346350823429e-15
150.377,46.756065,31.608532,22.072996,21.313416,18.768032,17.573986,16.288738,14.428205,13.369698,11.284155,10.262967,9.483509,-1.784213e-05,-2.5199928e-05,-2.5101519e-05,-2.492745e-05,-2.4684512e-05,-2.4377247e-05,-2.3999348e-05,-2.3562237e-05,-2.3054934e-05,-2.248943e-05,-2.1864405e-05,-2.118074e-05,-2.044602e-05,0.07578747,1329.265952330638,621.6056050502053,0.1110941680868547,0.59288055,0.47058195,0.41579935,0.3939269,0.3864903,0.46566373,0.36887154,0.41120434,0.42169884,0.43468782,0.3838469,0.43451428,-0.0234987925184327,0.1036639362329892,-0.0836707415173745,0.0398692351047733,-0.0253163231539413,0.0106836770664673,0.59288037,0,135.99917763,2.1545150528250416,1.7790015,1.5660897182601323,1.0130113314777467,0.6763088717341231,1.5660897182601323,0.8222704,21.883502469935017,14.704022255835426,17.408121610591653,17.364413043613972,17.672930773071034,17.75025541998199,45.05021905142453,0.04180389,5515.668755688714,0.051773384,0.05901363,0.46731934,47.719646,46.41844,0.4110412428333642,0.7085259,0.23406015,1.0,0.4322393364295792,47.719646,46.41844,4445,8,31.387573696145125,0.3142696805273545,0.4322393364295792,-0.2269971100960434
82.79588,34.58522,30.607492,20.26225,18.832275,15.919934,15.453994,14.138355,14.833704,12.172105,11.237959,10.536931,9.377957,0.0009545958,0.001010179,0.00020280672,-0.0005671151,-0.0008348656,-0.0005138638,3.021382e-05,0.0002815499,2.6005995e-05,-0.00045928822,-0.0006705098,-0.00034822954,0.0002924617,0.1093151,812.8935862877813,581.4032162650234,0.0465391687025253,0.2676689,0.3106298,0.29843032,0.4641423,0.4502296,0.42579,0.4046821,0.32227713,0.4140899,0.33464506,0.44296357,0.39383817,-0.1631686371311752,-0.1032003846164272,0.1151614810510235,0.1598578571017653,-0.0285065580011048,-0.0121771418982378,0.46414158,1,135.99917763,2.161616975164012,1.754992,1.8538110564297603,1.2254316324322534,1.0537813291499658,1.8538110564297603,0.8902012,20.890306283696592,16.45078797611091,20.502727288438297,19.576570700992743,19.125909622776803,18.53583871029402,48.150731847287794,0.013461565,4217.57849868463,0.18244554,0.10584886,0.6328423,100.11475,68.815865,0.3952931375611788,0.7022264,0.2336406,1.0,0.4293266150904428,100.11475,68.815865,3796,8,27.87265306122449,0.3142696805273545,0.4293266150904428,1.7464346350823429e-15
92.08516,33.03234,27.504875,18.258234,18.402893,10.394656,12.289759,10.739936,9.838096,10.175021,9.560528,9.338178,8.10842,0.0,-4.033225e-09,1.833284e-10,3.208247e-09,-1.0083062e-09,-1.833284e-10,4.58321e-10,2.291605e-09,-5.4998517e-10,-8.7080987e-10,0.0,8.249778e-10,2.5207655e-10,0.10247544,901.9384328464251,657.182459793755,0.064906801162612,0.35451716,0.22955044,0.3804153,0.41856042,0.25069284,0.3744337,0.2839888,0.4384964,0.2853632,0.31998196,0.3584921,0.26872084,-0.1141373965142223,0.1938578807993057,0.077712866543462,-0.0196532156483676,0.0071081781494198,0.0225453510229937,0.43849638,1,99.38401442,1.5895815127044306,1.374889,1.578599762494626,1.1028059141463615,0.8477963991816866,1.578599762494626,1.2231042,19.09899905027747,16.023823265733242,19.169267412479904,18.362114080730684,19.719219568989445,19.33744048779742,49.59016223918753,0.029108634,4523.039588796226,0.16337287,0.09820736,0.6245588,103.38276,58.79279,0.4888974334326637,0.6850719,0.23815076,1.0,0.4029218052796953,103.38276,58.79279,5086,8,30.196626984126983,0.3142696805273545,0.4029218052796953,1.7464346350823429e-15
91.74385,35.0636,26.440367,15.58317,17.049883,12.709365,13.651661,10.321836,10.130577,9.374212,9.414492,8.566423,7.099103,1.8399601e-09,4.1830344e-09,-1.8183981e-09,1.6027777e-09,-1.4949676e-09,6.324863e-10,-8.624813e-10,6.7561035e-10,-9.235737e-10,-1.6890259e-10,3.28821e-10,-1.5093422e-10,6.971724e-10,0.110184446,780.4755666973965,567.4032903532936,0.0517247692097786,0.3327833,0.42776355,0.49641204,0.29655492,0.33085477,0.28346896,0.49320108,0.37045667,0.34958437,0.41531482,0.3844329,0.5344539,0.1429945592523067,-0.117298756922382,0.0861548611073989,-0.0858584553931831,-0.0332863752000864,-0.0154343410251058,0.53445303,1,129.19921875,2.0982544224759745,1.4718379,1.5091944654295484,1.3628276809844786,1.0467229513199774,1.5091944654295484,0.84428734,19.80686127463833,15.225751959441189,18.75531776780392,18.52987924576373,18.893901880261588,18.4161231367595,50.339548846645,0.029605448,4301.9616388633485,0.19327538,0.10554699,0.646788,101.4846,60.65521,0.4447660395561987,0.6644064,0.28600842,1.0,0.4163282616332844,101.4846,60.65521,3688,8,24.067624716553286,0.3142696805273545,0.4163282616332844,1.7464346350823429e-15
111.04451,41.297295,26.877214,17.723045,16.066858,12.489691,11.810807,11.866232,10.888679,9.495924,10.359087,9.123663,7.8740087,-0.0024046204,-0.0018997532,0.00073007715,0.001657577,0.0008177951,2.6788648e-05,5.6495443e-05,0.00029407523,0.00020033584,-0.00011669157,-0.00030194139,-0.00021747983,-7.754388e-05,0.14260754,960.3473068405968,789.9270297790579,0.0434718980410447,0.39108464,0.4316707,0.3934893,0.28242186,0.35595945,0.30619165,0.4330485,0.35103393,0.34089574,0.39825857,0.37043315,0.5529367,0.1599393967885878,-0.1591099065880661,0.0533138168207969,0.0264254029282126,-0.0229505337883426,-0.0174111349092423,0.5529377,1,103.359375,1.3964198455008685,1.4843572,1.5199603612731505,1.1726629202303918,0.8580071563219895,1.5199603612731505,0.86851054,22.07831237757518,16.323420222117445,18.74851479773797,18.852731341268164,18.83456421221902,20.72485606194948,48.24870118702961,0.011049649,3485.070469310433,0.22902708,0.090864085,0.71595085,93.361755,73.02056,0.4371757457846952,0.6931245,0.28694588,1.0,0.479823772381742,93.361755,73.02056,5393,8,35.805850340136054,0.3142696805273545,0.479823772381742,-0.0074575424945873
111.83027,41.93641,26.173178,17.30271,15.684128,12.255023,11.334577,11.414228,10.502722,9.289076,10.089522,8.800518,7.6352806,-0.008720412,-0.008622852,-0.0017787294,0.0015175852,0.00063960644,-0.00056672306,-0.00023370325,0.00045009004,0.00033708324,-0.0003080114,-0.0006688307,-0.0004161446,-8.443478e-06,0.14213397,969.6141055379434,781.6176573826011,0.043815686369594,0.38938582,0.42992908,0.39475965,0.28296375,0.35620385,0.3055154,0.4322659,0.35197085,0.3418913,0.40063736,0.36967078,0.55122423,0.1587063902076742,-0.161523145377712,0.055759434048637,0.0243542596983389,-0.022463478297538,-0.0182719138954946,0.5512262,1,103.359375,1.6899146982770223,1.4581025,1.4970308106341388,1.13419107761596,0.8412169050184818,1.4970308106341388,0.84027505,21.04962660740425,16.04965983528404,18.62950544604596,18.80534535056205,18.69877634180444,19.032888564285216,48.594349907697406,0.011698589,3503.772484292663,0.22840106,0.09164176,0.7136556,93.33701,71.84199,0.4389492459867034,0.6922272,0.29006368,1.0,0.4807761766218009,93.33701,71.84199,5414,8,35.80062358276644,0.3142696805273545,0.4807761766218009,-0.0060063709197378
110.69412,41.2197,27.460215,18.111364,16.2921,12.691106,12.031492,12.018215,11.099215,9.67965,10.556557,9.27381,8.006755,-0.0024104954,-0.0018942822,0.00075176253,0.0016659873,0.00080099923,9.323312e-06,5.6450375e-05,0.0003025271,0.00021019996,-0.00010986039,-0.0003160496,-0.00024530277,-7.1379975e-05,0.14248882,957.6286646554994,790.8109531938873,0.0433885343365875,0.39167953,0.43072748,0.39407253,0.2819113,0.35529855,0.30533198,0.4319514,0.35133246,0.33966604,0.39808363,0.36948764,0.5529864,0.1593907114385225,-0.1613611729456904,0.0540128643199469,0.0259549892287245,-0.0226775497539853,-0.0182065861776307,0.55298656,1,103.359375,1.3929287958871162,1.4903758,1.522603829766978,1.141458776308659,0.8527661880376806,1.522603829766978,0.8681121,22.194820779492137,16.338198984124375,18.83533515736028,18.927439675940043,18.899724921860027,20.40131500449653,48.280516937470914,0.010724117,3453.64599098811,0.22910184,0.09072533,0.71632785,93.2942,72.944435,0.4370136186770428,0.69516784,0.2846673,1.0,0.4817139237244,93.2942,72.944435,5391,8,35.805850340136054,0.3142696805273545,0.4817139237244,-0.0074836986694232
98.191505,45.302498,38.194424,25.946686,24.329018,19.960098,16.213833,18.718422,13.982611,13.392381,11.963856,9.97452,10.236447,-7.4026874e-09,9.253359e-10,6.940019e-10,6.940019e-10,2.3133398e-10,-9.253359e-10,-1.8506718e-09,0.0,1.2723369e-09,4.6266796e-10,-1.9663389e-09,1.1566699e-10,2.3133398e-10,0.11690014,1154.4644223874293,776.5690207367933,0.0732470058990753,0.4937485,0.50066805,0.44175977,0.40597865,0.4577075,0.41874835,0.5737831,0.57240003,0.44772145,0.4056816,0.41956744,0.475776,0.0278425922441625,-0.0965713942244647,0.0202324865017084,0.0082645320457082,0.0113560785598661,0.0226037840156898,0.5737837,0,129.19921875,2.1052597912117905,1.8823743,1.3622186839898571,0.9128637569170264,0.6033710158417063,1.3622186839898571,0.8966371,19.999714150039445,15.646533845475512,18.746335658526423,18.38233894606208,19.12777130666538,18.752434940224507,48.68755589967927,0.014314144,4512.429621171922,0.20770083,0.099412285,0.67629856,93.777664,61.930355,0.4622755943716642,0.62513113,0.2832514,1.0,0.3016109952886895,93.777664,61.930355,3811,8,23.92816326530612,0.3142696805273545,0.3016109952886895,-0.940664295596601
92.204994,46.791634,31.46938,18.44573,16.362389,13.48515,12.770601,11.95981,13.569679,10.972425,10.258774,10.049533,9.108835,1.4072479e-08,0.0,-2.8144957e-09,2.6385898e-09,-5.27718e-10,-1.7590598e-10,-1.7590599e-09,2.110872e-09,7.0362394e-10,-1.055436e-09,-6.1567096e-10,1.055436e-09,5.27718e-10,0.11049629,1236.2202874601587,719.507711619608,0.0748461322866898,0.27451426,0.34164435,0.27137044,0.33576423,0.42124167,0.26983368,0.39043465,0.3176218,0.570653,0.3839484,0.3204448,0.33135948,-0.0147214222032771,-0.2227893330210793,-0.0229966694890329,0.1277184197476453,0.0352638767526256,-0.0289838049115179,0.57065386,0,95.703125,1.5529841656516443,1.6922994,1.4595838995347563,0.7420557156614846,0.5188681861598473,1.4595838995347563,0.7622971,25.88839031389199,16.573531271702468,20.36417745551891,20.827865660434576,20.861990079942224,19.254447303662605,46.49155206214607,0.038486075,4916.81192692362,0.14161536,0.10041844,0.5851033,84.43171,61.224285,0.401586423169157,0.55851024,0.36282676,1.0,0.3241542623448477,84.43171,61.224285,4354,8,31.471666666666668,0.4714045207910317,0.3241542623448477,-1.0193589438078166
81.84992,32.466026,25.276052,15.948078,19.138536,14.327047,13.176905,13.5955715,11.581349,12.1009,13.55338,11.623846,9.514027,-0.010427617,-0.0043787113,0.0010101662,-0.003858382,6.8874084e-05,0.0007755004,-0.00076621247,0.00057533063,-0.0010484661,-0.0008389135,-0.000443209,-0.0009760355,0.0007549321,0.108602695,770.4369570311687,538.8104608582812,0.0473571602955813,0.50226074,0.39455315,0.29439527,0.31014666,0.3135779,0.5656961,0.27906767,0.33265913,0.42720306,0.34790477,0.30657092,0.28654605,-0.1887991955336945,0.1046035657796325,-0.1597302523499747,0.030021619090345,-0.0019204180267996,-0.0331668447122161,0.5656962,1,123.046875,2.036373769088765,1.4972311,1.4177077171254624,0.9147034023288828,0.6750418938364408,1.4177077171254624,0.896628,22.35184571265165,16.708887080672355,21.24590179220223,20.01695585445839,20.3064229096384,20.62131421586774,49.49225227417593,0.008770207,3642.766025954888,0.18404825,0.07088796,0.7219356,76.60646,60.754826,0.3741337138198125,0.77097934,0.20628554,1.0,0.5831830425118055,76.60646,60.754826,3671,8,28.48200113378685,0.3142696805273545,0.5831830425118055,-0.0581186198741914
82.41736,32.75991,25.382923,16.165487,19.440521,14.649832,13.1589155,13.702413,11.681306,12.122318,13.627199,11.712949,9.559483,-0.012514631,-0.0054157493,0.0013908981,-0.004238834,0.00014642949,0.0012942881,-0.0005501664,0.00075474055,-0.001059566,-0.0007951294,-0.0002694691,-0.0007272454,0.001299746,0.12347158,788.4985899648195,551.3396993903542,0.047801333572653,0.50056505,0.3776668,0.29238024,0.30857703,0.33338413,0.5672657,0.27311456,0.3491799,0.43042055,0.33933643,0.2978747,0.2879824,-0.1906517747010727,0.1057177345798375,-0.1664759797983635,0.0347111731576457,-0.0030253472123057,-0.0332489658851864,0.56726485,1,123.046875,2.036472264430884,1.5029492,1.5263300026664022,0.945680267584422,0.6782338924456182,1.5263300026664022,0.8984732,22.34962133147557,16.75803151144604,21.35213426591681,19.99368498630965,20.32734531085653,20.70943841558353,50.40759750944928,0.009126584,3694.646058043221,0.21023147,0.08843807,0.7038908,89.05995,68.00481,0.3809620872401141,0.7311246,0.23554815,1.0,0.504669470323003,89.05995,68.00481,3738,8,28.48062358276644,0.3142696805273545,0.504669470323003,-0.0573255821724758
102.520935,45.171616,29.77558,19.283203,17.275377,16.060215,13.749064,12.838966,12.787889,11.759249,10.961473,11.039793,9.5215,0.091675416,0.010884061,0.00080287637,0.0010171877,-0.0014404494,0.0067961537,0.0010040689,0.0056323735,0.00042969408,-0.00077749364,-0.00042431298,-0.00043823314,-0.0013067006,0.11545016,1147.5258138672434,636.5317862240119,0.0848378205008806,0.32621408,0.31793207,0.4220632,0.37865373,0.4475537,0.44189698,0.40887955,0.37378874,0.3931464,0.46388945,0.3552196,0.33870548,0.0746407702868026,0.0417978375950815,-0.042365616752499,-0.012160726727891,-0.0145681776317459,-0.0029572729818043,0.46388972,1,95.703125,1.4121314303638646,1.6795242,1.520282579956764,1.819525832261815,1.628178863088541,1.520282579956764,1.0135443,19.96052870824692,15.17620764609674,18.56982485238548,18.527357974276256,18.709313087602432,18.92310589999036,46.49542750709836,0.042796697,5334.791046333143,0.14458117,0.109698005,0.56859,101.86905,61.980156,0.5117109078741914,0.43338242,0.38671425,1.0,0.1753965531922005,101.86905,61.980156,2294,8,13.012244897959183,0.3142696805273545,0.1753965531922005,1.7464346350823429e-15
108.81649,34.15596,22.162039,17.205673,17.539907,12.569352,13.649513,12.595602,10.508633,12.396209,12.198144,11.884385,10.204403,1.1553125e-08,-4.3324215e-09,-3.6103515e-10,2.1662108e-09,-5.415527e-10,1.6697875e-09,-7.220703e-10,-7.220703e-10,2.075952e-09,5.415527e-10,2.7077635e-10,1.4441406e-09,5.866821e-10,0.12825015,1031.859031796518,526.2713671275355,0.0804178552858158,0.29653084,0.37738165,0.35263395,0.520213,0.32518983,0.41084966,0.44341373,0.31295028,0.34729624,0.33368698,0.49028954,0.30759078,-0.1539252983076375,-0.0670978742724421,0.0134687222997485,-0.1194277480280339,0.0024558785254852,0.0292381222300989,0.5202123,1,54.97839096,0.8845108695652174,1.3601414,1.416852775919199,0.8042627429419223,1.2283795519834817,1.416852775919199,0.95342237,24.884555701045947,17.225348417726238,20.07495245711869,19.80188348268728,20.26466972545116,18.68553823671125,47.89083743401772,0.035765816,5225.917440541152,0.14536949,0.09726568,0.5991254,95.35786,79.70211,0.3575011831519167,0.55477023,0.3407407,1.0,0.2778753052346053,95.35786,79.70211,3777,8,30.666666666666668,0.3142696805273545,0.2778753052346053,-1.0452503051383335
90.1437,29.402983,24.014725,17.192251,16.533264,15.707474,12.733343,15.154347,11.064494,11.331283,13.691388,9.747963,9.158765,0.002231032,0.0021279145,0.00036971766,-0.00041818898,-0.00025126044,0.0002431352,0.0004583599,5.0605526e-05,-0.00036998896,-0.00022602508,6.787381e-05,9.683629e-05,-3.591543e-05,0.11226575,794.8911266299058,502.40144130624265,0.0487231805633706,0.37606847,0.28933123,0.45129737,0.44721174,0.36012915,0.42371124,0.35359022,0.48427784,0.31560206,0.27711344,0.2727892,0.27948657,0.0148333853295725,0.1460327696351098,0.1066571036063489,0.0015122246365635,0.010940241131361,0.002220835282997,0.48427925,1,129.19921875,1.9710025743707096,1.710053,1.7420574773150332,1.1890282329883992,1.0628700829942217,1.7420574773150332,0.9625566,22.726674001454665,15.693988615291437,19.44612721607528,18.38300608136548,19.116205310039746,18.52261417254428,46.73962101330602,0.016643224,4419.578498047301,0.17436488,0.104001485,0.626384,107.111946,74.00471,0.4112455050670153,0.6636838,0.2723793,1.0,0.3930323400709846,107.111946,74.00471,3774,8,26.636190476190475,0.3142696805273545,0.3930323400709846,-0.1423578196418716
118.0003,43.01512,25.243654,16.852287,17.902199,13.828704,13.628455,15.376624,11.602425,12.551181,12.090464,10.108722,9.670719,3.15525e-09,3.15525e-09,9.860156e-10,-5.916094e-10,9.860156e-10,0.0,0.0,-1.7748282e-09,3.4510547e-10,0.0,4.930078e-10,5.916094e-10,-7.888125e-10,0.11654486,1017.6615034670074,641.4644834791476,0.0863952464572022,0.41527835,0.43225294,0.38862085,0.4733803,0.35382864,0.52253693,0.43708804,0.28808987,0.3306865,0.3129143,0.3992167,0.35212827,-0.1254560610365481,-0.0241898691146349,-0.0311137334412531,-0.02151558554613,0.0003623791847949,0.0028449583678608,0.52253693,1,95.703125,1.5184708359208154,1.6634716,1.6331353907688897,1.129206347768152,1.1170431805118493,1.6331353907688897,0.85880744,19.20514690177298,15.76139532359194,18.78703749691376,19.40864969558206,19.528884364069835,19.84470016754632,48.15079746462931,0.04380568,4622.255000642156,0.16396233,0.0884457,0.6495898,87.745384,60.322624,0.4123668700237824,0.6669806,0.2895046,1.0,0.423503957087764,87.745384,60.322624,3988,8,28.071003401360542,0.4,0.423503957087764,-0.9770374138810536
110.52379,44.210854,37.831486,24.995901,22.633131,17.775196,17.54854,16.09847,14.370592,14.163478,12.054091,11.190362,9.832477,-0.0003541331,-0.00045991747,-0.00036172188,-0.00026061173,-0.00019900328,-0.0001763346,-0.00015366799,-8.962163e-05,2.2010587e-05,0.00014388886,0.00022295974,0.00023205837,0.0001915354,0.123779215,1221.4690433372996,826.7785579521293,0.0755076430017227,0.4950534,0.36316285,0.3415765,0.33619982,0.4111432,0.3753592,0.4536729,0.45982495,0.3726179,0.3271078,0.4198689,0.6057885,0.0979335783558156,-0.1121690265956303,0.1191179641413123,0.062656672097535,0.014343259985732,-0.0262343853950254,0.60578966,1,135.99917763,2.079374636909373,1.8305688,1.5695500878080393,0.9332943670371918,0.6167268823235197,1.5695500878080393,0.9342974,20.569823937004166,16.210389136300744,18.65048885368885,17.46471958182374,18.698676414354395,18.36174402295914,46.98122193002672,0.021405444,4624.981529518483,0.12716126,0.10134029,0.5564982,87.354294,74.25269,0.4047250193648334,0.64809614,0.24919353,1.0,0.3155475233283172,87.354294,74.25269,3135,8,22.482721088435373,0.0,0.3155475233283172,-0.1604174909221926
104.22003,52.65274,31.73682,21.99393,23.160162,15.040998,14.286006,16.558193,12.274081,11.906075,11.681521,9.738952,9.196362,1.2898385e-08,0.0,-2.4184472e-09,-8.0614904e-10,0.0,-2.0153726e-10,-5.5422744e-10,4.0307452e-10,9.0691765e-10,-1.3603765e-09,1.3603765e-09,1.3099922e-09,-1.0076863e-10,0.108789906,983.3330289785288,898.6951325372635,0.0396093174469055,0.38907152,0.23701406,0.31177858,0.3304465,0.43509212,0.45677513,0.48521093,0.44192812,0.35565108,0.39106596,0.27448666,0.41123617,0.1962017183688627,0.1417396631462672,-0.0094676107290447,0.055071846781576,0.0110625971589891,0.0051335358372269,0.48521093,0,95.703125,1.4472108287257697,1.683664,1.574194186615565,1.0513686930012671,0.8541267971771764,1.574194186615565,0.76848876,22.597123663503893,16.78471989457129,20.0101362372665,18.887966859402024,20.22580705474837,25.72029655946308,47.189953259963794,0.027391488,3667.3998228897,0.22211353,0.075551756,0.746183,77.58932,60.323574,0.4038888301807038,0.73796684,0.24784331,1.0,0.5396410314764889,77.58932,60.323574,3822,8,27.466626984126982,0.3142696805273545,0.5396410314764889,1.7464346350823429e-15
76.99608,36.013283,25.615332,15.04672,16.49675,10.397876,10.912701,9.8694935,10.071357,9.2027645,10.111825,7.946482,8.641696,0.004954086,0.005995914,0.0035801039,0.0010590806,-0.0006214166,-0.0013576847,-0.0015380686,-0.0014889488,-0.0013294715,-0.001151555,-0.0010966498,-0.001219533,-0.0013906789,0.09474217,912.204722935506,630.3955280374568,0.0609347611914598,0.3314661,0.29007426,0.30054256,0.28760642,0.3317423,0.39394444,0.27932158,0.32247263,0.34476706,0.29711702,0.26442838,0.2607496,-0.0087816708746916,0.0892583674267475,-0.0632086712961484,0.0399450062885559,-0.0283616187150512,-0.0243267960221261,0.3939444,1,83.35433468,1.3679418321698713,1.3261114,1.4285736926384796,1.4469382275336902,1.4156411600235363,1.4285736926384796,1.0343648,20.239151410843004,16.860694813062718,20.24136350151144,19.56642058484331,19.71187273555254,18.98014550127277,48.06152398613013,0.00966973,3862.673487544484,0.19042622,0.0826685,0.69728744,88.995285,60.996437,0.4310881751045466,0.7761003,0.19275604,1.0,0.5882578899709984,88.995285,60.996437,4845,8,32.622001133786846,0.0,0.5882578899709984,-0.0006542017780187
77.413895,35.934265,26.091936,15.735425,16.806263,10.783672,11.063388,10.050701,10.284147,9.26558,10.148482,8.131301,8.775279,0.0048710224,0.0058810385,0.0034953326,0.0010501056,-0.0005619357,-0.0013275595,-0.0016503757,-0.0017534664,-0.0016341563,-0.0013760724,-0.0012288641,-0.0013417187,-0.0015618665,0.108536154,927.6181253971698,639.9080988008742,0.062272263642166,0.3273642,0.2865571,0.29738656,0.28511485,0.33017984,0.39314657,0.27981213,0.323383,0.34523058,0.29721352,0.26278207,0.25723732,-0.009511350322809,0.0911124544662824,-0.0630071405755993,0.0406336516071201,-0.028552486546688,-0.0242736702845905,0.3931469,1,83.35433468,1.3679995996022436,1.3349042,1.3450287473019784,1.4006580794881598,1.2729244922755514,1.3450287473019784,1.0358173,20.21610638320077,16.954381310160787,20.31108951499121,19.520277879996147,19.817635742579057,19.1337368935644,48.57271171494764,0.009981631,3970.631457703088,0.22333749,0.09756234,0.69597036,103.353745,67.298065,0.4377113365367503,0.7420765,0.21509138,1.0,0.5197827344835461,103.353745,67.298065,4919,8,32.62062358276644,0.0,0.5197827344835461,-0.002056341273982
73.7563,34.667076,25.037128,19.061592,20.162033,14.016047,13.919998,14.455541,10.644016,12.548751,11.407899,11.2006,9.447383,0.009757203,0.006670331,0.0023878696,0.00076976756,0.001220818,0.0011262747,0.0005700029,-0.000114556,-0.00034235962,7.6687735e-05,0.000539576,0.0009232368,0.00030800322,0.06851243,974.9613004927618,489.5772172799352,0.0725087170244493,0.3521562,0.31889004,0.49204186,0.40291503,0.41992998,0.446657,0.3925944,0.46483567,0.3633837,0.42685115,0.4164381,0.3023321,-0.0005009792016664,0.1215208245018674,0.0499668047744186,-0.0480033265951437,0.0021739710158274,0.0062945816899061,0.49204254,0,129.19921875,2.1312079767726164,1.7693461,1.362426164138599,1.356597200729787,1.2715955333637117,1.362426164138599,0.89689946,21.200716151947404,15.844110262855684,18.825426500208096,18.75175031070623,19.88242230094483,19.218816486359405,47.49931021735596,0.020444088,4937.305945686088,0.1053131,0.08303845,0.55912757,73.450554,47.595486,0.3722249388753056,0.7635955,0.18573812,1.0,0.5509012645140995,73.450554,47.595486,3806,8,29.67800453514739,0.3142696805273545,0.5509012645140995,-0.0202641751082393
129.42484,30.13419,25.315088,15.392017,11.855978,12.010771,11.010639,11.49412,11.024988,10.117897,10.207637,8.71703,7.827959,6.059283e-09,0.0,-2.7456126e-09,-7.5741036e-10,-1.7041734e-09,-1.4201444e-09,1.1834537e-09,-1.1361155e-09,-7.5741036e-10,-1.3254682e-09,1.4201444e-09,-9.941011e-10,8.520867e-10,0.09194642,861.3478152416709,660.222240080958,0.0522877902115583,0.30568996,0.35181165,0.50047016,0.30102736,0.37019765,0.26909772,0.2639211,0.26580265,0.25566155,0.40541866,0.2679651,0.3367959,0.2378221862243819,-0.0071042978785508,-0.0398503611022896,0.019483625039638,-0.0113160541506217,0.004870985442123,0.5004695,0,83.35433468,1.321222634870993,1.2783165,1.200311393067157,1.27322939030464,1.1574254104282526,1.200311393067157,0.8829674,19.680074589067512,17.161041335778293,21.222417236364205,19.766816582338823,19.971738324149,18.408309687166017,45.37077555693289,0.021470677,4798.784301842643,0.12004657,0.054641496,0.6872014,55.317074,45.600014,0.4191818903891978,0.7368291,0.24521288,1.0,0.534375215005709,55.317074,45.600014,4222,8,29.234285714285715,0.3142696805273545,0.534375215005709,-0.1542437670523618
108.900635,44.249367,29.34292,21.946503,17.390312,14.949963,14.377321,12.48001,10.427741,12.026609,12.119376,11.743594,9.738005,1.057191e-08,4.404962e-09,8.8099245e-10,2.2024811e-10,9.911165e-10,2.009764e-09,-2.202481e-09,-2.2024811e-10,-8.8099245e-10,2.2024811e-10,2.202481e-09,1.5417367e-09,4.9555826e-10,0.13150656,1274.812087774195,655.2580441753798,0.0980335233051142,0.4837974,0.51906794,0.3621905,0.43310145,0.37488353,0.5320189,0.46090266,0.38134176,0.45760167,0.3951033,0.40930462,0.37072936,-0.1522023475645287,-0.0397985521268241,-0.0894532511094788,-0.0774678128935491,0.0103255572359281,0.026447152918283,0.53202045,1,143.5546875,2.203304996968472,1.6029407,1.384504052746159,0.9213799920790944,0.6122491321477953,1.384504052746159,0.83065987,22.27780121259811,15.523169393458833,18.53843926267804,18.030259633311005,18.616264838468968,17.067624303016323,46.72335768220411,0.037292514,5670.382390187464,0.14929976,0.08848208,0.62788284,75.50371,65.55281,0.3744081302690842,0.62870175,0.32110435,1.0,0.3616100944588749,75.50371,65.55281,3242,8,25.132698412698414,0.0,0.3616100944588749,1.7464346350823429e-15
104.74839,43.367878,34.966766,25.072144,17.734894,16.035568,13.743864,13.508056,12.598407,11.896838,10.822824,10.228145,9.372181,0.0016279113,0.0021703555,0.0018021602,0.0012907238,0.0008011216,0.00052636315,0.0005901757,0.0009575678,0.0014299767,0.0017455707,0.001724032,0.0013598965,0.00080774,0.11746156,1071.8656473877877,761.5014239353674,0.0659004005714005,0.49675336,0.35303658,0.34999034,0.36389235,0.4446137,0.34325686,0.40925354,0.4593215,0.3851665,0.44360292,0.41598675,0.5218684,0.1545467293178082,0.0255023738486819,0.0437544262926129,0.1728527384772301,0.0343019422450247,0.0342612480261277,0.5218679,1,151.99908088,2.407891954960369,1.70281,1.374208936417504,1.1125085458805133,0.7415801305924228,1.374208936417504,0.82859486,21.174586877030045,14.946573050672002,18.547266306514576,17.658632729746014,17.453235288185624,17.314715992167166,48.923288484331344,0.013945774,4046.9725352350506,0.17781602,0.09894496,0.6424871,87.16395,62.19452,0.471754669126124,0.6896599,0.24413075,1.0,0.415980639320981,87.16395,62.19452,4092,8,25.17762471655329,0.0,0.415980639320981,1.7464346350823429e-15
108.500404,44.062428,36.073265,23.344795,21.132507,19.618681,17.708725,16.63765,14.891355,14.365942,12.306095,12.716996,11.366933,0.01242023,0.0007292445,-0.0018064964,-0.00035755528,-0.00024512137,-0.00090881885,-0.0010967524,-0.00055212347,-0.00046830947,-0.00018257674,-0.0004152188,6.870703e-05,-0.00010374708,0.15660946,1174.9225989859394,920.511455085053,0.0642800248012944,0.477511,0.5681527,0.4646741,0.56307626,0.53709155,0.4278735,0.3936273,0.3912653,0.5056883,0.48502278,0.48872146,0.48299357,-0.1144598612731744,-0.1453698038591441,-0.249297686141454,0.0800893217380734,0.0874527546195211,-0.0202440012155404,0.56815267,1,143.5546875,2.3230088495575223,1.6477191,1.0806887872774615,0.9218198187725783,0.6094757641818441,1.0806887872774615,0.7631533,25.52755849206624,15.067038925883976,18.226979372356865,17.969798620704932,19.5690840056192,17.367269715945902,46.77619039797682,0.03161122,4241.638355653014,0.19089584,0.08675033,0.6875482,80.3838,82.53974,0.3558270676691729,0.6849421,0.26151437,1.0,0.4149400624256504,80.3838,82.53974,1893,8,15.443333333333332,0.0,0.4149400624256504,-0.6138818253243354
103.54802,47.876728,27.864828,21.92757,19.147522,16.598143,15.493516,13.123002,11.189489,11.540342,9.315528,10.0152235,9.339369,0.06309324,0.009755676,0.0031250247,0.00628091,0.0029205987,0.0014689305,0.001824898,0.0032163055,-0.0018043646,-0.00232206,-0.0013461461,-0.00037375535,-0.00048170693,0.12301476,1202.4793741202984,783.7881753619909,0.0726708419646029,0.29837474,0.31110385,0.28491455,0.5083428,0.52351683,0.33553544,0.37461647,0.3513037,0.4158704,0.52143615,0.43872103,0.35262406,0.0532848042007685,-0.276541071220063,-0.0529838052367751,-0.0583354950110705,0.0372308715563272,0.0601724279999513,0.52351665,0,151.99908088,2.5710212426839463,1.8696637,1.585860193437353,0.872660339590437,0.5889170720593085,1.585860193437353,0.7724815,25.04383102969392,17.880504898089054,20.61324014724105,19.043592255820325,20.15312756245954,19.94964176588251,47.29218380051798,0.019031733,4307.110459978735,0.1373035,0.06757942,0.67015266,57.69581,51.993496,0.3948160535117057,0.68640554,0.3169635,1.0,0.480404103044806,57.69581,51.993496,2361,8,17.356916099773244,0.0,0.480404103044806,-0.1802342279871604
107.49375,40.794518,29.392073,21.631264,21.483095,17.318897,15.275032,15.116697,12.513027,11.889529,11.541785,10.389958,9.441088,-7.503707e-09,0.0,-2.8138902e-09,-1.5241906e-09,1.1724542e-10,-4.689817e-10,1.1724542e-09,-1.4069451e-09,3.5173628e-10,-1.4069451e-09,-4.689817e-10,-2.1104176e-09,-1.2896997e-09,0.11208637,1125.0113652533685,769.8003768763945,0.0801999356304439,0.5003649,0.3596278,0.3558163,0.40856275,0.5488668,0.44015756,0.5533922,0.5199361,0.3827264,0.36204618,0.3832368,0.5958508,0.1373122337013181,0.0027865407937602,0.0890909619771354,0.1631002239400335,0.0397287519172219,-0.004175673318752,0.59584975,1,143.5546875,2.1763547238104017,1.506866,1.652228045415021,1.0327661755631798,0.6893254252813557,1.652228045415021,0.902859,22.67018735790919,14.959205201718978,17.67489384546209,18.342785417183112,17.98214142329881,17.956318312873865,46.062771982436125,0.02601939,5206.280591114458,0.14128299,0.09162811,0.6065936,71.86246,56.966614,0.3976392475101438,0.6596411,0.25383657,1.0,0.3538762668987598,71.86246,56.966614,3234,8,23.605986394557824,0.3142696805273545,0.3538762668987598,1.7464346350823429e-15
94.55262,38.956356,24.186666,22.889679,20.822863,16.631456,15.445669,16.177359,12.056862,10.638418,10.008013,10.189946,9.445686,0.00010653613,0.00015066066,0.00015062373,0.00015056551,0.00015048911,0.00015038472,0.0001502571,0.00015011296,0.000149943,0.00014974884,0.00014953467,0.00014929663,0.0001490353,0.14838396,997.4125601151252,476.685461765933,0.0877373005425097,0.43506137,0.4938359,0.4181432,0.5176748,0.5527437,0.46875846,0.5014628,0.491094,0.59050006,0.53320235,0.42552862,0.41367888,-0.0239832241058121,-0.0664544495528961,-0.0785018898152614,0.0390825506063482,0.0207797023118327,-0.0007185977088758,0.59050167,0,135.99917763,2.24998129744966,1.6371711,1.6633704005768262,1.1937437398982484,0.8719663596007257,1.6633704005768262,0.9991318,21.676159708279435,13.28200236422718,16.247954229262863,16.600316500659236,16.780792113976645,16.861521366940188,46.53541701888621,0.04051159,5203.813713000963,0.14953141,0.10168976,0.59521574,87.21872,62.284916,0.4489286762547695,0.55375713,0.31247687,1.0,0.2382717549921438,87.21872,62.284916,3059,8,19.77794217687075,0.3142696805273545,0.2382717549921438,-0.945217201674794
92.503296,38.891937,30.512005,18.664003,16.360611,15.803171,14.057142,15.339227,11.636406,11.381313,10.75058,9.800487,9.153597,8.837136e-09,-2.9457121e-09,1.8410701e-09,-2.393391e-09,2.0251771e-09,1.0125886e-09,-2.0251771e-09,1.5649096e-09,3.6821401e-10,1.5649096e-09,-1.2887491e-09,-1.2887491e-09,-5.52321e-10,0.110396005,1143.744722396054,718.6233339486371,0.0740791871132995,0.28399032,0.3429528,0.30284896,0.48531988,0.35449845,0.26561663,0.35566553,0.3211448,0.50658983,0.32074982,0.3729804,0.4533638,-0.1112266023097411,-0.2239547726376089,0.1064536761265495,0.0754316657809466,-0.0247417619567847,-0.0049092723390413,0.5065915,0,129.19921875,2.07453776607298,1.4695135,1.498200741685811,1.0996909837159965,0.8141647920661905,1.498200741685811,0.9046333,22.78621248513017,16.076400056146056,19.73120525595057,19.50226522389486,19.403046024446347,18.16766945207075,47.66883483872565,0.033349905,5559.7608081714525,0.13040964,0.07451947,0.63636154,66.11515,54.04542,0.3836277632976156,0.6392278,0.26810548,1.0,0.3146524910183211,66.11515,54.04542,3974,8,30.06693877551021,0.3142696805273545,0.3146524910183211,-0.9927636858884678
115.180145,44.671978,26.131231,20.580463,17.939747,16.061956,15.777358,14.054635,12.492504,13.405319,11.640643,11.098812,9.918793,0.0132591,0.002803862,-0.0006242615,-0.000494388,0.0011144818,0.0008264173,-0.0012289014,8.891188e-05,0.0010117926,0.00012965931,-0.0012032221,5.3440377e-05,0.00021998967,0.19238053,1173.652049520431,810.5943179249529,0.0763426438366583,0.6987851,0.54988575,0.48928437,0.5152266,0.5575909,0.4483151,0.5091691,0.51733375,0.4786823,0.5639448,0.5489698,0.70545554,0.0620205813906877,-0.0392641095192793,0.085673537242684,0.0560718534624709,0.0072182844313982,0.0470886713951479,0.7054554,1,143.5546875,2.4022564269746645,1.7775512,1.1393101981063145,1.0373963456491753,0.7027386453245057,1.1393101981063145,0.7635152,22.38346607011624,13.419405681442427,17.476738779377776,17.13502104301383,17.51117815391191,16.756711058864887,45.788217217953935,0.025777433,4930.020552508815,0.24200113,0.092904896,0.72259194,76.03302,71.29459,0.4076005961251863,0.6291909,0.28937146,1.0,0.3408627838401015,76.03302,71.29459,3829,8,27.266031746031747,0.0,0.3408627838401015,-0.3697615732808747
102.64382,49.33349,26.029972,19.763243,19.352442,15.470144,16.011137,15.176153,14.6703,12.145574,11.227886,11.536386,10.3343525,3.7999723e-09,-6.6499517e-09,4.7499654e-10,3.5624742e-10,-9.499931e-10,-1.781237e-09,8.906185e-10,-2.3749827e-10,1.4249897e-09,2.3749827e-10,5.9374566e-10,-1.0687422e-09,-2.3749827e-10,0.12966286,1297.1982343417917,814.6909670853729,0.0799042589527203,0.39309955,0.40694454,0.4230038,0.5365747,0.4836121,0.41270846,0.4154589,0.4137627,0.5386583,0.46504706,0.4851252,0.53815514,-0.1215637912665627,-0.1627581794452272,0.0166517833666755,0.2090707873797015,-0.0137556587272693,-0.049198616997386,0.5386584,0,135.99917763,2.257902494551681,1.6415869,1.2608875088281135,1.1185933324244195,0.7574871933389781,1.2608875088281135,0.85784435,22.38446851564649,15.669955248328575,18.1425593633746,18.349844633002675,18.563329023339897,17.697110640677234,46.18546922201732,0.019763043,4485.8011113916,0.2293208,0.09461412,0.70792025,89.79664,74.4306,0.4242839352428393,0.6354159,0.29344648,1.0,0.3577053033553007,89.79664,74.4306,3407,8,23.30702947845805,0.3142696805273545,0.3577053033553007,1.7464346350823429e-15
94.08654,38.311913,27.522898,19.183153,18.408157,14.815125,14.039027,13.022472,12.498835,12.231148,10.050316,10.731911,10.626504,0.078166515,0.01300641,0.0034618338,0.0038813674,0.0017794331,2.6969203e-05,-0.0006235841,0.0029539852,0.0023973077,0.003046108,0.0016395976,-0.0008893199,-0.0011485388,0.13975477,1125.5336809735095,577.4629697882488,0.0820540130868648,0.41400778,0.3748521,0.47496036,0.32952106,0.3629305,0.38305083,0.34132537,0.5025102,0.37715873,0.49564648,0.48485178,0.34338087,0.0834668177662425,0.1568852595553822,-0.0288996531064812,-0.0515902813719073,0.008303991313457,-0.0131660395022168,0.5025096,1,161.49902344,2.664801010169888,1.4959096,1.0323090491953075,0.7637737037093829,0.5189255693801124,1.0323090491953075,0.87938523,21.322979649691373,15.58184694395864,19.276908647464296,19.27491897420694,18.813805218148666,17.247974924604055,47.51061705544805,0.02704774,5238.667252421546,0.12757067,0.10170678,0.5564006,84.899155,79.422485,0.3369700748129676,0.6869031,0.25676185,1.0,0.4150034257462785,84.899155,79.422485,2162,8,18.622403628117915,0.3142696805273545,0.4150034257462785,-0.0893081070134158
105.78607,42.150524,26.42793,18.624443,17.09281,15.023225,14.576643,15.678648,11.648704,11.863568,10.670247,11.611284,10.110939,0.0,-9.90316e-10,-1.980632e-09,1.6092635e-09,-7.42737e-10,-1.2997897e-09,6.189475e-10,-3.218527e-09,-4.95158e-10,7.42737e-10,1.485474e-09,2.4138953e-09,3.713685e-10,0.115488,1182.21609045278,848.0089078397903,0.0775342684721789,0.4400254,0.4457053,0.3482603,0.37925136,0.35510975,0.48425534,0.41010568,0.3491284,0.407569,0.42163804,0.55105054,0.3810665,-0.1493476019400892,0.0435121994281959,-0.0496431686428886,-0.0827440596068973,0.0151333140236631,0.0146740328470958,0.5510514,0,143.5546875,2.12452737569778,1.599962,1.623024592965859,0.9053433325842865,0.6030625700121015,1.623024592965859,0.87477845,23.06571687502357,14.154451853879728,17.611513233793644,18.7648584121554,17.789764197014748,17.795529940794097,45.21227357485452,0.029425647,5005.902327778184,0.13162279,0.090654165,0.592154,73.08573,52.84958,0.4273659613137738,0.67792666,0.25086355,1.0,0.3939333345194847,73.08573,52.84958,3292,8,22.357913832199547,0.3142696805273545,0.3939333345194847,-1.1776668984620902
126.84478,47.497356,25.694649,25.782785,18.001123,17.219278,12.827973,13.533977,12.369303,12.9656315,11.162324,10.645033,9.015137,0.0074286917,0.0022069532,-0.0020601687,0.0009403109,-0.0005618073,-7.1332484e-05,-0.00059849466,-0.001313267,-0.0011030664,-0.0014750826,-0.0012613063,-0.00094499846,-0.0006820538,0.1312806,1096.9085701967815,761.6515784339681,0.0662559573541117,0.39801678,0.36970252,0.3034766,0.41975784,0.35649535,0.54388696,0.32849383,0.30403072,0.4511275,0.4508927,0.51674724,0.33965334,-0.1944277339732257,0.0747460303726222,-0.0949876032729145,-0.059034238070663,-0.0037212157456748,0.005796645920285,0.5438868,1,71.77734375,1.064436418931762,1.6371605,1.315132546610059,0.9565026036775568,1.1744256784292118,1.315132546610059,0.6950707,22.40821701228313,15.05971329669262,18.74582356744212,18.918799047639805,17.847059992381503,17.182501076249036,47.04474236011044,0.02514966,4192.624892355077,0.122710295,0.07224293,0.6294313,66.09287,60.83843,0.4044361068196866,0.60907537,0.36120597,1.0,0.4114674785786339,66.09287,60.83843,3665,8,26.305,0.0,0.4114674785786339,-0.2445747674754058
101.0258,46.92373,26.014767,20.904991,15.943791,16.039604,14.915847,12.566368,13.969322,12.83317,11.193689,10.774924,9.719803,-6.2299845e-09,-1.2459969e-08,-3.8937403e-10,3.5043661e-09,1.9468702e-10,9.73435e-10,4.867175e-10,0.0,0.0,-1.3628091e-09,9.734351e-11,-2.7256182e-09,0.0,0.11846613,1200.7951794135638,799.6692449153954,0.0703767465441607,0.42829472,0.34367892,0.41580948,0.4901971,0.3526247,0.4004739,0.31810936,0.46193963,0.45421156,0.36445817,0.3976351,0.33470112,-0.1037513802228007,0.163538219277338,0.065539394113856,0.1049740061148117,-0.0054359086607424,0.0218108808186143,0.49019754,1,143.5546875,2.259539300158256,1.9537703,1.3187445273117295,1.0203094899045928,0.7281791151004272,1.3187445273117295,0.7362478,21.663727201208825,15.244171493428738,18.30844996455673,17.23606936241115,17.369663698199126,18.633584546517444,45.76569553233284,0.022631368,4307.836303524038,0.15579228,0.09636183,0.61784303,82.45661,63.813576,0.4020008166598611,0.69532895,0.2744415,1.0,0.4758762624046546,82.45661,63.813576,3938,8,28.435,0.3142696805273545,0.4758762624046546,1.7464346350823429e-15
110.336975,48.38245,20.975698,17.970812,16.049625,15.175031,13.01167,10.660612,11.984774,11.123555,9.074071,8.406778,8.282014,0.00036572534,0.0005038416,0.00046504897,0.00040449767,0.0003278436,0.00024203118,0.00015448731,7.2301795e-05,1.4485372e-06,-5.377691e-05,-9.1119924e-05,-0.00011042073,-0.000113431524,0.12823795,971.4417599884412,718.1127883424011,0.0614705750823594,0.28335086,0.38476875,0.27462342,0.33778456,0.27305728,0.42482418,0.5078931,0.36412588,0.47154844,0.37116793,0.46547896,0.34539768,-0.2038141894962709,-0.1305065938052028,-0.0100520374539392,-0.0726478102491811,0.0027968238894529,0.0169629565671498,0.5078929,0,73.828125,1.051972994994762,1.5546634,1.1372471011102627,1.3439561463724274,1.2690150927217356,1.1372471011102627,0.76626813,20.32402942865261,15.784000958968358,18.74503386162384,17.763717513483726,18.49689025072598,18.875938388501723,46.29471913488691,0.020675872,4425.317664884368,0.19344595,0.08836007,0.6864483,86.49376,60.776276,0.4336103790796675,0.6600459,0.29347914,1.0,0.4188602402014698,86.49376,60.776276,4278,8,28.636666666666667,0.4,0.4188602402014698,-0.3449841610035042
85.72358,41.578777,33.726055,17.329699,14.73542,14.188777,12.984335,11.917871,11.168923,10.530793,9.524201,8.5128975,8.434849,-1.492059e-08,4.9735296e-09,3.1084562e-09,4.3518384e-09,0.0,1.7096509e-09,0.0,1.2433824e-09,1.8650737e-09,1.7096509e-09,-1.554228e-10,-1.554228e-10,0.0,0.0837545,878.9710630279711,648.4085647683636,0.0496458496346481,0.38351497,0.3354726,0.37870833,0.33633012,0.4244304,0.30168098,0.38819155,0.4110673,0.32633278,0.4078121,0.34716597,0.4833615,0.2170134936361444,0.01722362487754,-0.0076009336256577,0.0982656784579814,0.0194816059185119,0.0284917192192145,0.48336184,1,103.359375,1.6565278427702386,1.4826499,1.5061426699892262,1.9435450205601508,1.7983242539173108,1.5061426699892262,0.9846974,22.47781180676748,15.969641800247633,19.18939436261396,18.84078100633663,18.6122198930841,20.7459487978822,48.11513989472109,0.013965797,3890.445499345563,0.1127636,0.05723873,0.6633023,55.728184,45.520245,0.4024449877750611,0.8096383,0.18080172,1.0,0.6795548722651622,55.728184,45.520245,2469,8,17.808333333333334,0.0,0.6795548722651622,-1.0923557430602784
90.59839,44.911266,27.927826,17.839859,16.421902,14.77619,13.2334385,13.553798,10.389035,12.136347,10.282571,9.851125,9.671424,-3.0380864e-09,-1.5190432e-09,2.6583256e-09,-9.49402e-10,7.595216e-10,-1.898804e-10,-3.1330267e-09,-5.696412e-10,4.74701e-10,3.797608e-10,1.9937443e-09,9.49402e-10,-9.49402e-10,0.12468586,1230.8510195506,778.5906556494753,0.0786854567585075,0.4788871,0.40585297,0.34297034,0.40134317,0.3323831,0.457854,0.31634948,0.4060166,0.48498538,0.37403217,0.48894447,0.37600696,-0.1705323692893301,0.1292559139081463,-0.0674215278490889,0.0068478511228934,-0.0115397423542362,-0.0185804214378535,0.4889437,0,117.45383523,1.8221574344023324,1.6103547,1.1562234932513882,1.780788036578045,1.7758353346060711,1.1562234932513882,0.8741416,23.05341175119447,15.801474830501617,19.58447233798531,19.748787788246126,19.372610560690763,19.07418280308556,45.75019155773173,0.026508547,5137.047327553354,0.1862266,0.11311843,0.62211144,98.58525,74.82996,0.3946634806849861,0.62311614,0.32419816,1.0,0.3695795104211238,98.58525,74.82996,3964,8,29.155,0.3142696805273545,0.3695795104211238,-1.208150440151922
84.729126,31.827318,26.83425,19.492521,16.24737,15.685512,13.928446,11.124818,11.254888,11.587409,10.090476,9.788379,9.037537,-1.3099078e-08,-1.6373848e-09,4.093462e-10,-1.9443944e-09,-6.140193e-10,4.093462e-10,2.046731e-09,4.093462e-10,5.1168275e-10,1.5350483e-09,-8.698607e-10,8.186924e-10,-2.5584138e-10,0.13541907,1051.5054342354283,574.3146406880755,0.0911809606906637,0.450586,0.45795184,0.32590508,0.41481155,0.33121297,0.44815344,0.34962097,0.35834238,0.45734543,0.40342158,0.5631529,0.34523416,-0.182556635199849,-0.0389384258543328,-0.0571251768544973,-0.102295700471666,0.0241119323362371,0.015750055664502,0.56315356,0,143.5546875,2.3199211288434287,1.3986398,1.4205709878477468,1.0055325971314055,0.6915065884192599,1.4205709878477468,1.0183277,21.628328827593567,15.317208447980942,18.061057625996128,17.68746174256029,18.09937951907329,17.83513678913986,46.17009726365138,0.03489876,6472.067731981537,0.15664028,0.08223421,0.65574026,78.32367,63.80141,0.3867782786005581,0.65764874,0.24461481,1.0,0.3184061662184345,78.32367,63.80141,3604,8,27.04833333333333,0.0,0.3184061662184345,-0.7664285602294918
102.38032,38.88689,27.847113,22.356222,19.020552,18.457628,14.30316,16.909552,13.024133,12.544921,10.972291,10.8951645,9.747776,-1.8309082e-09,-3.6618164e-09,9.154541e-10,-2.7463622e-09,1.3731811e-09,-2.2886353e-09,-2.2886353e-10,-6.8659056e-10,-3.4329528e-10,4.0051118e-10,2.2314195e-09,-1.0298858e-09,0.0,0.12552668,1135.3331385525948,781.0416696966222,0.0620724723876567,0.5160219,0.39947873,0.4062768,0.46007392,0.38719732,0.47219115,0.4299175,0.5773974,0.45842695,0.35308307,0.35900888,0.3774139,-0.0679290346281605,0.2137762959258037,0.0222360554584765,0.1547648548623922,-0.0232416385234186,0.0181352387255771,0.5773982,1,135.99917763,2.268655688003858,1.719312,1.497681074077699,0.9292197376252584,0.6140873483536515,1.497681074077699,0.8834374,23.6805496125076,15.299385457277811,18.5793252453377,18.62321411215839,18.74328113457593,17.986858723998196,45.49209729198567,0.022020014,5535.310881184193,0.23813984,0.10064691,0.70291746,101.47655,76.82866,0.4209768390735629,0.58923477,0.31676215,1.0,0.3025292605821196,101.47655,76.82866,3508,8,24.188333333333333,0.0,0.3025292605821196,-0.7739174690390871
80.75491,40.489777,28.452015,20.34599,18.996746,18.258049,16.527708,15.60328,14.446864,14.413446,13.348649,11.571809,11.163591,-0.0054957746,-0.0039034437,0.001535169,8.261066e-05,0.00024734752,-0.00040841117,0.0010705906,0.0009080029,0.001032699,0.0011477079,-0.0003238255,-4.0590316e-05,0.00040207163,0.17139632,1193.9188439106306,594.6154107902839,0.0994096816787243,0.50721675,0.38637093,0.46092716,0.47026914,0.37154856,0.41571134,0.3887892,0.5518623,0.43758112,0.347485,0.34038472,0.36962402,-0.0292996920009038,0.1666981907048655,0.0252571880713973,0.1347366295732227,0.0152374271504008,0.0491511207492697,0.55186296,1,143.5546875,2.2570027401165738,1.6943321,1.5579389647730908,0.9766537998520856,0.6487010498682998,1.5579389647730908,0.9321328,22.819443460423702,15.521633158799972,18.829214734643585,18.54053986547412,17.52086223276424,18.0131198187489,47.19892468017692,0.03112896,5977.570044059143,0.18934247,0.11024491,0.63200873,96.02472,82.5472,0.3612772427774962,0.57169694,0.2836724,1.0,0.2263449419463873,96.02472,82.5472,3564,8,28.63310657596372,0.0,0.2263449419463873,-0.4659306542932701
118.59076,42.50082,32.472904,17.903572,18.427248,14.835395,13.653082,12.701297,12.917993,12.778605,10.583544,10.592443,11.800949,0.041671474,0.003013614,0.0023784258,0.0038192032,0.0023651407,0.0011919027,-0.0009280138,0.0021338575,0.0011098102,0.0008786493,-0.0010942506,-0.0015819863,0.00015776306,0.15533452,1284.823743603663,817.027870894655,0.0685840166780526,0.45661962,0.5247237,0.70125717,0.6308894,0.5807272,0.5568039,0.48653144,0.5222628,0.43674344,0.55725205,0.47338,0.42744514,0.1515388215015621,0.1154824622257357,-0.1014973514048845,-0.2068896597303313,-0.0564293412920311,-0.0493674186521255,0.70125663,0,143.5546875,2.433300018310547,2.2002347,1.4608253828246252,1.0557489663136022,0.6964336658971911,1.4608253828246252,0.7070334,21.855271977938937,15.12347059647845,18.700690137952016,18.920491346616263,17.25935555555396,17.355784092180922,45.63683294485252,0.028724724,4911.911661619255,0.16971198,0.10926934,0.6083252,98.565735,100.25927,0.3238002232142857,0.65764004,0.32379854,1.0,0.4354492491919524,98.565735,100.25927,2321,8,20.805079365079365,0.3142696805273545,0.4354492491919524,-0.1350582542483195
106.773285,45.72427,32.062305,22.144434,19.761457,16.64818,15.838824,14.268088,13.873151,12.362047,12.185239,12.073435,9.978824,0.0014215629,-0.0005019588,0.0008205013,-0.0006864771,0.00016565353,-0.00011413758,-0.00032822648,-0.00017346378,1.7188384e-05,0.0006502788,-0.00031609362,5.753591e-05,0.00014264585,0.10482254,1270.8927009908518,814.8848791287176,0.0909571221427064,0.36251202,0.29867956,0.34044394,0.38365766,0.34728503,0.3697733,0.3989604,0.331501,0.31820047,0.4422898,0.6644574,0.5490736,-0.1194344699949906,-0.0090882732730032,0.1522318865632287,-0.1281561572991842,0.0082432550378112,0.0268841464627095,0.66445833,0,135.99917763,2.1960841969473592,1.6919222,1.3930095266234896,1.032657184960878,0.6941069731598962,1.3930095266234896,0.85726815,21.99684790371584,15.750955945394187,17.441109409061685,17.74136020130048,19.22784122327157,19.70346015773428,47.7598924510552,0.05745769,4851.609733970555,0.08598272,0.058799084,0.59387386,51.831455,52.176186,0.363975370739745,0.74190885,0.22334026,1.0,0.5114271599911883,51.831455,52.176186,4197,8,33.468662131519274,0.0,0.5114271599911883,-0.4660433603869388
117.28779,46.736584,25.536362,21.949236,19.582714,16.943136,14.150672,14.276898,11.125757,11.537123,10.462754,9.553519,9.4171095,0.035635266,0.002496397,0.0007225807,0.002637255,0.0007730165,0.00024416475,0.00018207486,0.0023062318,-0.00028159618,0.00035582206,-0.0009726871,-5.1565e-05,0.00013443976,0.13256083,1255.167161600158,789.241301251106,0.0839180079431307,0.45541045,0.37979734,0.28328753,0.34341362,0.32354566,0.50215775,0.44067943,0.28016993,0.28991637,0.37299648,0.5077246,0.36842254,-0.2118021410346243,0.0837512978188354,-0.086790774721821,-0.181438847290685,0.0507521532103875,-0.0099558478882561,0.50772405,0,143.5546875,2.336970954489608,1.6527307,1.1396854047975429,0.9142641087867132,0.6137993599442405,1.1396854047975429,0.742171,22.08644077138822,16.21769099225864,19.09214050043635,19.2965629884693,18.610448346945283,17.273565772114992,45.907247868691066,0.037061587,5235.192773617457,0.13807797,0.082227625,0.6267537,70.72584,61.046146,0.4197808948500051,0.5623282,0.34610844,1.0,0.2837035438386789,70.72584,61.046146,4100,8,28.34866213151928,0.0,0.2837035438386789,-0.0771097662094185
101.71439,42.902996,30.584318,20.664143,18.59707,19.356554,14.865678,16.20211,15.033463,13.089803,12.880622,11.199729,9.48671,0.040808324,0.002175433,0.0020324707,0.0030015332,0.0008647086,0.00011192696,0.00012610803,0.0026569644,0.00046075767,-2.3666735e-05,-0.0023636278,-0.00055095536,0.00058848097,0.14745063,1144.0417660719784,736.4392705599756,0.0721045977293221,0.3858198,0.34679008,0.4131115,0.31955487,0.41925776,0.45314655,0.39615715,0.48230487,0.41581407,0.5639675,0.47049177,0.37487963,0.0653159173016722,0.1448499548423599,-0.060048949983716,-0.0673875821347927,0.0163996352497822,-0.0302485241945795,0.5639682,1,71.77734375,1.1367344115436018,1.5375363,1.0030031881445969,1.0962725962173965,0.8276498710847352,1.0030031881445969,0.86212426,21.69577350030076,14.89187025377884,18.946923924542595,18.745800459381496,18.268895490585702,20.710004485204266,47.56860671545741,0.02851294,4969.954401708658,0.1718637,0.08238128,0.6759741,73.77589,58.57652,0.3958124512751977,0.6285871,0.2831936,1.0,0.3277206462269532,73.77589,58.57652,3554,8,26.06149659863945,0.0,0.3277206462269532,-0.0411803523403526
97.47509,47.14666,30.02122,21.313747,18.642206,17.955738,15.248594,13.280337,12.593606,12.404678,11.489321,10.715014,10.389741,-6.7145387e-09,1.6786347e-09,1.6786347e-09,-1.3638907e-09,-1.4688053e-09,8.3931734e-10,7.3440265e-10,-5.2457334e-11,-1.0491467e-10,-1.416348e-09,2.6228666e-10,-8.3931734e-10,9.44232e-10,0.14561938,1158.8964025286157,754.3301349564389,0.0776302520032228,0.45241788,0.3559979,0.4819229,0.38142365,0.38473558,0.5349373,0.3578236,0.40788627,0.34395215,0.50426674,0.5546987,0.39706445,-0.0814287633515368,0.1994038498118912,0.0257510216877207,-0.0938119695807235,0.005828851468697,0.0066448250669888,0.5547001,0,129.19921875,1.9569177886731213,1.3611083,1.476990555287458,1.0084456254286829,0.6695158583547942,1.476990555287458,0.92881817,24.17259479611136,16.38129259160934,18.70665736232597,18.94926560162075,18.43071858602472,18.79534588641968,48.363217342124976,0.024760572,4825.391833616955,0.16091703,0.07924296,0.67003816,69.90646,66.30388,0.3367807239520299,0.65486,0.2874798,1.0,0.3765945483437232,69.90646,66.30388,3061,8,26.380770975056688,0.0,0.3765945483437232,-1.005297753755134
98.26794,47.597286,30.16243,21.30555,18.791609,17.901112,15.275227,13.303281,12.517192,12.4102125,11.43031,10.66427,10.299532,1.0076242e-08,0.0,3.1488256e-09,3.6736298e-09,-9.446477e-10,-1.7843345e-09,8.396868e-10,1.6793736e-09,9.446477e-10,-4.198434e-10,1.2595303e-09,-7.34726e-10,3.4112277e-10,0.1382686,1171.43916229306,757.1850204731622,0.0805778972094463,0.453138,0.35742962,0.48275855,0.3803939,0.3872646,0.5355256,0.35838097,0.4093344,0.34510502,0.507011,0.55473363,0.39728302,-0.0809850237195508,0.1984335926540074,0.0255119087547737,-0.0936401127856053,0.005990531317141,0.0066193579879212,0.55473334,0,129.19921875,1.9577793925426528,1.3714952,1.4598265055400232,1.0084456254286829,0.6695158583547942,1.4598265055400232,0.9360061,23.60485752156584,16.24972376889657,18.646414171288068,18.872792628272112,18.341372768843136,18.86331507466569,48.523511452529135,0.025990289,4909.067886893297,0.15283531,0.07616864,0.6673887,66.97055,63.002003,0.33979086406164,0.6599936,0.28767446,1.0,0.3871999596489126,66.97055,63.002003,3087,8,26.369160997732425,0.0,0.3871999596489126,-0.9981795827243242
97.599434,47.26649,30.276375,21.647184,18.860018,18.327892,15.51484,13.531971,12.80473,12.571408,11.661566,10.832953,10.473425,-1.3415795e-08,0.0,-2.0962179e-10,4.1924358e-10,-9.43298e-10,-1.3101361e-09,-4.1924358e-10,9.695008e-10,1.7817852e-09,-2.6202722e-09,3.1443267e-10,-1.04810896e-10,1.04810896e-10,0.14564857,1138.6071066461054,744.2336900222239,0.0776051448410415,0.45197853,0.35536525,0.48098037,0.3790996,0.386345,0.53439534,0.35662544,0.4083874,0.34398177,0.50517714,0.55307716,0.3960813,-0.0809625832169396,0.199304664142504,0.0254758929245792,-0.0935609915842326,0.0062021943949964,0.0066506318873613,0.55307734,0,129.19921875,2.120658386458562,1.369074,0.8351953699780766,1.0388180795426816,0.7012057925696095,0.8351953699780766,0.90916586,24.502537518084765,16.384774792560634,18.73524131036242,18.97265585280516,18.510357203558915,18.85550893775269,48.74290415603142,0.025438135,4645.139548945969,0.16071917,0.07865192,0.67141986,69.517044,66.25301,0.3346889426247527,0.6667798,0.27821693,1.0,0.3921061821085399,69.517044,66.25301,3045,8,26.40689342403628,0.0,0.3921061821085399,-0.9994796740264588
84.21756,39.514595,26.007605,19.160496,20.865984,17.609804,16.00029,16.53781,15.792512,14.692926,14.068073,12.858262,12.151576,0.00035791242,0.00045706466,0.00035977867,0.00024051657,8.68367e-05,-3.883431e-05,-0.000118426746,-0.00019024752,-0.00021950816,-0.00020717896,-0.00021044523,-0.00020924881,-0.00020418086,0.2048843,1196.01551639403,517.981336919368,0.0850828770103368,0.48671633,0.373833,0.42120197,0.4594869,0.36391553,0.3981404,0.38767067,0.5259502,0.47467554,0.35926542,0.35073236,0.3615457,-0.0462772526487336,0.2022329810250778,0.0169883662619896,0.1724152344549264,0.0052707317551475,0.0605040518929873,0.52595055,1,143.5546875,2.331879572312887,1.8461139,1.4881066751193022,0.8950606195641837,0.6020312078867371,1.4881066751193022,0.8178829,22.59961988828594,15.797517024319957,20.16103639993525,19.897349809267503,19.763307681946028,18.599289569034752,46.72877093901283,0.026025102,5257.941878980892,0.24698171,0.09416995,0.7239624,90.768684,87.66273,0.3325983094450569,0.62372375,0.28124747,1.0,0.3068770448337258,90.768684,87.66273,2715,8,23.69333333333333,0.3142696805273545,0.3068770448337258,-0.4764746249267123
140.50925,48.35787,33.541714,20.809425,17.227371,14.547848,13.760696,13.160851,10.886755,10.415146,8.943601,9.482158,8.260221,-2.7132096e-08,0.0,-8.101945e-09,1.3189213e-09,1.695756e-09,2.543634e-09,-7.536693e-10,-6.5946065e-10,1.6486517e-09,-1.41313e-10,9.420866e-11,1.695756e-09,2.3552167e-09,0.17312832,1166.1483361561072,878.0282135769588,0.071242949083819,0.4401402,0.4994073,0.38403824,0.418607,0.32740492,0.25930345,0.31473604,0.28680515,0.36900246,0.30848542,0.39722472,0.52324003,-0.054550743069695,-0.2285239704071957,0.0187707787738557,0.0158707695908222,-0.0020996656175433,-0.0313831096647903,0.5232394,1,161.49902344,2.5399495747504064,1.6238047,1.045950637773835,0.5350187737291413,0.41124499928779,1.045950637773835,0.71476865,19.553837009161604,16.459129079056474,18.517340945136976,17.98245531562142,17.84977402359692,18.40765285213769,46.83221960970427,0.04607028,4167.769226598773,0.21251683,0.10298379,0.6735839,93.80829,81.11493,0.3798656392017387,0.6114683,0.3353612,1.0,0.3558642507295599,93.80829,81.11493,3845,8,29.38050453514739,0.3142696805273545,0.3558642507295599,1.7464346350823429e-15
81.15138,43.389553,29.838884,22.95698,21.141178,16.490152,15.758689,15.952824,13.739282,15.095997,13.356407,11.361502,10.933143,-9.138367e-09,-1.25652555e-08,4.854758e-09,1.7134439e-09,-5.7114796e-10,-1.7134439e-09,1.7848374e-09,-8.5672197e-10,3.7124617e-09,-1.1422959e-09,-1.1422959e-09,8.5672197e-10,-1.2850829e-09,0.12580448,1113.8038789260008,686.5773892621476,0.0751545434015037,0.53290236,0.39595258,0.41038856,0.4499588,0.43773204,0.44067034,0.40268815,0.5199833,0.42988488,0.3924784,0.44854945,0.3996132,-0.0259315633248984,0.1085931136033475,0.0344664936461752,0.0316104022302855,0.0035001255737201,0.0228860498463722,0.5329028,0,151.99908088,2.4506183870374305,2.0954635,1.2189708505126988,0.842522788195521,0.5719936896528129,1.2189708505126988,0.89525926,19.13172824537677,14.755642145331226,18.48103365226014,17.47016263504374,18.474122738810184,25.630753981648706,53.88052351755908,0.010427626,5089.181858045039,0.18657154,0.10189886,0.6467592,90.49888,72.82872,0.2966457023060797,0.7274133,0.23405929,1.0,0.4982470033372831,90.49888,72.82872,1981,8,19.382862811791384,0.0,0.4982470033372831,-0.8040136737393794
97.2331,30.680367,22.81096,16.638046,14.561959,14.374969,11.953229,10.9132805,10.291321,9.581621,10.495198,9.337678,8.416406,-3.2695069e-09,-3.2695069e-09,1.0217209e-09,5.1086047e-10,-2.1967e-09,3.0651628e-10,-9.706349e-10,-3.5760234e-10,-5.1086047e-10,-2.6053883e-09,-3.5760234e-10,-5.1086045e-11,5.1086045e-11,0.1101319,938.5998586676716,456.1372104129173,0.0821658430838552,0.3218552,0.4294079,0.3428321,0.30835196,0.4104731,0.32242745,0.38950914,0.33666772,0.43419436,0.47853383,0.34175435,0.3768752,0.09392074258861,-0.0896018393590599,-0.0712132015611159,-0.0193746344879376,0.0037107970878514,0.0095861957022461,0.47853434,1,89.10290948,1.4719090213974488,1.5114695,1.2163610150279112,1.08976042505926,0.8842910436588048,1.2163610150279112,0.94254994,18.022479839720773,14.812031000238012,18.851048436963115,18.06231242268467,18.18406215965293,17.675751320523894,48.93662219167469,0.052209992,5932.33055897793,0.16740303,0.11174332,0.59969413,105.24436,55.598724,0.4765884495874852,0.44943056,0.40262547,1.0,0.2191039585207013,105.24436,55.598724,4448,8,27.09066893424036,0.0,0.2191039585207013,1.7464346350823429e-15
100.90489,45.921688,29.279022,18.552391,21.528025,12.212362,13.100949,12.392479,11.596848,11.776895,10.915946,10.456127,9.448487,0.0011193337,0.0020304762,0.0020813176,0.000863675,0.00018967924,0.0005913441,0.00014572508,-0.0009473009,-0.0009070463,-0.0004977163,-0.0010659277,-0.0015501162,-0.0010965834,0.10704107,1261.7363615365553,830.2574571603269,0.0783669292978927,0.31969553,0.4226856,0.35600504,0.5214119,0.55435044,0.30651277,0.3096559,0.3013329,0.37395087,0.32364658,0.31511593,0.31819698,-0.0084548291908681,-0.1274233708041765,-0.0550893989091821,0.0420146380312115,0.0439821316759727,0.0112552034507927,0.5543506,0,112.34714674,1.812435007340348,1.7753376,1.7828755109615972,1.5000707066281411,1.4258696304370302,1.7828755109615972,0.9130215,23.643889120359777,16.50356684041301,20.54589240998391,19.92572167170563,20.6883827625379,20.34127744290184,47.974011462412406,0.018091056,4800.492628959761,0.14533363,0.07890636,0.6481136,82.82438,64.85641,0.438952777098116,0.7110032,0.24909776,1.0,0.4411442635789538,82.82438,64.85641,1794,8,11.86249433106576,0.0,0.4411442635789538,-0.0869733998724091
115.18076,38.28869,30.222946,22.828758,20.633787,15.778405,18.004389,14.721405,13.689738,13.189262,13.000645,11.474788,10.426224,1.1045088e-08,-9.664452e-09,6.90318e-09,-9.664452e-09,0.0,3.45159e-10,-6.90318e-10,6.90318e-10,-1.380636e-09,-6.90318e-10,-1.035477e-09,6.90318e-10,-2.070954e-09,0.14248244,1316.5429464521546,826.4260670564574,0.0922408038481121,0.33623677,0.56414187,0.5167131,0.3351547,0.27438623,0.2462228,0.27115533,0.26447296,0.34050718,0.3169673,0.23070712,0.2512129,-0.0055830832362583,-0.158142596501492,-0.109840016184337,-0.1360907370963708,0.0061277744502426,0.0306059994563529,0.5641416,1,117.45383523,1.847373444570136,1.9088581,1.578705305257352,1.2566125002892694,1.009604480254442,1.578705305257352,0.95491564,18.00485354331877,15.05278264174333,20.017999005969024,18.326334139943302,18.46336603654761,17.573239389734677,44.20995461405403,0.094144806,5794.980087031759,0.16935503,0.104921624,0.6174583,101.10255,74.73234,0.4425339366515837,0.5546967,0.30260864,1.0,0.2261654149914679,101.10255,74.73234,2445,8,16.03628117913832,0.0,0.2261654149914679,-0.9520754519318108
109.68444,40.029297,31.04545,22.922575,16.38373,17.970425,15.190949,15.018661,13.476376,12.32076,12.699962,11.754257,11.757285,1.0425044e-08,-4.3437685e-09,-2.606261e-09,4.343768e-10,-1.7375072e-09,2.1718842e-09,2.3890725e-09,-3.3664205e-09,-6.5156525e-10,1.3031305e-09,3.2578262e-10,-1.0859421e-09,4.343768e-10,0.12590107,1038.3179637071323,806.9132843681641,0.0633496895355249,0.30418873,0.32484397,0.24580093,0.32629108,0.24237053,0.3410896,0.45777106,0.32944575,0.46843213,0.3122856,0.38843364,0.38853568,-0.1638242180424163,-0.1905006166090698,0.0273145460003223,-0.0722611534093042,-0.0159035724782337,0.0246681696094123,0.46843275,0,135.99917763,1.9863221194909464,1.5358809,1.5443848186732014,0.8755701871735936,0.5823253249179365,1.5443848186732014,0.82258624,22.3533271241672,17.192414638139624,21.182869322180792,21.00066576308293,21.178436692353685,22.666599821205,44.8419758923972,0.022674654,4155.106408838747,0.16294105,0.08371817,0.6605891,77.862366,73.55264,0.3321945108757544,0.72623634,0.25913256,1.0,0.5121521936679139,77.862366,73.55264,2917,8,25.486802721088434,0.0,0.5121521936679139,1.7464346350823429e-15
100.37962,47.60826,35.957783,21.51547,16.805431,17.549448,14.06257,14.615768,13.565511,13.868027,11.1390915,10.714382,10.858986,-0.004774874,-0.002878288,-0.0005842358,-0.0007749238,0.0011298483,0.00095261267,0.0010905701,0.0014897969,0.0016448867,0.0013996693,0.00083430024,0.000805625,0.00037037933,0.12544079,1345.3993215567043,850.5395453027496,0.0804947170878066,0.43197668,0.34306073,0.4060702,0.54616904,0.3787674,0.42407405,0.3695983,0.5150145,0.5103201,0.3817735,0.51422924,0.35849735,-0.1438567699804892,0.1514136301590262,-0.0391184171581004,0.0988823732601377,0.0044040017370494,0.0347301727471593,0.54616857,1,143.5546875,2.3518635823323324,1.7323244,1.0443778189489508,0.8699401187564252,0.5849137671076851,1.0443778189489508,0.7442354,23.94698977756212,15.6390385186146,20.04303891813857,20.02353381759092,19.20369915049435,19.31282366456128,46.7987543419097,0.032127574,5825.801879231191,0.14753616,0.07636675,0.65892625,69.1463,65.55939,0.3619174730285841,0.6098289,0.3347927,1.0,0.3360471763750459,69.1463,65.55939,3254,8,26.096326530612245,0.4,0.3360471763750459,-0.3314821426735201
102.93361,40.26875,30.263176,25.095596,19.541395,17.821142,16.224884,15.20764,13.603463,13.549664,13.504942,11.777577,12.728742,0.0049699866,0.002952427,-0.002368662,-0.0023087692,-0.0012845388,-0.0020438535,-0.0016820526,-0.00044325937,-0.00029577134,-0.0006448113,-0.00084579346,-0.0006175102,0.00041782504,0.123803794,1025.0649560708712,758.0906650766532,0.0526024376268933,0.3686117,0.35955,0.3442223,0.44904333,0.32954043,0.314048,0.40513447,0.2687508,0.31898236,0.27512968,0.4084775,0.54755473,-0.0386865534979145,-0.1579870268833385,0.124844590398524,-0.0277914568878402,-0.0411307612154689,0.0025185944605477,0.5475546,1,123.046875,2.026849332360862,1.9664235,1.455450015455984,1.135437388069335,0.9509806094561796,1.455450015455984,0.81972116,21.725095049214783,16.382098826630138,19.912788900611613,20.27436310613385,19.68209709467592,20.39100886048447,48.37546266083029,0.014073104,4180.366708046505,0.13741533,0.09480724,0.5917372,90.76019,83.048485,0.3550910489869197,0.69450915,0.28175706,1.0,0.4697632616225846,90.76019,83.048485,2769,8,22.633650793650794,0.0,0.4697632616225846,-0.0063703218510147
100.24948,41.484413,26.718447,14.483271,12.271597,12.739222,11.652409,9.043286,9.044207,9.229179,8.471404,8.278297,7.4298873,4.2771657e-09,0.0,-1.0692914e-09,2.6732286e-10,2.0049215e-10,-2.5395672e-09,1.3366143e-10,-1.3366143e-10,-2.071752e-09,3.3415357e-10,-5.346457e-10,-1.3366143e-10,-9.3563e-10,0.110381626,808.901229598523,629.2291943232586,0.0481260920332765,0.3046356,0.37654573,0.31913367,0.22844411,0.2661831,0.24918433,0.40803862,0.29115242,0.41143084,0.3673622,0.2872034,0.4418589,0.161229762577626,-0.1325578046719112,-0.0006710998922821,-0.0287224326235754,-0.0237299498283836,-0.0113086049044413,0.44185883,1,172.265625,2.7588095957737595,1.464861,1.5944162598630118,0.5489731490013555,0.4339612522115916,1.5944162598630118,0.9235524,20.153488238478385,15.116169951133836,19.242367588851256,18.94205291912614,19.041843836750587,17.45695383951019,45.800627435949,0.014376362,4005.0686433788105,0.24445784,0.12804624,0.6562537,121.56722,63.26279,0.4386038687973086,0.7246643,0.27957076,1.0,0.5589615234080544,121.56722,63.26279,3129,8,20.706394557823128,0.0,0.5589615234080544,1.7464346350823429e-15
94.91106,32.92255,18.981194,15.415775,14.199778,12.156462,13.005849,10.22395,10.678669,10.843486,11.158311,9.026016,10.110405,0.0,1.6623586e-09,9.350767e-10,2.285743e-09,-1.4545637e-09,6.2338446e-10,4.1558965e-10,-1.9740507e-09,1.9740507e-09,-1.0389741e-10,-9.350767e-10,-6.753332e-10,-1.6104098e-09,0.15981866,912.5803828829772,463.9936761868188,0.0604551096225598,0.34064862,0.46932822,0.4988149,0.3535722,0.3523987,0.3081416,0.36855534,0.2656692,0.2951314,0.29436782,0.27550593,0.44982135,0.116101604402431,-0.1289367847086057,0.0052901030865516,-0.075452250689865,-0.0235645578375649,-0.0319037367789145,0.49881497,0,135.99917763,2.172473889839381,1.8135962,1.5163282274002814,1.4441357977284914,1.725443595291432,1.5163282274002814,0.77553105,19.65429361188416,15.740551108991475,20.044803157202665,19.15737968409203,18.413795185292503,17.21019399574108,44.88114662424595,0.020797826,4755.362409588974,0.18742833,0.15989059,0.53964174,126.41422,93.73826,0.4096753105251688,0.6309337,0.29713053,1.0,0.3561181237585981,126.41422,93.73826,3760,8,26.64013605442177,0.4714045207910317,0.3561181237585981,-1.3948789820357552
167.25642,39.453197,28.29478,24.936369,18.873009,22.905478,21.148891,19.415806,16.59484,14.62338,13.574271,10.988334,11.93828,2.706659e-09,4.0599883e-09,3.3833236e-10,2.3683264e-09,-6.766647e-10,-2.706659e-09,-2.5374927e-09,-1.6916618e-09,1.6916618e-10,-1.0149971e-09,-2.1991602e-09,-2.5374927e-10,3.3833236e-10,0.10445316,1087.059258000001,903.1549432264688,0.0677421460260719,0.29782975,0.36330014,0.27660605,0.31320804,0.40142375,0.31149986,0.40009916,0.3543619,0.47330517,0.5255205,0.33752507,0.32347402,0.0511123630400264,-0.0602910149290341,-0.0463730233793303,-0.0200115723085974,0.0080723621695476,0.017369039238476,0.52551913,1,89.10290948,1.3102516714342736,1.5340816,1.5326905621181597,1.2710802703151547,1.2932441460630006,1.5326905621181597,0.897279,18.278871838672742,16.12483064604802,19.17133992951789,18.12622737813853,18.80037340269165,22.95517716824724,44.383930520422126,0.09614366,4818.092873042544,0.124425516,0.08375034,0.5976914,76.36893,52.205128,0.4790668795458577,0.5263021,0.34616575,1.0,0.2259832901509825,76.36893,52.205128,5401,8,32.72272108843537,0.3142696805273545,0.2259832901509825,1.7464346350823429e-15
71.05895,33.983395,15.731855,11.270475,11.449156,10.972898,9.60026,9.392574,9.2543125,8.360961,8.628373,8.370329,8.077529,0.008058313,0.001646361,-0.001019192,0.0007681557,-0.0012279949,-0.0001436927,-0.0008186349,0.00022455331,2.8288825e-05,0.00092476315,0.000539275,0.00033778258,-9.362437e-05,0.05750576,704.5725375928173,452.2308521525195,0.0483541134402469,0.3028867,0.2497802,0.4086109,0.27641734,0.26379773,0.545987,0.31386277,0.31998637,0.19307907,0.33680758,0.42374048,0.23654534,-0.0739664210721715,0.2923081253878655,-0.0932091247476639,-0.1181361763765631,-0.0134299716074238,-0.0238427405449552,0.5459881,1,107.66601562,1.7179924477871706,1.2665087,1.4745766594097678,0.9576375922740284,0.7062332703142534,1.4745766594097678,0.9863837,19.778463222981816,16.724168607972093,19.890810492241148,20.236427557387803,19.513015334609584,19.74567273437102,64.0994321329908,0.009795457,3917.223948441816,0.1255943,0.05225581,0.70617664,53.94881,35.78434,0.3749585589567908,0.87806237,0.12889694,1.0,0.8175913311559476,53.94881,35.78434,3393,8,26.26612244897959,0.0,0.8175913311559476,-0.1701570174192928
110.370995,22.823515,17.428198,12.291944,11.919472,9.023461,8.275985,8.899936,8.377312,8.095882,7.85406,6.625454,7.546058,1.7129669e-05,2.4225697e-05,2.4222963e-05,2.4215555e-05,2.4202905e-05,2.418786e-05,2.417088e-05,2.4146035e-05,2.411686e-05,2.408643e-05,2.4052582e-05,2.4013036e-05,2.3972207e-05,0.052676227,668.7147245817732,327.7459134414362,0.059797273727915,0.36060733,0.34021273,0.4425171,0.37686613,0.27880502,0.2377338,0.3346714,0.4925637,0.42824435,0.38280207,0.36374357,0.36074355,0.0226980630048002,0.0593700603810427,0.0911246094461253,-0.0321146957814451,-0.001298599412283,0.0010689035425075,0.49256375,1,151.99908088,2.496155720623824,1.1960222,1.339853647013836,0.7289196272784866,0.501857760392195,1.339853647013836,0.9119494,20.60232022900194,16.98777939449375,19.23491586067016,18.54404980977517,17.592181465349018,17.23352239304413,47.27604932119317,0.045512863,6531.10053680595,0.089066975,0.045919444,0.65981686,44.20023,28.226875,0.4288275367515238,0.7564933,0.20299087,1.0,0.5370647113742967,44.20023,28.226875,3588,8,24.28734693877551,0.4453617714151233,0.5370647113742967,-0.9858052807666218
70.769844,34.351048,20.650173,21.900515,18.204962,16.289673,15.010443,12.708983,13.620063,12.250533,11.340057,9.994282,10.698512,-0.017795127,0.004576234,0.003973241,0.0014897942,-0.0011381549,-0.0035183604,-0.0041252235,-0.004138359,-0.0027396684,-0.001780718,-0.0001099296,-9.603103e-05,0.0008901323,0.12503605,932.62087894161,485.838158836699,0.0559670963930813,0.24465932,0.30425912,0.29811272,0.22045605,0.26127344,0.27315053,0.5253624,0.42770565,0.27003786,0.255042,0.25198144,0.35189933,0.1561082182177471,-0.0855413867975132,0.1470990481438313,-0.1186559399994683,0.0167888360097311,-0.0097569663427323,0.52536345,0,103.359375,1.6893485272638755,1.9871757,1.3392043062250198,1.2517562951568153,1.1256807736607255,1.3392043062250198,0.8383808,21.61232285236716,17.439080819461374,20.78458798787287,18.232382385461964,18.82746013484052,18.858591562614656,48.02664971067789,0.021716915,5544.007658341664,0.21907768,0.13949107,0.61097646,126.67216,78.07323,0.4159132007233273,0.57562137,0.32481855,1.0,0.2832742121746128,126.67216,78.07323,2990,8,20.866031746031744,0.4,0.2832742121746128,-0.4435391632603227
112.23256,30.593826,20.062195,17.938988,15.696444,13.5768385,11.219612,10.2595,10.473837,11.571672,9.084308,10.372963,9.088734,-0.052195605,-0.010740871,0.0007587409,-0.0031673275,-0.0009670503,-0.0008325616,0.001174045,-0.00013439792,0.001143228,-0.00033280105,-0.0006873881,-0.0012720125,-0.0005810747,0.089490786,849.4084711856166,551.0701348923208,0.0560706178924861,0.45939422,0.47224,0.3453461,0.36762744,0.3550593,0.36126345,0.3366432,0.3537601,0.37975952,0.4577923,0.51918846,0.38845843,-0.0839829962478831,0.0272734023153793,-0.075595726335723,-0.105777337274386,0.0306701948835419,0.0147337305650444,0.51918787,0,123.046875,1.7133272609948735,1.4877503,0.7446151922654699,0.9609241461515152,0.6967733208355468,0.7446151922654699,0.7621247,18.25595271936158,15.339096323699009,17.861581072897863,16.76186388660431,17.34633132741819,16.97145594766465,47.67320276866493,0.03882968,4842.184963304036,0.1578123,0.08943213,0.638282,88.59319,49.081165,0.4884718498659517,0.59103423,0.3285884,1.0,0.3310622326997007,88.59319,49.081165,4555,8,27.06721655328798,0.3142696805273545,0.3310622326997007,-0.3618058881847416
106.229576,37.05939,24.77578,19.258179,17.17522,13.440566,14.334336,11.649724,10.532188,10.670646,9.8420515,9.378886,8.728809,0.00731727,0.0009931718,-0.0021816995,1.0896882e-05,0.0003873456,0.000296855,0.0006306201,0.0016060817,0.0006373952,0.001145968,0.0017889311,0.00015103542,0.00047799095,0.0431841,998.875735612519,464.5096930228409,0.0803726327199474,0.34791166,0.42133793,0.43588942,0.37074524,0.40862092,0.4393536,0.50336045,0.42594936,0.35641423,0.3643818,0.40645602,0.4227693,0.0341705717784042,-0.0157201404052365,0.0316887475014922,-0.0847724258824583,0.0202071411599997,-0.0090018787785266,0.5033603,0,75.99954044,1.279757146647437,1.5964634,1.2244778324841186,1.515375931123635,1.5320210702495516,1.2244778324841186,0.8790176,20.04732043175142,15.19276240130496,17.644467924436224,16.702641227752835,17.662879556538705,17.36515232940114,46.68995805216421,0.041723393,5747.207929904325,0.047541425,0.032447178,0.5943451,30.533096,23.011429,0.433873952323936,0.84444946,0.12552029,1.0,0.7446637585812086,30.533096,23.011429,3986,8,26.66521541950113,0.0,0.7446637585812086,-0.5009793631588465
91.60194,36.221222,26.240883,21.454224,18.424702,14.110337,15.386015,11.875367,10.927175,10.97871,10.129334,9.749928,8.821402,-0.00010040063,-0.0001168603,-5.0651164e-05,3.2672517e-05,0.00010319464,0.00013610476,0.00012062496,6.365935e-05,-1.3267895e-05,-8.2305065e-05,-0.00011958728,-0.00011370139,-6.913834e-05,0.053842705,952.078868222123,503.7905886795559,0.0678981168645774,0.29273593,0.39544964,0.41193128,0.33780923,0.39058462,0.4253377,0.49469697,0.39972973,0.31602442,0.32594782,0.36977082,0.3859954,0.0425974262976394,-0.020580064780327,0.0332098958710125,-0.1047713015098697,0.0236968113245066,-0.0112982987314441,0.494697,0,75.99954044,1.2411739669429167,1.6281611,0.9950617152892456,1.049639670952519,0.9489567199140722,0.9950617152892456,0.84332126,18.29094730600593,15.945934461487832,18.34551520713635,17.046517815348235,17.8273482559848,17.159456868228613,48.15778430038126,0.030710055,5398.633346775392,0.07796439,0.051609818,0.60169214,48.99435,31.937494,0.3780587275693312,0.76311564,0.18725866,1.0,0.544564036780554,48.99435,31.937494,2781,8,21.35075396825397,0.0,0.544564036780554,-1.028820332293151
85.65734,40.931595,26.7745,20.775808,17.821276,18.177505,17.168608,14.096213,13.010515,14.137175,12.90561,11.902393,10.879908,-5.290231e-09,-1.7634103e-09,-1.92873e-09,-8.8170515e-10,-1.542984e-09,-2.2593694e-09,9.919183e-10,-2.2042629e-10,-4.4085258e-10,-2.7553285e-10,-1.4052176e-09,3.85746e-10,2.8655416e-09,0.0833068,1076.8308088151855,641.0835562212642,0.0789667207203464,0.30595586,0.39779696,0.32995197,0.26723292,0.27994314,0.2438297,0.32748657,0.29365373,0.52548045,0.4336998,0.3087914,0.3698119,0.0295346301888434,-0.1774312587242564,-0.0701300444106026,0.0122748884457382,-0.0130853982207002,-0.0155962040258122,0.5254802,0,151.99908088,2.444013577063106,1.5373261,1.626294777080454,1.029298231188062,0.6953795268633343,1.626294777080454,1.019298,21.807026554547416,16.760039455874843,19.765196671651783,20.35271112741151,19.50319471586162,19.121233621849893,47.576439003029286,0.022281326,5065.801129417724,0.08363803,0.05602835,0.59883726,50.71846,47.28439,0.3693943596856218,0.8230539,0.14279594,1.0,0.6875077037335947,50.71846,47.28439,3196,8,25.11238095238096,0.0,0.6875077037335947,-0.9493803442173432
80.96796,28.449368,23.115343,17.475517,15.283769,18.533642,16.484753,15.596165,14.166455,13.236463,13.712206,11.204539,10.472145,0.0013439404,0.0017648408,0.0014086406,0.0009349263,0.00042122896,-8.015867e-05,-0.0004930805,-0.00072703586,-0.0007515522,-0.0006259113,-0.00043569788,-0.00022939975,-4.121695e-05,0.10561654,865.2096798930572,592.1442558337617,0.0490024819582624,0.45019558,0.36844048,0.21632992,0.26807272,0.24290027,0.37349173,0.34166446,0.36703956,0.45976877,0.39953816,0.5270107,0.32294232,-0.1742634776925185,-0.0143062195888071,-0.0612613312576521,-0.0028381403652446,-0.0094859575536539,0.0015447028386853,0.5270115,0,117.45383523,1.930086358175723,1.6704438,1.6215806692084678,0.666787413749985,0.6414065741667881,1.6215806692084678,0.97087324,22.30791189996937,16.273360025008188,19.98260274823272,20.05429137561082,19.64216070328777,25.183761379984,47.71578658681423,0.011247272,4636.088809534542,0.18068431,0.09240056,0.66163915,92.5565,67.31783,0.3442028985507246,0.7469446,0.20235007,1.0,0.5167188688094122,92.5565,67.31783,2565,8,21.631156462585032,0.4453617714151233,0.5167188688094122,-0.9663498213173924
110.47575,36.118073,22.255499,22.752222,18.009277,18.66498,17.338968,14.431627,12.185436,12.3871765,10.539067,10.187397,10.579068,3.02244e-09,-3.02244e-09,2.26683e-09,-1.51122e-09,-3.77805e-10,7.5561e-10,7.5561e-10,0.0,0.0,-5.667075e-10,-1.4167688e-09,-4.7225626e-11,3.77805e-10,0.10494818,666.681768419104,469.8888558603471,0.0552064160497403,0.2789719,0.31977817,0.24385,0.35305274,0.571981,0.3191621,0.27579543,0.23863262,0.37040794,0.27945268,0.24924883,0.35854384,0.0880703068886335,-0.1362949341317218,0.0135282322041847,0.1268911095119155,0.0152084885558499,-0.0190800423227707,0.571981,0,107.66601562,1.535648400356577,1.3344893,1.4531998289165793,0.943462932228712,0.851666469260169,1.4531998289165793,1.1856202,22.33412219527745,16.60406938499556,20.38946163543048,21.541627927776293,24.82087406578238,28.38479090342221,53.94427090176436,0.036959246,3841.7403263538986,0.17382619,0.08166487,0.68035847,94.128365,54.94207,0.4903922345483359,0.7687775,0.20918018,1.0,0.5789458867780195,94.128365,54.94207,4951,8,29.30358276643991,0.0,0.5789458867780195,1.7464346350823429e-15
85.37275,38.96983,30.752813,23.17235,20.983204,22.204786,17.885923,16.876513,14.464938,15.701641,12.62301,13.263803,12.937584,0.0003389528,-0.0009376535,0.00027424068,-0.00046085755,0.00029738995,0.0017213369,-5.684254e-06,0.00010991597,-0.00023778452,-9.1104754e-05,4.4910455e-05,0.00035956388,-0.0004028512,0.13629402,840.4572929198804,555.3586095898836,0.0642462727939319,0.3147943,0.34347007,0.39383245,0.41596574,0.49121174,0.38575456,0.47930753,0.3969955,0.33692494,0.3696901,0.3470189,0.40222755,0.0950238339736188,-0.0806953835689673,0.0485084849744953,0.0467869085551025,0.027432795038197,-0.0030014722605781,0.49121222,0,135.99917763,2.2377546597312525,2.1823518,1.476762486094353,1.4291621574689812,1.1348508555412666,1.476762486094353,0.9710578,19.855845002414224,16.87897732354098,19.94320968068985,18.635423158230136,19.181013528052173,25.360659164675383,54.15556703132215,0.011469846,4874.263606885496,0.1872934,0.11940746,0.61066926,103.2679,65.44726,0.3811021640664318,0.5872613,0.309456,1.0,0.2746835994548907,103.2679,65.44726,3029,8,23.07,0.4,0.2746835994548907,-0.26188939370388
77.18466,39.993694,25.345058,19.052954,17.626812,14.6160755,15.342993,12.333214,13.25502,11.490574,12.413145,9.9436455,11.541859,7.436963e-09,6.5073427e-09,2.7888611e-09,2.4402536e-09,-1.2782281e-09,9.296204e-10,0.0,-2.324051e-10,1.1620255e-09,1.1620255e-10,-2.324051e-10,-8.1341783e-10,9.296204e-10,0.119109996,1240.0378730837697,566.3284894863331,0.1126366821727572,0.3340569,0.3710528,0.4541864,0.36900896,0.3810287,0.34197277,0.33756915,0.37434894,0.42862022,0.6252018,0.48056,0.3464803,0.0711463209888007,-0.0239646346865955,-0.1570307255207788,-0.0839133444104875,-0.0028333884385677,-0.0247967457513243,0.6252013,1,143.5546875,2.1884829888191564,1.5305412,1.6943285750002544,1.3311078394459015,0.9417893737361068,1.6943285750002544,1.0559788,20.86335831827228,14.603049836407203,18.976040395925004,16.79238358723658,18.35561544037277,16.93279787980493,48.80734267778765,0.047707003,6615.1314504053325,0.11618091,0.08527094,0.5767152,73.68309,61.43578,0.3518157445771386,0.64788103,0.25105628,1.0,0.3146736027869352,73.68309,61.43578,2887,8,23.817868480725625,0.4865042554105199,0.3146736027869352,1.7464346350823429e-15
114.43261,40.18834,24.849407,19.058048,14.959391,12.354689,12.72134,12.846323,10.65032,10.2083645,10.826473,9.312458,8.86585,0.0023050595,0.0021754496,0.0004412558,5.085045e-05,0.0004354266,6.6231e-05,-0.0008114023,-0.0009851241,-0.00040479054,3.533423e-05,-2.8263627e-05,-0.00022602585,-0.00028352323,0.11081411,926.4741557659356,693.3486230833835,0.0544290424049131,0.3488074,0.41789502,0.28897393,0.43933868,0.5526213,0.38512853,0.41502187,0.338124,0.49716392,0.3395982,0.31067374,0.443826,0.1709401152723329,-0.1831665177349571,-0.1415210731197564,0.1972815357801467,0.0748806432025156,-0.0164937258968928,0.5526218,0,143.5546875,2.0330447635135136,1.3052813,0.908665238395361,0.9496413052448568,0.6381784309300103,0.908665238395361,0.9023573,21.98974505726688,15.09273084219845,18.92977704079275,18.833310850183324,19.93837540907504,19.19693738108609,49.19995345874381,0.044633955,4252.997707318377,0.18058856,0.07375975,0.7100021,75.89012,65.80935,0.3573573573573573,0.67839116,0.29737893,1.0,0.4672115497188811,75.89012,65.80935,2975,8,24.163265306122447,0.0,0.4672115497188811,-0.0423341473774645
82.94233,46.43298,36.937206,24.729378,21.194904,18.341488,16.929913,15.740562,14.654464,13.387509,12.771056,11.0590315,10.836026,-0.002947988,-0.0026744227,-0.0009422384,0.0002438806,0.0008205343,0.0011551272,0.0012697253,0.00047288145,0.0004070925,0.0004922678,0.00057266816,0.00031417943,-3.7152746e-05,0.084187426,1514.6940029565487,532.3099323587375,0.1309442362276545,0.38862228,0.36990473,0.39026135,0.42763892,0.48351356,0.42642722,0.3990946,0.4545052,0.4476291,0.4968862,0.44845963,0.446704,0.0705506016739842,-0.0155239092271122,0.0648697178683669,0.0990970783173074,0.0270513190575729,-0.0192109922343801,0.49688688,1,143.5546875,2.3847704052365897,2.3609354,1.6809679317548112,0.976548113486986,0.6432740900966862,1.6809679317548112,0.9106831,22.62236560692353,15.419818535016116,18.66847074721471,17.255959346160125,18.27658612700585,18.85020390732853,46.3108150677921,0.058784347,6985.207953442853,0.091742426,0.07936001,0.5361811,65.5358,43.091602,0.3584540077503569,0.5539696,0.38762537,1.0,0.2652739526787671,65.5358,43.091602,3515,8,28.46185941043084,0.3142696805273545,0.2652739526787671,-0.0886176522165124
84.19945,44.829277,30.663712,23.711817,21.457298,17.95631,16.14699,16.660685,13.8949995,12.986851,13.965953,11.887419,12.447247,-0.011888186,-0.0087112,0.0013282284,0.001173837,-0.00020852993,0.0009658385,0.0011042315,0.0008213132,0.00036385597,-0.00022458787,-5.3213746e-05,0.00020542694,0.0005895094,0.13967332,1225.2587227389154,718.3059285535379,0.0681501161500528,0.38784918,0.48190793,0.37847278,0.46796867,0.44634593,0.46489882,0.41532022,0.28898448,0.21218227,0.2263159,0.3316364,0.35370567,-0.0883543390841473,-0.0609709905284689,-0.0436822490456208,-0.096782585826194,0.0149987101359346,0.014277798884464,0.48190802,1,95.703125,1.493595373346289,1.8884207,1.576617950432998,1.7113494593352467,1.4593752865432237,1.576617950432998,0.993141,25.921018410225944,16.836103466936343,19.81144234296365,19.31509291416277,18.768287818374663,18.65525249909548,46.928898869979975,0.021903338,4327.017504773333,0.13634212,0.091088235,0.59948695,77.125275,70.15382,0.3559309365423425,0.73336834,0.20306882,1.0,0.4488681095984681,77.125275,70.15382,4762,8,38.8324716553288,0.3142696805273545,0.4488681095984681,-0.030349503882064
94.0115,36.49146,23.980434,21.130623,17.495762,13.459614,14.436384,12.24114,11.228142,10.942014,10.580705,9.700599,9.0544815,2.6727605e-09,-2.0045703e-09,2.505713e-09,2.1716178e-09,1.0858089e-09,-1.3363802e-09,-9.187614e-10,6.681901e-10,-1.6704753e-10,8.3523764e-11,-6.681901e-10,-8.352376e-10,1.8375228e-09,0.09065246,903.2877606617026,579.0123777698195,0.066535505495802,0.37044734,0.49897143,0.28556725,0.28698772,0.28099346,0.42196772,0.32807508,0.25293222,0.32995865,0.27409413,0.38195327,0.26789078,-0.179980785097445,-0.048540853973386,-0.1582434232505609,-0.0243970553606143,0.0226447377912686,-0.0166204134521802,0.49897212,1,123.046875,1.9879120794525025,1.510376,1.4338697152926565,1.592978137945869,1.3513727363285128,1.4338697152926565,0.9247974,19.141730565334107,16.066877932617803,19.34503977056503,18.48842240640981,18.524250757891647,18.27948855904805,48.01685680229451,0.03270196,5362.799165277686,0.1269974,0.08461217,0.6001468,75.39351,53.59011,0.4033458877113077,0.6173742,0.2903658,1.0,0.3255356777799286,75.39351,53.59011,4605,8,33.13778344671202,0.0,0.3255356777799286,1.7464346350823429e-15
98.895325,46.638893,27.140627,19.849562,19.731682,15.255674,14.553502,13.568163,12.786072,12.2177,11.620351,11.514624,10.356213,1.2359047e-08,-5.4070832e-09,-1.1586607e-09,-1.3517708e-09,1.5448809e-09,1.3517708e-09,-2.3173214e-09,9.655506e-10,3.8622022e-10,2.4138766e-10,-6.758854e-10,-5.7933036e-10,1.1103832e-09,0.12949327,1234.070288440164,637.4986904458291,0.0885364200907351,0.42464036,0.453212,0.40986457,0.42310706,0.4022708,0.44574526,0.39259553,0.37801206,0.4167632,0.4439452,0.45201927,0.39988118,-0.1268484968652412,0.0401855994744433,-0.0399342343640725,-0.0369149331247932,0.0080419606135091,0.0102337208781456,0.45321122,1,92.28515625,1.46083901313791,2.1802886,1.425460595299087,1.829318374134656,1.7806721046420706,1.425460595299087,0.7922053,20.837475072132424,15.065777169395666,18.731626276666105,18.044827238127944,18.627451146870268,19.062553936595886,45.89812955596203,0.027128266,4923.078435063784,0.14905615,0.122179195,0.5495434,99.793846,68.79973,0.4339813689752936,0.5971541,0.3064497,1.0,0.2946640458032709,99.793846,68.79973,4286,8,28.66503401360544,0.3142696805273545,0.2946640458032709,-0.5041596948946314
112.704544,45.42081,26.19247,17.205399,16.050623,14.830352,13.789067,12.936096,15.961277,12.363432,11.071317,10.870963,9.61097,-0.026494157,-0.016946973,-0.0009792176,-0.007194899,-0.0008102205,0.0021898965,-0.0031474694,0.00057244214,0.0015618125,-0.0011205232,0.00054494553,0.0009036926,0.0017036678,0.11185699,1220.7752237190243,673.3442547965283,0.0963049607681108,0.45451653,0.35017288,0.3826728,0.28525555,0.29846358,0.25860274,0.3582274,0.46565735,0.38151792,0.4523228,0.4054287,0.4998277,0.167443656623567,0.0907068851909818,0.1344897269448303,0.0859946730338977,0.0117617409654598,0.0182420903937749,0.4998288,1,135.99917763,2.219809374475421,1.444573,1.37128181277692,1.1589375369648196,0.916404272636204,1.37128181277692,0.98209035,21.6734912798846,16.65113155471329,19.58982744947629,17.811606937133607,18.56852019266908,20.863225836267,47.062243521001925,0.02232917,4424.861234231608,0.14577603,0.052947417,0.73355865,53.88574,42.615086,0.4060296620471675,0.7346589,0.2515464,1.0,0.5301794621258593,53.88574,42.615086,3340,8,23.87592403628118,0.4453617714151233,0.5301794621258593,-0.0772513664772513
118.83413,37.242474,25.117443,22.829426,16.90959,16.510569,19.32818,16.1371,16.230616,11.52427,11.906961,11.408161,12.267344,0.0,-3.1650673e-09,7.1214012e-09,1.2858086e-09,1.1869002e-09,0.0,1.0879918e-09,-1.1869002e-09,2.3738005e-09,3.0661589e-09,-7.9126683e-10,-2.0770754e-09,-9.8908354e-11,0.14701721,1171.7322315081271,754.5183038105715,0.0849917217876101,0.43844354,0.28275937,0.3168248,0.31233466,0.41136122,0.35690892,0.32296142,0.3369299,0.37442735,0.46257856,0.31932652,0.37070003,0.1636099829975279,0.0064341755917067,-0.0839655138232964,0.1338738864044681,0.0200298657721702,0.0090721531887901,0.46257892,1,161.49902344,2.5191699756068213,1.6070161,1.4556331938828773,1.0022082130830037,0.6715441505316998,1.4556331938828773,0.83510554,21.85166701562668,15.490617298801926,17.632585565783693,19.355089927073745,17.982810938244107,17.481177506765494,44.91479469526849,0.085813455,5899.950260335641,0.16395022,0.082633965,0.6648827,76.01119,68.71344,0.3769318535421637,0.5329313,0.3244188,1.0,0.2064833505800975,76.01119,68.71344,3634,8,27.985408163265305,0.4,0.2064833505800975,-0.369273496624233
86.23028,37.52734,23.802591,21.888668,19.672049,15.889798,13.84726,11.78442,11.069312,11.994725,9.674367,8.855951,8.797328,1.4136689e-08,3.0924008e-09,0.0,2.871515e-09,6.626573e-09,-6.626573e-10,-5.5221444e-10,0.0,-5.5221444e-10,1.9327504e-09,-1.5462004e-09,-4.96993e-10,-1.4357575e-09,0.10133374,1011.4108522497128,493.3804217398483,0.0847367580212913,0.36141643,0.38729292,0.5594788,0.49251536,0.4971603,0.5098278,0.41058725,0.34588563,0.3165336,0.4193694,0.34312212,0.33660215,0.1636317550562653,0.0567637176979572,-0.0693408136401107,-0.076043677061905,-0.0384124733588273,-0.0425844506528438,0.5594779,0,112.34714674,1.860312518660464,1.7369815,1.517514753805543,1.3749049486040283,0.99251447391091,1.517514753805543,0.89037293,20.39404629425768,14.55278666246426,18.1371555743675,17.472009726390915,17.888021039799227,18.165044539633136,47.60778744629778,0.041403137,5705.897340492907,0.12588584,0.11242455,0.528241,95.69137,69.027855,0.3723650683344915,0.54501706,0.33242485,1.0,0.2362508193549836,95.69137,69.027855,3215,8,25.06299319727891,0.3142696805273545,0.2362508193549836,1.7464346350823429e-15
128.32004,39.675495,31.988758,25.519392,20.27656,16.09341,16.36641,13.45418,13.11713,12.050341,10.033252,8.869771,9.841414,0.0,-1.5062971e-09,-1.8828714e-10,0.0,-1.1297228e-09,1.3180099e-09,-1.8828714e-09,-6.1193317e-10,-3.7657427e-10,-7.5314854e-10,1.1297228e-09,2.3535893e-10,9.885074e-10,0.104042925,1020.0384549291338,777.5120255275905,0.0610101234691513,0.32274526,0.36557624,0.3677465,0.4498279,0.39459017,0.32155934,0.50570506,0.43488628,0.440493,0.3529577,0.3401007,0.3571988,-0.0811127731821963,-0.0512426135575464,0.0141657871241066,-0.0172402720357919,0.0064514247206708,0.013731783662196,0.50570506,0,99.38401442,1.568911433137526,1.6413299,1.3766253498498124,1.4140680393053249,1.1976977314248003,1.3766253498498124,0.86291647,20.06487891661041,16.070588079405024,19.01393202804104,17.809202884235766,18.638324007847743,19.22104795141868,44.145131577738624,0.05886093,5179.51016425145,0.1877145,0.12201875,0.6060502,108.246346,66.7937,0.4176127949452068,0.5069251,0.3338137,1.0,0.1942389996189711,108.246346,66.7937,4230,8,29.39936507936508,0.4,0.1942389996189711,1.7464346350823429e-15
99.02626,38.292843,24.407915,20.19806,18.58968,15.424494,14.042205,14.836257,14.11189,12.311608,11.759394,10.873156,10.8762455,2.0589379e-08,-1.029469e-09,-6.9489157e-09,1.5442034e-09,-1.2868362e-09,1.2868362e-09,-6.434181e-10,1.2868362e-10,1.8015707e-09,1.029469e-09,-3.2170905e-10,-1.2868362e-10,-1.2868362e-10,0.092373304,1095.7798613363186,456.68414167020654,0.1018202687193422,0.33597493,0.25516826,0.33888194,0.4640932,0.29596585,0.36766714,0.26281413,0.3373736,0.24263851,0.28676838,0.4457893,0.28603083,-0.1733004851063024,0.1543737965048864,0.0751302347347058,-0.0146445266866886,0.0169357809929057,0.0306199245781814,0.46409315,1,151.99908088,2.4061392965587043,1.7673813,1.4624424613535645,0.8070071402415754,0.5480719261844545,1.4624424613535645,0.777941,22.15925330940429,17.14194339607017,21.05064581068191,19.964489506626165,19.559396403841816,18.679285362689008,47.396725432601535,0.037311144,5971.205749635255,0.1003566,0.07041901,0.58764833,63.27964,57.858788,0.3657219973009447,0.67603546,0.2658183,1.0,0.4099005404319264,63.27964,57.858788,2710,8,21.50748299319728,0.4,0.4099005404319264,-1.00057049231498
119.23222,54.42145,30.477282,20.19256,14.696692,14.48012,11.782032,10.445693,9.539222,9.574792,10.871156,9.002069,9.9634495,-2.5565534e-09,0.0,-1.2782767e-09,-9.587076e-10,1.0385999e-09,-1.1184921e-09,-1.9174151e-09,-6.3913835e-10,1.0385999e-09,7.9892294e-11,9.587076e-10,-2.396769e-10,-3.9946147e-11,0.073240764,1069.3157734635345,968.2782779278182,0.0565061522496273,0.36474898,0.53025585,0.33800045,0.2939081,0.2679029,0.4022847,0.35116383,0.35916224,0.49929047,0.3911894,0.33941808,0.26473016,-0.2384646052868844,-0.1367115509999886,-0.1755405336133069,0.0285615928328424,0.0088769714759565,-0.0289876576512135,0.5302563,1,117.45383523,1.5983393103782304,0.99547756,0.9661925315411024,1.648455718887748,1.4638358727736078,0.9661925315411024,0.8864267,20.94843213542521,16.579458104666667,20.75811024695049,20.47662962393287,19.545669010002456,20.00490090546636,46.33541856494886,0.03267936,2715.466434376178,0.09179119,0.022152994,0.8055732,29.54117,26.68136,0.3972855227882037,0.89940816,0.09207342,1.0,0.8729269436932267,29.54117,26.68136,4742,8,34.64533446712018,0.0,0.8729269436932267,1.7464346350823429e-15
94.4566,24.956991,18.176458,15.362268,10.4577265,8.838827,9.119292,7.692008,7.954105,8.726127,7.415793,6.787417,6.8336997,-0.0001411055,-0.00019811494,-0.00019423616,-0.00018901059,-0.00018385213,-0.00017998683,-0.00017805154,-0.00017791902,-0.00017878815,-0.0001795161,-0.000179006,-0.00017658727,-0.00017214887,0.10610842,735.2531953542216,425.7250036229913,0.0565759754276984,0.2834994,0.26715583,0.2438382,0.41995484,0.59917223,0.35798448,0.38802567,0.2789755,0.3210789,0.26507133,0.31838968,0.5332922,0.1008200813842807,-0.1707018124170024,0.0473068555866324,0.1089350533132837,0.0090999100648038,-0.0250248774575762,0.59917325,0,129.19921875,2.038254869194422,1.3117895,1.1829852506428495,0.7618818274688518,0.5235365894207016,1.1829852506428495,0.8918426,21.754839511669587,15.576195548700625,19.370873019129693,19.460015701396888,18.66435490517863,17.467922633000974,46.00641467036191,0.026958281,5707.3565182395705,0.12555362,0.09852269,0.5603139,87.15148,58.779022,0.4408359799200901,0.6735741,0.27267668,1.0,0.4260468605798961,87.15148,58.779022,4303,8,28.3330612244898,0.4453617714151233,0.4260468605798961,-0.7690306985759898
85.04872,25.522537,27.086676,16.228348,17.315983,15.5657,12.799823,16.931011,12.257133,14.828272,14.225227,12.053687,10.536738,0.0053855935,-0.00037032936,-0.00077145477,-0.000406366,0.0002097063,9.538177e-06,0.00013467352,5.679501e-05,1.9537463e-05,-0.00011357219,0.00023873198,0.0007861793,0.00050704984,0.15672249,820.4373242919381,407.81166135761936,0.0862466594337445,0.34430176,0.3850154,0.3313389,0.33346322,0.35988656,0.45426136,0.65068686,0.50510895,0.5064421,0.5179033,0.4525927,0.35621098,0.0027005977274677,-0.1122873846899295,-0.0025354465068456,-0.1253394889990014,0.0209283725367545,0.0549383183294288,0.65068644,0,172.265625,2.804269647075415,1.5997828,1.2765402286234429,0.9201787744256198,0.6271327928932886,1.2765402286234429,0.89631593,21.86709561620694,13.907811070381442,17.484039706300752,17.367343405174246,17.822105678092523,18.23354045459869,47.08483835021079,0.05336614,7276.755797887343,0.2046581,0.11077847,0.648807,102.66121,78.07191,0.3514936600042983,0.28985512,0.41203633,1.0,0.0966627214382632,102.66121,78.07191,3271,8,27.01238095238095,0.4865042554105199,0.0966627214382632,-0.7458023318371831
93.56698,32.62322,16.343803,14.252675,11.383272,11.349432,9.919091,9.229423,8.842747,9.021594,8.682929,8.374296,8.336109,0.0171694,0.0024753024,7.9572346e-05,0.0012288898,-0.00016818187,0.0013177948,-0.00028449105,0.00072214816,-0.0006732615,0.0009701639,-0.00057275535,0.00010245259,-0.00077290623,0.14070122,738.9814989053735,483.3899297517745,0.0501755101947004,0.32755446,0.37571248,0.29156512,0.309575,0.35191426,0.29805332,0.4358436,0.24357969,0.30291736,0.3452164,0.33982557,0.45993623,0.0786769740276203,-0.0889135131160751,0.0063660795800584,-0.0004437669186179,-0.0042196318354993,0.0145289659222221,0.45993617,1,151.99908088,2.4918443545443485,1.1715786,1.1908449801230971,0.8935842019241657,0.5992275276326776,1.1908449801230971,1.0369178,20.25883041223434,15.90993374249228,18.73259529849213,19.12657906197645,18.70661522655561,18.073026577583125,52.548303027751935,0.012422801,4352.414109073382,0.29516593,0.12978336,0.69458926,134.56267,74.190445,0.4697166342202033,0.7294801,0.2612004,1.0,0.5402437945174764,134.56267,74.190445,4343,8,26.837551020408164,0.4453617714151233,0.5402437945174764,-0.6417265552881657
98.37284,39.79325,22.564377,23.74091,17.916958,13.198424,12.98946,11.840892,11.456492,11.213631,11.390832,10.1685,8.525996,0.007118782,0.0006613138,-0.00016513548,-0.000627435,-0.0008238555,0.00038230204,-2.6284968e-06,-0.0010039653,-0.0005824579,-0.00021448878,-0.00017592694,-0.00050729373,0.00024487273,0.10561356,935.3956796665956,678.7623314047362,0.0477789570927746,0.40390775,0.4471368,0.3139794,0.354811,0.38208348,0.29492798,0.36338392,0.3355656,0.4897837,0.36639026,0.33386463,0.44540402,-0.0295792710276928,-0.1349381420483435,-0.0353124540067733,0.0926611310898502,0.0047323243293058,-0.0076164409675408,0.48978317,0,107.66601562,1.7679762033824804,2.0908198,1.560016201372926,0.8900894246294482,0.705121882006091,1.560016201372926,0.77911466,22.957780777397915,16.071215227947206,19.88701803624393,17.44345221988682,19.64707855473952,17.694650277198612,47.72117466280115,0.034630347,4484.207855943552,0.120469846,0.11485527,0.51192725,93.77476,67.35692,0.4164498409945071,0.7034483,0.26370755,1.0,0.4923948605966579,93.77476,67.35692,2881,8,20.079455782312927,0.0,0.4923948605966579,-0.9104468553990002
88.20767,34.642166,31.531824,23.576786,16.54441,14.536878,17.498682,12.300666,12.658605,12.821087,12.269351,10.817667,10.345372,-0.0018261528,-0.0007416175,0.0018056749,0.0013636324,-0.00054618757,-0.0007703368,0.00021305047,0.00029793437,-0.0004101283,-0.00051468465,0.00015268872,0.00062502315,0.00034786787,0.08733629,880.3672483087263,651.5871862093727,0.0495533374417964,0.48219466,0.38074833,0.34028974,0.42702937,0.2641498,0.24945058,0.15460922,0.24807802,0.26882783,0.21494825,0.29811168,0.24722925,-0.2881763100115643,0.0596920594258403,0.0025389696922972,0.1107830284168605,0.00904300471101,0.0246958012644324,0.48219422,0,107.66601562,1.7231744979693142,1.761882,1.5013616150913738,1.1035392958166317,0.8589362309940153,1.5013616150913738,0.8059625,24.024933500349054,17.93112905717405,21.428469156494344,20.36744085972341,20.55968436909881,18.09285246371942,48.14711902386334,0.024440864,4824.980675107394,0.17527351,0.06681151,0.7240134,69.538025,46.91266,0.4262936221419976,0.7777208,0.17482568,1.0,0.5765468369355963,69.538025,46.91266,2834,8,19.29578231292517,0.3142696805273545,0.5765468369355963,-0.1478713655440273
133.82947,48.356903,20.46964,17.0696,19.360851,12.084407,13.193585,11.198815,12.679061,9.990459,10.342134,9.458876,9.931337,-2.3061724e-09,3.4592584e-09,-1.7296292e-09,7.2067886e-11,-2.0179007e-09,5.765431e-10,8.648146e-10,1.0089504e-09,-5.765431e-10,5.765431e-10,8.648146e-10,-4.324073e-10,1.3332558e-09,0.08771827,916.1311886508566,819.8629471063994,0.0494064252496182,0.25502667,0.19980843,0.14781055,0.2753348,0.18040527,0.2924684,0.14234228,0.23831621,0.27248275,0.15494414,0.25024405,0.15789028,-0.2653957211153495,0.1218698372902865,-0.0053798473058275,0.1036149074224166,-0.0063311520696484,-0.0106726343136432,0.29246888,1,123.046875,1.877971312443319,1.1822377,1.4178399824311751,1.3634797790734738,1.007816612227231,1.4178399824311751,1.0508766,22.8812393581189,19.18226624730287,23.259859517265657,22.58750747187576,23.77613380688921,21.24351270688835,46.34095262753215,0.09523711,3599.421434871628,0.14381704,0.034622822,0.80596477,55.254913,41.727737,0.4641777509068924,0.82923937,0.13319291,1.0,0.6956337770217829,55.254913,41.727737,6142,8,38.40580498866213,0.4,0.6956337770217829,1.7464346350823429e-15
94.16389,40.197456,37.269623,23.168087,19.312698,19.313646,15.511056,15.354901,13.451402,13.617554,12.481777,11.722872,11.503237,7.733806e-06,3.7711923e-06,-3.541303e-06,3.3031706e-06,1.0395852e-05,3.480625e-06,-3.914973e-06,2.2598174e-06,8.947022e-06,2.4565413e-06,-4.6135856e-06,8.7948695e-07,6.8498543e-06,0.17047903,1138.099213538511,596.5062095839677,0.0933238713698264,0.46339956,0.3734911,0.43017635,0.41306663,0.4306883,0.50630915,0.3956086,0.405671,0.34538445,0.39898312,0.4623921,0.3932614,-0.0773263071886568,0.1401971694149884,-0.0043171890862603,-0.0683205354395568,0.0082710187577287,-0.0037379679881233,0.50630915,1,129.19921875,2.130310886661064,1.7069815,1.3404569417644088,1.2554843722271691,0.860137759436585,1.3404569417644088,0.9445675,22.78895949118596,15.593665452245425,18.125626406063738,17.603251816521553,17.670156675300174,18.21016473302362,46.965226217693626,0.053643093,5117.86075367647,0.16080795,0.07345455,0.6864405,70.98006,62.139355,0.3220074438708128,0.5588122,0.3213696,1.0,0.2657077140580121,70.98006,62.139355,2682,8,24.17487528344672,0.3142696805273545,0.2657077140580121,-0.986296956341178
119.89002,40.282097,28.56658,19.231684,18.325129,16.411709,12.998447,14.9479,13.019745,12.454318,10.92609,10.178541,9.577559,8.015122e-09,1.5028354e-09,7.514177e-10,-2.5047256e-10,-1.5028354e-09,1.3775991e-09,-1.2523629e-09,2.0037805e-09,7.514177e-10,1.3775991e-09,-1.2523628e-10,1.3775991e-09,-3.7570885e-10,0.14243662,1045.1660318660622,767.6861112296793,0.0685622696910282,0.41847703,0.2754884,0.36234534,0.37443888,0.32906482,0.4724517,0.33095938,0.4499537,0.354304,0.35080498,0.3656189,0.27606314,-0.113298354877915,0.2011138385469743,0.0106658461538535,0.0681282913266447,-0.0234448511500814,-0.0007851747706506,0.47245187,1,103.359375,1.6289893617021278,1.4043661,1.589119055466806,1.8241254191850635,2.020917938207706,1.589119055466806,0.955656,23.80132339548966,16.57104590431058,20.2147977143183,19.179933323564946,19.12669232847799,20.02934425996056,47.08627098805063,0.065784566,4559.423180503119,0.1549872,0.06267755,0.7120422,60.076942,54.987892,0.3988705017073811,0.6132716,0.313297,1.0,0.3495421182490066,60.076942,54.987892,3037,8,22.09959183673469,0.4453617714151233,0.3495421182490066,1.7464346350823429e-15
116.17396,42.17592,25.461767,21.213194,18.670708,19.831469,15.185253,16.9514,13.2482,11.799478,13.209485,12.137182,12.081455,3.5049474e-09,1.7524737e-09,-1.3143553e-09,-1.3143553e-09,1.0952961e-09,2.4096514e-09,3.833536e-09,2.1905922e-09,-8.7623686e-10,-7.1194245e-10,-2.6287106e-09,-8.7623686e-10,-1.5334145e-09,0.124899045,1198.7938607599567,871.1111674430895,0.0678248444814035,0.33964834,0.29321492,0.31813014,0.4258172,0.34041634,0.45011088,0.31169647,0.35423532,0.34395325,0.27693638,0.34571064,0.26448134,-0.2217236489546815,0.068608935291479,-0.1110302762063864,0.0335250084835365,0.0173082930800848,-0.0130164367842781,0.45011073,1,161.49902344,2.522842543935217,1.463167,1.364960466571599,0.872281292245892,0.5790247530973586,1.364960466571599,0.93046314,24.03668733249864,17.10298448355324,20.98252486489867,19.519107261833764,18.92002835666638,22.10899470737609,46.31284512254817,0.06806682,5085.337834321523,0.18835178,0.07550204,0.71384627,70.150055,61.36471,0.383184011026878,0.6048028,0.28539592,1.0,0.2910608999920316,70.150055,61.36471,3336,8,25.269115646258506,0.0,0.2910608999920316,1.7464346350823429e-15
138.07843,45.42428,28.163889,26.675259,16.563744,13.613135,15.2948,13.633025,10.750927,10.226681,9.969306,10.143478,8.830266,8.7913135e-09,5.8608753e-09,4.029352e-09,-2.014676e-09,-1.0989142e-09,2.1978284e-09,8.241856e-10,5.494571e-10,2.2894045e-10,3.663047e-10,9.157618e-11,-9.157618e-11,4.3498685e-10,0.14474088,887.6386991131619,818.594801434082,0.0435570333517721,0.3744802,0.42532268,0.33995774,0.41652066,0.43591577,0.40215507,0.46917987,0.41433364,0.5321756,0.45424485,0.41906905,0.3924378,0.0224564155563059,-0.1219577813119832,-0.0901370073622787,0.0254577227145384,0.0211093317475974,-0.003168271893704,0.5321761,0,161.49902344,2.456683502592913,1.3979516,1.4304667243007658,1.0651977840521754,0.7188797167621562,1.4304667243007658,0.9341322,17.314627458324118,14.563329684831894,17.91613012258064,18.181485500736045,19.86074927585708,18.807602525924416,47.28386629148354,0.050225135,3646.272865384789,0.18153815,0.07531119,0.7067857,69.03338,64.35615,0.3801017958321329,0.67536724,0.27366906,1.0,0.4301396544494457,69.03338,64.35615,3958,8,30.223673469387755,0.3142696805273545,0.4301396544494457,1.7464346350823429e-15
96.62154,47.10961,30.192078,19.673105,18.863773,16.849678,14.555582,14.147561,12.751854,11.904315,11.448975,10.612069,10.757809,-4.197164e-09,6.2957457e-09,2.098582e-09,3.4101957e-09,-2.3609046e-09,3.4101957e-09,9.181296e-10,1.7050978e-09,1.3116137e-10,4.4594866e-09,-1.6395171e-09,-6.558069e-11,-2.098582e-09,0.13953455,959.6847815915456,773.0676098456254,0.0476610834508975,0.4679367,0.3454822,0.28964165,0.34078854,0.28818774,0.36943576,0.25799125,0.38825348,0.5127671,0.40755844,0.47365445,0.34167862,-0.2401048940244892,-0.063501140430612,-0.0810262778929665,0.132629237564073,-0.0086148539289718,-0.0356005182817304,0.51276654,0,151.99908088,1.972642817228336,1.6662533,1.5486589734893166,0.7134558190201086,0.4937830214082832,1.5486589734893166,0.8278838,21.43779929651132,16.81948749560722,21.86930542019809,21.33247233930991,20.950462908949675,21.06256275161473,45.39021522424332,0.011428211,3457.1156331391403,0.21353504,0.06779442,0.75901854,71.492935,70.54889,0.355433287482806,0.74787873,0.28051683,1.0,0.5780992312451817,71.492935,70.54889,2584,8,21.10113378684808,0.3142696805273545,0.5780992312451817,-0.6054042314536864
104.385994,44.024296,29.634895,18.570091,15.226857,12.683783,11.946662,12.089733,9.08611,11.097738,8.818483,8.442078,8.308444,0.0033585974,0.0014527891,-0.00016963415,0.0010059422,-0.00020289604,0.00018936249,0.0007739086,8.243941e-05,0.00044753027,0.00072120957,-0.00016975458,-0.0007592647,-8.27482e-06,0.10576449,1130.8972579168642,825.1817297995278,0.0379115515336906,0.53182846,0.37638703,0.39815077,0.34423926,0.45989957,0.315031,0.2835416,0.39420572,0.417494,0.4658271,0.39873636,0.46558875,0.1883845846902941,0.1941989212869067,-0.204307420680143,0.1668479233823343,-0.0112681989204565,0.1067796479815773,0.53182834,0,151.99908088,2.3755314870144795,1.5965668,1.5453153751273927,1.0877713975422172,0.7334097865821093,1.5453153751273927,1.0115254,22.64080129621472,15.76095410612735,20.24798395692229,19.423709462515266,19.999275592439417,19.65510410870502,47.988792251899376,0.043077845,4972.686622406605,0.25144565,0.07450367,0.7714232,75.81595,67.033875,0.3221098598023443,0.7020553,0.25261638,1.0,0.4370544170424182,75.81595,67.033875,2803,8,25.25750566893424,0.4,0.4370544170424182,-0.1613420726740844
92.86046,42.282074,29.275091,22.287407,18.172735,17.40138,15.095994,15.03194,12.094573,12.785223,12.464843,11.680652,12.003072,-0.0008437887,-0.0014885858,-0.0017459312,-0.0013843623,-0.0009560067,-0.00089975767,-0.00080127397,-0.00036503572,8.3150735e-05,0.00025234633,0.00030886842,0.0004227571,0.00043087098,0.12924722,1196.7408651423682,823.9744493529244,0.0672025938153927,0.53577834,0.33573395,0.36890113,0.31056765,0.4061823,0.36518475,0.35516682,0.3997405,0.35872087,0.40038502,0.3360816,0.43060663,0.1371062846869541,0.159171361357588,-0.0506749679678926,0.0717524427212675,-0.0139046647485898,0.0146623460969462,0.5357775,0,143.5546875,2.2482005094382824,1.5111469,1.3523907421615589,0.9052718470082102,0.616070859920642,1.3523907421615589,0.84882843,25.37311381740503,18.74459033573856,21.71302722012762,20.38561589543415,21.495661526462435,22.43954447926524,47.35114133121478,0.021025281,4490.880095653045,0.20688882,0.06203372,0.7693221,65.04382,67.210915,0.3336725348529561,0.73308206,0.25961947,1.0,0.5191124541958893,65.04382,67.210915,3279,8,28.52281179138322,0.0,0.5191124541958893,-0.0214163681993539
85.5127,42.297787,32.182552,17.833569,18.351383,18.20061,15.856066,14.267045,14.194939,14.146676,11.844975,12.572166,11.642028,4.4517576e-05,1.3290702e-05,-3.158254e-05,1.6544487e-05,5.1934334e-05,9.476004e-06,-2.0256968e-05,7.4742875e-06,2.9970117e-05,1.269514e-05,-1.2943902e-05,-9.6086915e-06,1.5766811e-05,0.1373195,1029.8160285378808,675.6605759561376,0.0604192578072481,0.19147564,0.2509453,0.4149073,0.2860075,0.4498365,0.30796447,0.45847064,0.30430564,0.32000446,0.4118987,0.29897916,0.36210415,0.2616430883644068,-0.0301191680795241,0.0103304254173348,-0.1219965635351677,0.0057798710625917,-0.0019847781016768,0.45847023,0,161.49902344,2.660295266912472,1.7455465,1.2971851331183732,0.7490334360587609,0.5090307487999232,1.2971851331183732,0.86106026,20.50925587618368,16.907716287251354,21.503190977746662,20.82366211939528,21.218268329282928,22.54810224943157,48.00903247512175,0.01937397,4985.781007894315,0.21746728,0.0740026,0.7461029,78.414345,53.92899,0.4260981083680666,0.64513713,0.27222607,1.0,0.3301586563511209,78.414345,53.92899,3987,8,27.15863945578232,0.4,0.3301586563511209,-0.986296956341178
122.06837,49.15885,32.751396,24.900688,23.714558,18.955284,15.224277,15.405919,12.90542,14.957695,13.6032505,13.386899,10.850662,0.0003101589,3.372546e-05,-0.00019447345,5.2737912e-05,0.00025935547,8.334164e-05,-0.00014389104,-1.4439488e-05,5.2609317e-05,0.00012515915,-4.110055e-05,-0.00012085417,2.630447e-05,0.104566514,1055.0073661939653,814.413655336804,0.0613103907123599,0.4226149,0.41291758,0.6617492,0.45359713,0.5441184,0.4064016,0.44397545,0.6127412,0.40671894,0.4162132,0.37340686,0.51435834,0.1827158729554108,0.0527491012383493,0.0696390564488894,0.1683686742304166,0.0487351120395894,-0.0101926582800455,0.66174966,0,161.49902344,2.620397693599368,1.684936,1.4391662417679232,0.8308278502283192,0.5639913232104122,1.4391662417679232,0.7694973,20.04035986861565,17.17080968420404,21.2044186266602,21.55206396487109,19.05046364883801,18.66323263402116,45.50975414083823,0.014089685,3411.773557866408,0.12633443,0.03883076,0.7648928,35.324116,41.554314,0.2392993546687738,0.82763606,0.21906103,1.0,0.77279475521233,35.324116,41.554314,1817,8,22.03863945578232,0.4714045207910317,0.77279475521233,-0.9545285965089404
76.55433,34.260513,31.721888,19.125961,16.467236,16.21558,11.297916,13.54829,11.188952,9.690856,9.862928,9.668837,9.207288,2.4531013e-05,4.4999077e-05,5.2270134e-05,2.13648e-05,-3.8215498e-05,-7.750846e-05,-6.8133675e-05,-3.387566e-05,-1.2998785e-05,-8.062943e-06,7.5793655e-06,4.255879e-05,7.0918875e-05,0.09424762,877.9521609060083,622.7169961627585,0.0504933349338474,0.40863508,0.32782966,0.38140398,0.4383525,0.3392883,0.50942886,0.33133236,0.38371694,0.34576508,0.3347835,0.47911242,0.3580916,-0.0857063686933353,0.1465971158058693,-0.0195318231736053,0.0074168079306239,0.0086931199499026,-0.0129673511209422,0.50942886,1,135.99917763,2.239331723027376,1.5310649,1.3171214745837605,1.2655151223008874,1.0609877245795378,1.3171214745837605,0.93096066,20.97995597478625,15.513664104954444,18.08784238193089,17.447848794689616,17.205913664439205,17.42137095711837,47.87141005373755,0.018603068,5194.0204287427705,0.1843372,0.10951475,0.62731105,101.68169,62.764984,0.4096751577471372,0.65977144,0.25356975,1.0,0.3549944611726572,101.68169,62.764984,3506,8,24.84,0.0,0.3549944611726572,-1.0525714121175684
87.38556,39.480366,21.60724,17.486118,15.368679,13.540719,11.498748,12.427771,12.136858,11.808204,9.736511,9.432114,8.72831,1.5481334e-08,-4.8379167e-09,4.354125e-09,-4.1122292e-09,1.9351667e-09,-8.4663543e-10,1.6932709e-09,2.7818021e-09,2.2980104e-09,2.2980104e-09,-9.675833e-10,0.0,-1.451375e-09,0.08115415,1122.048238349737,398.1108362941525,0.1110806698010014,0.30706835,0.46779326,0.3034158,0.30018026,0.41338497,0.27349925,0.3140289,0.24695817,0.37251607,0.45134455,0.2988494,0.35377434,0.1069838729954468,-0.1582468399828333,-0.1213928988329793,0.0083982267768393,0.0188150301999775,0.0212187669418732,0.46779317,1,161.49902344,2.627465931792237,1.6438513,1.1275321452788771,0.6672496802280907,0.4760952285695233,1.1275321452788771,0.80369484,20.633472601841948,17.162468081502208,20.07318871252601,18.9704266559404,18.612761720686496,20.03639936611003,46.96378915855855,0.031478066,5962.842979648859,0.0974697,0.077998176,0.55548143,65.244804,48.232285,0.3720192795535261,0.71123844,0.27121782,1.0,0.5114284645842322,65.244804,48.232285,2933,8,22.88326530612245,0.0,0.5114284645842322,-1.2836673645675651
105.5284,43.80983,30.123602,24.876411,21.829918,25.334755,17.144209,17.327183,14.291689,14.748769,12.999314,11.798807,11.651031,-6.1440666e-09,1.5360166e-09,1.7280187e-09,-4.992054e-09,1.1520125e-09,-2.496027e-09,1.3440146e-09,7.680083e-10,1.1520125e-09,-7.680083e-10,-3.8400416e-10,-3.8400416e-10,-9.1200986e-10,0.17326795,1081.6181827932303,801.7374621997677,0.0625037089942844,0.32363638,0.2549759,0.31654152,0.2527775,0.37301955,0.39080858,0.30107513,0.51898366,0.40314502,0.6944597,0.33704254,0.25591758,0.2039278840070567,0.1853699729924521,-0.0532215206867163,0.017912814927457,0.0235278864997527,0.0169714420639356,0.69446015,1,143.5546875,2.367192112938145,1.6723198,1.4174789902477958,0.9691537396022613,0.6633224203055607,1.4174789902477958,0.96968347,17.665263624061172,15.626518148789172,19.358933095551187,19.041120519261888,19.858440380455374,25.13626903486476,50.37746773465782,0.02378092,5063.739506426005,0.23447697,0.0875799,0.7280585,82.72939,63.715637,0.4120608074096446,0.5814772,0.3094462,1.0,0.2696803128552614,82.72939,63.715637,4093,8,28.831626984126984,0.0,0.2696803128552614,1.7464346350823429e-15
87.69728,41.194736,26.600073,24.838097,17.381804,13.90892,12.573122,13.451611,13.081927,11.307783,10.463732,9.518476,9.105797,0.0006527063,0.00079394,0.00050280604,0.00023830008,9.723476e-05,2.441746e-05,-7.284536e-05,-0.0001928469,-0.0002518591,-0.00020968157,-0.00013581559,-0.00012898515,-0.00019612556,0.10846241,877.1170108417539,705.8378725053511,0.0488039992307957,0.48975828,0.34207773,0.46299633,0.3682864,0.49660212,0.3799292,0.29758817,0.40749756,0.28934294,0.36077455,0.26582712,0.35051697,0.1654488347118185,0.1330717353413155,-0.0362139723011286,0.1023410254121038,-0.0165056566527164,-0.0003588424762246,0.4966013,0,89.10290948,1.408509877393164,1.6300893,1.647223740889178,1.184410798897,0.9547226111391092,1.647223740889178,0.94253474,23.35558410845567,16.771073066801403,20.433112510769924,19.88741298550907,20.62397132687997,18.25124797201557,48.161171378332185,0.011739382,4201.727153977956,0.1850966,0.09494333,0.66096264,92.02568,67.58848,0.3773739742086752,0.74599814,0.20634778,1.0,0.5206191610671808,92.02568,67.58848,3219,8,24.760209750566894,0.0,0.5206191610671808,-0.2206254029037154
106.16666,40.75199,24.506748,20.06102,14.449733,13.845703,12.495454,11.845774,10.059869,10.374065,9.758394,9.827119,9.340433,-4.0587285e-09,-3.0440461e-09,-2.5367053e-09,-2.2830347e-09,-1.0146821e-09,-6.341763e-10,1.9659465e-09,1.7756936e-09,-5.0734106e-10,-2.5367053e-10,1.9025288e-10,-2.5367053e-10,6.341763e-11,0.121490814,1046.905225123099,717.8252312826395,0.0709528218250881,0.27583843,0.3335885,0.28057307,0.50023043,0.36015108,0.29628393,0.4148616,0.30519858,0.3702997,0.26197392,0.37107953,0.42961612,-0.0471111592213409,-0.2358467449621172,0.1878726402639964,0.0862013749970999,-0.002161070635923,-0.002459944401059,0.5002295,1,99.38401442,1.621070395108226,1.2630779,1.477978797852239,1.2792457467553628,1.102586001429714,1.477978797852239,0.99730784,20.894303749693115,17.144490994408216,20.53455476376816,19.21001756382179,19.8831007040176,18.087617406953665,49.628930986755485,0.019768873,5088.865229569466,0.14109638,0.050401736,0.7367991,50.135338,45.41556,0.388268156424581,0.7244158,0.23803794,1.0,0.4857624770451187,50.135338,45.41556,2919,8,21.82200113378685,0.0,0.4857624770451187,-0.9646782813171396
97.774925,30.406263,21.904749,15.156104,12.895606,12.461629,10.737239,11.2586975,9.854724,9.437004,8.609331,8.03521,7.598842,0.01790302,0.005122231,0.0022089984,0.004500592,0.00050037884,-0.0005157235,-0.0011695414,-0.0009054166,-0.00047969716,0.00018250302,-0.00046302084,-9.3524686e-05,-2.8192468e-05,0.055027183,868.7224965757366,585.8968202054301,0.054766824575791,0.3895587,0.4142075,0.42109662,0.57523364,0.41943842,0.39104626,0.3946696,0.39716446,0.4369778,0.4133999,0.5268196,0.42204255,-0.1180766705482774,-0.03732490913232,0.1079202175676722,-0.0201928859692523,0.0074245749759172,0.023713311748736,0.5752342,1,151.99908088,2.506782331443914,1.581896,1.1169602406190455,0.7834342220132522,0.6305711230323086,1.1169602406190455,0.8713913,20.41918116926785,14.647645150727552,16.65839648605774,16.852515807608157,17.100701762053983,16.700771770614033,46.20531981873908,0.04539875,5644.138582672884,0.09551477,0.044827033,0.68058187,46.82954,27.237484,0.40559533280297,0.80958945,0.15571967,1.0,0.6600447943962591,46.82954,27.237484,3059,8,21.89061224489796,0.4453617714151233,0.6600447943962591,-0.445468000889585
127.35906,25.054525,14.459145,13.952733,11.95268,10.334902,9.981473,9.291425,7.616524,7.8982806,7.090069,7.1832547,6.556787,-1.0691978e-08,1.3364972e-09,7.517797e-10,-3.341243e-10,-4.5942092e-10,3.341243e-10,-1.1694351e-09,0.0,-9.606074e-10,5.011865e-10,-6.264831e-10,4.5942092e-10,-2.9235878e-10,0.09614984,700.7326974402048,296.8918480916067,0.0678290546278666,0.34614474,0.4119463,0.48401442,0.35081884,0.441944,0.40624735,0.5519288,0.5361984,0.5110103,0.6033021,0.4627691,0.43182042,0.0751769274566219,-0.0098690138777228,0.0048878988368305,-0.0562594615825125,0.0108607268449376,0.0131992355869616,0.60330325,1,92.28515625,1.4750319589830063,1.0975695,0.97088382525086,1.3133483146855878,1.3631503327649857,0.97088382525086,1.2010536,20.41806206153781,13.47430441784532,16.955776378953384,18.07629925973627,17.806940364817002,17.904301321308324,47.63344844570425,0.035280667,5638.096834763948,0.21983862,0.10421666,0.6783964,107.02838,50.31609,0.4689032936229853,0.6673122,0.38777822,1.0,0.5668784325306565,107.02838,50.31609,5353,8,33.13487528344671,0.4453617714151233,0.5668784325306565,-0.9704006187496
110.3284,46.373474,38.10147,24.641443,27.570425,18.401785,17.907927,16.30093,15.3557005,14.871209,13.018015,12.6804285,13.955743,0.009070182,-0.0038465657,-0.0025940614,0.00070951204,-0.00173578,0.00094434625,4.2966367e-05,0.00032561278,-0.0015052129,0.00086494844,7.447846e-05,0.00019282811,0.00019847484,0.14802471,1289.1550702501245,823.3069828766268,0.0859114486343742,0.42231032,0.4287663,0.459969,0.31300637,0.29905242,0.32769066,0.32776213,0.31755173,0.39726016,0.47535348,0.47281212,0.4674679,0.0288322883333482,-0.0244436191483481,-0.1119919337605001,-0.0925306800223072,-0.0145214230211562,-0.0296868193337594,0.47535402,1,135.99917763,2.206765412329864,2.131028,1.3527118251057018,0.8799807827233028,0.5862418316439929,1.3527118251057018,0.7993513,20.271646303140127,16.47116404272269,19.923957480246493,19.34451253387484,18.897020664901618,18.601842672394337,46.33422106640088,0.020468516,5067.659074148391,0.18788308,0.12367806,0.6030356,115.329605,80.697845,0.4452895649853216,0.53047353,0.31522217,1.0,0.2042368650481241,115.329605,80.697845,3337,8,21.751292517006803,0.4714045207910317,0.2042368650481241,-0.8159699669704661
94.62633,37.666615,26.195374,17.07338,20.02761,15.803043,13.619511,12.383813,11.464991,10.874656,10.21741,9.988863,9.802574,6.7293446e-09,4.2058406e-09,-4.2058404e-10,-1.6823362e-09,1.8926283e-09,4.2058404e-10,-1.4720442e-09,-5.2573007e-10,0.0,1.0514601e-09,-5.2573007e-10,-1.5771902e-10,-5.2573007e-10,0.09935621,1128.658754170748,614.2447704688593,0.0883101067442933,0.5476311,0.5115155,0.3844665,0.38788778,0.3490566,0.42540604,0.47560468,0.45652643,0.42244282,0.4085655,0.4712139,0.44180125,-0.1018154264247045,0.0005535580127492,0.0051415885365312,-0.1191141899121167,0.0379916154340419,0.0106224029878917,0.5476313,0,135.99917763,2.246158358832286,1.7834545,1.7753704967408934,1.104745286816247,0.8176950626335766,1.7753704967408934,0.8956864,22.544485392229667,13.851564716499569,18.47281527462365,17.24435532190717,17.322327742486333,17.657371980041958,48.31876617276968,0.040453408,5770.250304704728,0.12812607,0.0929094,0.5796603,83.215256,58.275627,0.4694012570294409,0.6079082,0.29201254,1.0,0.2827437704294298,83.215256,58.275627,4257,8,26.32272108843537,0.3142696805273545,0.2827437704294298,1.7464346350823429e-15
100.25397,46.222668,32.788795,21.659763,22.3082,18.013382,16.519129,14.850997,13.180748,11.971916,11.123527,11.464577,10.599109,0.001407192,0.0018305907,0.0014096372,0.0008740002,0.00039477908,9.542648e-05,6.8517725e-06,6.884614e-05,0.00017304436,0.00022244082,0.00017649733,6.1135404e-05,-5.6985056e-05,0.13635129,1420.3265485413294,825.6359264816742,0.100286148683404,0.5274092,0.43762174,0.45995685,0.44783852,0.39814833,0.36363977,0.42801926,0.5553083,0.4163975,0.39469486,0.41321677,0.4596379,0.0216359119190152,0.1945763169784838,0.0263457377697895,0.160605568045396,0.043449623053103,0.0679657387765555,0.5553089,1,143.5546875,2.252427105125524,1.895366,1.6296557849818076,1.0565198510143756,0.7014829613517973,1.6296557849818076,0.9448074,20.55346003570442,15.604474034032071,18.396961308047214,18.974945950619748,18.228785176708744,18.110972898978897,45.349113815549984,0.037784573,5851.004385491842,0.15086174,0.09331821,0.61782765,80.68752,59.434856,0.4377615062761506,0.589306,0.28325865,1.0,0.2550755381190326,80.68752,59.434856,4185,8,27.74784580498866,0.3142696805273545,0.2550755381190326,-0.0455275850969247
86.73349,36.173,27.339687,16.37639,15.644387,10.71012,12.804368,10.750271,9.911167,9.630354,8.751689,9.507701,8.239185,-0.0022162236,0.0036032598,0.006180434,0.0045846817,-0.0003225092,-0.0012430334,0.00034306198,-0.0017302758,-0.00060855935,-0.0009254187,-0.0014333188,0.00033258353,-0.00018205338,0.108100004,897.8883068514797,688.2054058893002,0.0472127786510315,0.6224441,0.45675844,0.48142475,0.48050213,0.3562926,0.3607846,0.34235546,0.4971661,0.3776512,0.34558237,0.41253936,0.39878887,-0.0330177238749357,0.123200911499755,0.0363659544343104,0.0517922005148478,0.0078269543144425,0.0121536436122645,0.622446,0,143.5546875,2.375866616846217,2.021513,1.210806961503316,0.9991429037867992,0.9046583621598214,1.210806961503316,0.6785064,20.94449019697568,16.30789113837536,19.634916233917657,17.536700791852347,18.01722901410276,16.784174647168143,45.56413727363431,0.010372008,3920.30722878196,0.19746523,0.15681899,0.55736226,121.916756,77.39846,0.4138747484313957,0.733118,0.2364759,1.0,0.5270536228316546,121.916756,77.39846,3496,8,24.51736961451247,0.0,0.5270536228316546,-0.4928736495325553
85.76964,43.932606,26.913248,16.588764,18.674547,14.903702,15.312988,12.790769,13.026818,12.514299,11.196715,10.75561,10.878977,9.553661e-09,-1.5922769e-09,1.7913114e-09,1.9903461e-10,-1.5922769e-09,1.6917941e-09,-5.971038e-10,-1.8908288e-09,-9.95173e-10,-1.9903461e-10,-9.9517304e-11,-1.7913114e-09,9.95173e-10,0.14030088,1124.3911253470935,710.2297511081164,0.073950814943338,0.40173367,0.28123167,0.3744265,0.3172074,0.29893374,0.38973466,0.32297882,0.43438417,0.38121745,0.45351714,0.5326216,0.33418036,-0.0172564515633713,0.1991196335000415,0.0413403858261189,0.0186972236144266,0.0323342821890859,0.0114253531264731,0.53262174,0,123.046875,1.941628835316218,1.6315374,1.697867017278826,1.542802218562317,1.312048040657182,1.697867017278826,0.9038292,21.75736270438697,16.874470245343595,20.590364441175147,20.05723946610079,19.39402430074524,19.129387095450166,47.971448517380445,0.016356712,4130.513494253332,0.21498063,0.102955766,0.67617285,97.58712,80.19634,0.3557712377374243,0.7043938,0.26154405,1.0,0.4851452713714432,97.58712,80.19634,3409,8,27.811700680272107,0.3142696805273545,0.4851452713714432,-0.9679358855468396
101.11603,37.754128,33.75158,21.782497,19.090048,15.626283,13.164695,13.181621,11.021776,10.871048,10.079689,11.915415,9.99253,-1.1913948e-08,-7.4462175e-10,0.0,3.5369534e-09,0.0,-3.0715648e-09,2.7923316e-10,-9.307772e-10,9.307772e-10,1.5823213e-09,3.7231088e-10,5.5846633e-10,-2.1407875e-09,0.070857406,1154.4713223763476,726.7923298167401,0.0566877090224304,0.35362038,0.46655327,0.3588042,0.47371477,0.5739129,0.41575208,0.36821172,0.36835358,0.5692244,0.48503718,0.3510395,0.33713838,0.0393904318517019,-0.1329430229252779,-0.1984897365489044,0.1324922468467979,0.0625306193204304,-0.0402753810305873,0.57391244,0,151.99908088,2.534801656295754,1.7559338,1.466324040153865,0.7605289982531974,0.5212348251824405,1.466324040153865,0.7906692,21.23891208996402,16.695462006908645,20.512886725516665,19.847569028907287,18.446145288981747,18.210845315086765,47.811015546054605,0.022816503,5303.849020158781,0.114548415,0.0625419,0.64683247,52.66378,44.543133,0.3628111273792094,0.79543644,0.18483862,1.0,0.6412652991722769,52.66378,44.543133,3717,8,29.736054421768703,0.4,0.6412652991722769,1.7464346350823429e-15
128.56703,41.581158,29.252514,18.119944,18.658243,17.053848,18.818537,18.526253,14.037614,12.055357,11.385947,12.151415,10.119756,-3.361337e-09,1.6806685e-09,3.9915875e-09,1.0504178e-09,2.1008356e-10,-1.6806685e-09,0.0,1.0504178e-09,-1.0504178e-09,1.0504178e-10,-6.302507e-10,-2.836128e-09,-5.777298e-10,0.14601956,1540.3977315993827,832.3781801570486,0.1116188065427689,0.30373013,0.37769365,0.45059937,0.33802623,0.4503627,0.34341776,0.4640087,0.3683962,0.32616368,0.3369425,0.3206317,0.47227243,0.1725762463777877,-0.0901286759249976,0.0708932646518099,-0.0488652458469397,0.0015404297656242,-0.0326324342053591,0.4722716,1,73.828125,0.9677844101123596,1.6636014,1.555290416102879,1.2701005349101857,1.249076923847359,1.555290416102879,0.8478986,21.896019768615577,15.988350285425442,19.917083138151245,17.974502524958794,19.04473684351168,18.38753047732225,45.838825776142,0.04066166,5684.960109266577,0.13507228,0.0991327,0.5767243,87.62703,76.07256,0.4024014100022031,0.5179807,0.33676636,1.0,0.2126698421236479,87.62703,76.07256,3653,8,26.348843537414965,0.4,0.2126698421236479,-0.9746204798924633
83.54436,24.38876,23.563606,16.24813,12.883867,10.419115,10.662518,10.124046,10.170882,10.313662,9.578222,9.055523,9.540256,0.004351456,0.0005228707,-0.0012285429,0.00017688646,-0.00049279415,-0.00023288142,-0.00043644555,-0.00020270029,-0.00019412245,-0.00015748873,-0.00048298473,-0.00010094609,-0.0001158168,0.13750444,884.96092816681,535.6462934904746,0.0629435105142443,0.5367282,0.25301635,0.1895493,0.16292097,0.31990477,0.48570323,0.27950513,0.38760173,0.30749813,0.40475476,0.28166932,0.2826315,0.0737523983526137,0.2473650422579207,-0.1205054431000868,0.1186499110521851,0.0049829839448259,0.027150113349266,0.5367274,0,117.45383523,1.9009024064171125,1.244312,1.3766878792710775,1.160022843775278,1.3787490635303854,1.3766878792710775,0.8668308,21.422085467245488,17.368108738924217,20.741978553097777,20.38590999097019,19.694359014575948,19.35417894388764,46.95587366247026,0.028644487,6536.911485867931,0.13282849,0.08249522,0.61687523,71.87625,75.29918,0.3332363213038417,0.73567444,0.22582781,1.0,0.504759747923418,71.87625,75.29918,3435,8,29.92,0.4865042554105199,0.504759747923418,-0.4610858542720281
103.39457,42.625614,38.887703,24.364222,18.771193,18.346983,15.124462,16.993753,13.8752575,14.389406,12.245981,11.699713,10.447901,0.0031298776,0.0033445926,0.001286207,0.00013232378,9.7237826e-05,0.00010516546,-0.00034563537,-0.000800193,-0.0008151991,-0.00048221918,-0.00021267016,-0.00032795433,-0.0006461639,0.13224201,1117.5552140366958,862.0390815590317,0.0680002055289029,0.3666316,0.27998373,0.37650394,0.29251447,0.5074789,0.3577693,0.264987,0.45051703,0.31734857,0.45409787,0.38632607,0.3347872,0.1738666739401755,0.1116618896053594,-0.0218150623998947,0.0646492033212153,0.0482392001033872,-0.0298282581799157,0.5074781,0,143.5546875,1.8688751620496729,1.4805492,1.3020467727737248,0.8196344467338347,0.5524739250218205,1.3020467727737248,0.8098995,20.798178194699684,17.024537972815153,21.059677805938296,20.07029250489516,20.69412735810329,19.33549132866488,47.3858563340774,0.026800284,5204.337798285279,0.13320756,0.07578872,0.63736504,65.784065,71.74955,0.3107259825327511,0.66423887,0.29175097,1.0,0.4004699424124786,65.784065,71.74955,2277,8,21.269478458049885,0.0,0.4004699424124786,-0.0497470016883664
80.66241,34.03062,26.517902,25.01405,19.691948,15.378659,16.105991,13.616268,14.343712,14.12246,12.439125,12.107408,11.537773,-0.0074172816,-0.0069189263,-0.0043466953,0.004207269,-0.003381839,-0.0012314166,0.002164682,-0.0014154359,-0.0015355131,0.00040696262,-0.00061178947,0.0012752137,-0.00018971265,0.044111233,955.7274998708934,555.2920393551422,0.0632974567454074,0.5003108,0.3661429,0.3291492,0.42969206,0.3442479,0.45816717,0.30171996,0.38359365,0.43001872,0.34928283,0.4660799,0.35830197,-0.1295368857568563,0.0438302512872641,-0.0803154774432381,0.0500339258489312,0.0280776503321175,-0.0073804085063074,0.50031066,0,99.38401442,1.5354910337701049,1.7057617,1.3083784727691417,1.4742412857562768,1.5483288229207637,1.3083784727691417,0.88953114,23.55465482992951,16.93545463889279,20.179254009285422,19.923520071090984,20.789970053576848,21.228809506288894,46.15497093953304,0.016450375,5287.856771492282,0.057655234,0.025549803,0.6929213,28.16911,19.424486,0.3899448880890788,0.90509325,0.07947939,1.0,0.9197579177247478,28.16911,19.424486,3467,8,25.806077097505668,0.3142696805273545,0.9197579177247478,-0.5450174071088951
78.39414,27.674498,20.208748,16.257818,15.40957,12.035923,12.524568,11.343013,12.374558,10.013742,11.745088,9.43586,9.397504,-0.014967344,-0.005698613,0.00012351944,0.00015217283,-0.00048989046,-0.00034667007,0.0008674221,-8.940129e-05,3.4332676e-05,-0.00052096025,0.0004549222,-0.0003090577,-0.0009597005,0.07815043,926.773489402064,410.9609887943616,0.0706714523503251,0.30923417,0.3022327,0.51638913,0.3862381,0.31785333,0.3168595,0.35758787,0.46434528,0.38939786,0.49012154,0.46649745,0.32647747,0.0859980855919836,0.0896113337043523,0.0076294915581997,-0.1239239472747761,0.0132904707672891,0.0004473327942801,0.5163895,0,63.02400915,1.0436781204101973,1.570465,1.7272001796860927,1.6641956423008115,2.0304859876235857,1.7272001796860927,1.0269573,22.04305756834438,15.795476580061772,19.76899880866589,18.59937623330936,18.38915006697422,18.06927442481096,47.081164459626805,0.023424886,5565.082758370594,0.0927618,0.0641995,0.5909814,59.435085,45.205162,0.3215484683172471,0.80852616,0.16743512,1.0,0.6642193477461877,59.435085,45.205162,3065,8,27.66657596371882,0.4,0.6642193477461877,-0.439818692445005
109.15618,38.58124,26.940758,21.986078,18.710894,16.941156,14.653401,14.418719,13.385573,12.215417,12.157754,10.578189,10.830074,7.2154105e-09,0.0,4.28415e-09,-3.156742e-09,9.019263e-10,6.7644473e-10,2.705779e-09,8.455559e-10,1.1274078e-09,-2.2548158e-10,-2.8185196e-10,-1.0146671e-09,-2.2548157e-09,0.07928024,1074.966276997497,664.3164162038778,0.0779831925692251,0.3167526,0.24567361,0.39088005,0.4732803,0.28730062,0.39082235,0.26455486,0.36131656,0.32605594,0.3203423,0.45212236,0.31423151,-0.1243143929778416,0.1491790389941853,0.042876435585056,-0.059103825039481,-0.0059157280634823,-0.0018630204603997,0.47328088,1,123.046875,1.9551438210186272,1.7128938,1.542406603816023,1.437174855004319,1.4429172669803063,1.542406603816023,0.8483371,19.419567137414603,16.258759879457664,19.593508466411432,18.950322382108645,20.374280842372468,26.31635419909622,48.60965693718335,0.017198382,4478.808244524139,0.113691896,0.053000715,0.6820411,54.54277,41.32243,0.419129817923859,0.77234083,0.20464514,1.0,0.5996967130633983,54.54277,41.32243,3545,8,24.55062358276644,0.0,0.5996967130633983,1.7464346350823429e-15
99.62188,39.73387,17.111689,16.634981,14.382963,10.623474,10.899075,11.442229,10.968758,11.23489,10.360099,8.744548,9.548682,8.058818e-05,-0.00013386905,8.918226e-05,-9.648422e-05,5.791305e-05,-7.878911e-05,4.518825e-05,-4.564968e-05,-1.6904703e-05,2.9404691e-05,-6.395452e-05,3.45095e-05,-4.8024856e-05,0.0825312,1140.0166468932998,579.5101801184693,0.1094113267021971,0.35855982,0.522132,0.3157389,0.4244998,0.24643393,0.33357173,0.25019002,0.21889931,0.386866,0.2534408,0.30431256,0.22422393,-0.2622649942146631,-0.0655216283489799,-0.04536309434103,0.0169639301734043,0.0169040300624685,-0.0074689493938847,0.52213234,1,89.10290948,1.4146064808741734,1.2740223,1.408030363364876,1.054825287146857,0.7434723050498037,1.408030363364876,0.9703663,22.19046946149262,17.269432559730017,21.305847903789385,21.228919494889684,20.217023234683783,18.57040444900989,46.94378871244099,0.00823646,4268.699934520101,0.14825894,0.04727612,0.7582179,59.331337,40.431347,0.4378213873438976,0.8363229,0.14694089,1.0,0.7282744610546691,59.331337,40.431347,4172,8,27.657868480725625,0.3142696805273545,0.7282744610546691,-1.090237781807884
105.12697,35.18668,22.400599,18.552675,17.240507,13.710114,14.896319,13.575121,13.444777,13.029607,11.760195,10.886611,10.779553,1.03239435e-08,5.1619717e-09,-4.731808e-09,1.182952e-09,-1.0754108e-10,1.0754108e-10,-1.0754109e-09,-1.4518046e-09,-1.6131162e-09,-9.140992e-10,-2.4734448e-09,2.6347564e-09,2.5809859e-09,0.09137712,933.8870683849956,592.4440550483865,0.0647858993051014,0.23618552,0.27307284,0.27919468,0.4312038,0.30896068,0.27617443,0.32869905,0.3868445,0.5004754,0.38486674,0.44904724,0.4103102,-0.121443060091352,-0.0427829345273067,0.1585034428859828,0.0598175211383556,-0.0189952621753764,-0.0386107637998334,0.5004751,0,112.34714674,1.7922075004229163,1.8403096,1.487701081515593,1.089445446210377,0.9019406128413486,1.487701081515593,0.8312729,21.400075804885816,16.02620300163593,19.70706756156605,19.123995089497107,20.147293039636217,18.36117944571499,45.59374896079578,0.023877278,4588.02068191549,0.11636096,0.09373498,0.55384415,79.09788,56.410686,0.4217886545618586,0.7750354,0.18692677,1.0,0.5812560566044684,79.09788,56.410686,3740,8,25.73641723356009,0.0,0.5812560566044684,1.7464346350823429e-15
104.22626,33.433613,26.977203,18.5033,19.41641,15.0888405,15.10367,13.384948,12.178031,10.974406,11.823938,11.080819,11.1531515,-0.02841064,-0.01055279,0.00535136,-0.0041880556,0.0030157226,0.0026095724,0.0020349633,0.00032437438,-0.0011008435,0.00052236504,0.00013261341,0.0035003296,0.0045504705,0.09264083,916.1225077179528,567.7994914371241,0.0578253203692393,0.18605788,0.30246124,0.38384616,0.26849923,0.36422747,0.23189954,0.3185043,0.25771227,0.2241368,0.3373742,0.24787615,0.32743296,0.2801533540118841,-0.1225530574007652,-6.152530772896315e-07,-0.0595558651686985,-0.0011695726412052,-0.0147243122167941,0.38384566,0,129.19921875,2.112746738039478,1.3637856,1.4759369634155677,1.441373246365916,1.231251690607401,1.4759369634155677,1.0615225,26.29227415922763,18.98045313888454,21.95658241561231,21.1250403093226,19.16178468621908,19.501793707416823,46.6559553380865,0.012705639,4606.080614995412,0.1294229,0.046401218,0.7360888,50.893097,42.049747,0.4336324437711222,0.77628285,0.17697868,1.0,0.5699818510949057,50.893097,42.049747,3721,8,24.90833333333333,0.3142696805273545,0.5699818510949057,-0.0664353438325554
95.40636,28.814459,17.357088,14.350632,9.967583,12.582919,8.646917,11.144156,8.537023,7.722121,9.034039,8.322582,8.711383,4.9193513e-05,6.9289774e-05,6.846517e-05,6.7099405e-05,6.5220775e-05,6.286009e-05,6.0061728e-05,5.6870686e-05,5.3339838e-05,4.9530165e-05,4.5500743e-05,4.131904e-05,3.7053007e-05,0.100874215,930.1537956866114,416.8064163983626,0.0830735753889306,0.2702311,0.39977553,0.4132148,0.25927386,0.27901247,0.2585515,0.50235504,0.38957575,0.36085525,0.4247014,0.3065492,0.4098833,0.1248433637312124,-0.0732036479360218,0.0629762352652155,-0.1275597119402051,-0.0071309209145205,0.0004614787218853,0.5023541,0,123.046875,2.000471623958497,1.2436447,1.4906736027126806,0.8066019236383063,0.6205347654457326,1.4906736027126806,0.9831077,22.179917780029083,16.25871935543614,19.2454696231069,18.726333329823465,17.955996914909267,17.181447941585922,45.05537810161618,0.066691905,7152.911322367933,0.20086195,0.108169414,0.64997053,108.577576,59.53583,0.4302272519850324,0.502026,0.39867926,1.0,0.2893399647248594,108.577576,59.53583,4714,8,31.805,0.4453617714151233,0.2893399647248594,-0.5442489321376944
131.7538,31.587177,21.976427,15.02815,14.291918,10.469184,12.5777025,11.924981,9.45426,10.32849,9.251073,7.7789226,7.604842,0.0,3.3755396e-10,2.0253237e-09,-3.3755396e-10,1.6033813e-09,3.3755396e-10,6.751079e-10,1.6877698e-10,-1.6877698e-10,1.2658273e-09,0.0,-6.751079e-10,-3.3755396e-10,0.022538885,738.2635792155518,510.3687183542398,0.0447342870740946,0.3741629,0.3319884,0.48450306,0.47268355,0.365893,0.455507,0.3541425,0.46724874,0.35906202,0.38008663,0.4308538,0.32176152,-0.0404117039945152,0.2046149995979836,0.0984072919805434,-0.0143538637616407,0.0077027684213125,-0.0258604699885911,0.4845041,0,172.265625,2.702131153207964,1.4625633,1.723450183765436,0.6561900184452957,0.4805831174566177,1.723450183765436,0.902014,21.585744900867684,15.425010002408325,19.755041462941684,19.12871943647785,18.82918386586485,18.1130497221206,46.19517231585862,0.015711421,3934.172039877555,0.025734117,0.013476423,0.6562894,13.650719,11.153115,0.4151327433628318,0.9555489,0.037169468,1.0,0.9941529027351028,13.650719,11.153115,4691,8,32.79818594104309,0.4,0.9941529027351028,1.7464346350823429e-15
92.338936,22.077948,15.102666,12.639335,11.63417,10.488516,10.16056,8.820231,9.785518,9.480692,9.016315,9.110389,8.356153,6.2369874e-09,-1.5592468e-09,-5.8471755e-10,1.1694351e-09,1.364341e-09,7.796234e-10,3.898117e-10,9.745293e-11,1.1937983e-09,-1.8028791e-09,1.9490586e-10,1.4617939e-10,-6.821705e-10,0.10813301,650.5637116244314,454.7707885479304,0.0453546975793797,0.4788297,0.3494345,0.4535584,0.31731412,0.29459232,0.40489304,0.32960773,0.47609183,0.357834,0.44864818,0.5546327,0.38588628,0.0026146373005906,0.1255810567387309,0.0054774201143321,-0.0709134114998464,0.0120744300816292,-0.0067103194677901,0.5546327,0,129.19921875,2.1080221780470865,1.7709291,1.204456389364422,1.0197356905213244,0.6756156226728492,1.204456389364422,0.87346745,17.354291202252504,13.57807991621766,16.86201450728173,16.995957039591083,17.21162436634226,18.87905630812212,46.2346726032468,0.04929086,5165.884962614002,0.1414284,0.16036095,0.46863127,130.09622,68.989235,0.4262646908533469,0.6322086,0.30657127,1.0,0.3680220023441354,130.09622,68.989235,4171,8,28.40340136054422,0.4865042554105199,0.3680220023441354,-0.9821035434263582
95.77925,34.30334,21.213436,17.935425,16.589256,13.5571,13.737558,11.269582,9.767693,9.846855,9.261532,8.792334,8.881024,6.191027e-06,4.3691263e-05,0.0001149941,0.000149697,9.506949e-05,-3.93223e-05,-0.00018816855,-0.0002748765,-0.00025660923,-0.00014151898,2.2644097e-05,0.00017200777,0.0002497874,0.10721015,845.0015094186796,595.6127255555372,0.0449573279267801,0.4192168,0.3184901,0.3750979,0.53851473,0.41636065,0.4846063,0.34616432,0.38557288,0.45725384,0.38061967,0.38629946,0.2866907,-0.12723578257408,0.078805555024698,-0.0133006836896129,0.0809834622782239,-0.0356461884233822,-0.0154660106886149,0.5385144,1,112.34714674,1.7659935141509433,2.0818243,1.5649820637629157,0.9592508804539484,1.0007996802557444,1.5649820637629157,0.7168807,21.692989909771068,15.00777821667018,19.15349829321448,18.15598851744437,18.43053014977116,17.662918730314598,46.69887449334927,0.017831312,4241.827064795309,0.12562445,0.11589102,0.52014863,98.43769,75.42717,0.3816352201257861,0.74564034,0.2601537,1.0,0.5895172356542203,98.43769,75.42717,3034,8,23.07482993197279,0.0,0.5895172356542203,-0.9500857990550476
96.77036,39.926178,23.477371,17.99555,16.54058,13.347986,12.808695,11.686553,9.923671,9.576239,10.691488,9.603544,9.901703,1.3140349e-05,2.4602012e-05,3.9261915e-05,5.535854e-05,6.801998e-05,7.8297926e-05,9.0905654e-05,0.000108244356,0.00012613388,0.00013511936,0.00012624469,9.647717e-05,4.9851853e-05,0.14252807,858.2462489689707,611.6010448832376,0.0441002000056991,0.51029295,0.36719477,0.39898497,0.5411754,0.39347306,0.42789513,0.33529794,0.43057147,0.4224492,0.3588056,0.45594507,0.37217608,-0.1506806145574775,0.1063106429692052,0.0252685343916164,0.1036495745467532,-0.0272465469588482,0.0239595453022201,0.54117626,1,112.34714674,1.7797909400500131,1.7858073,1.0459041963503792,1.2275384500793896,1.0076010763994177,1.0459041963503792,0.66882133,21.7232148217556,15.954735957759148,18.82134183444801,18.16293779794801,17.975625892653344,18.15640668561329,47.37787938445641,0.015646737,3827.5870713611575,0.17045484,0.12847695,0.5702113,108.74772,96.809685,0.3319294551197683,0.72528094,0.2641543,1.0,0.5395515866441379,108.74772,96.809685,2522,8,22.053151927437643,0.4,0.5395515866441379,-0.4008996161179289
99.83841,33.562546,22.694977,15.646206,14.845501,11.02314,10.969601,9.482013,10.506712,9.18611,9.197841,9.402463,8.452189,-1.1484286e-08,-1.0527263e-08,-2.8710716e-09,1.6747919e-09,0.0,2.3925598e-10,-1.5850709e-09,2.3925598e-10,4.1869797e-10,1.4953498e-10,-3.5888395e-10,-1.6149778e-09,-4.7851195e-10,0.11911146,789.8784612273873,689.5211544326136,0.0356252151754081,0.44348577,0.35596836,0.34537396,0.49886012,0.34247485,0.3369471,0.2776095,0.43219867,0.55301183,0.4132923,0.41374812,0.3158889,-0.1186415567441834,0.0115738731557453,0.0103251332522353,0.0942505362022586,-0.0067086418770011,0.0074939740085194,0.5530126,0,117.45383523,1.7289235980429056,1.7725092,1.1245232878850158,0.7222314456350611,0.5454905764051713,1.1245232878850158,0.66154635,21.354452868913523,15.151169639218256,18.67838968911355,18.78191405286228,18.839861684790524,17.654083871712427,46.30350524983503,0.020417236,3848.583313692651,0.14460556,0.11209153,0.5633293,98.660805,66.00726,0.4452389913436206,0.76170254,0.22859453,1.0,0.5954702786899154,98.660805,66.00726,3549,8,23.13578231292517,0.3142696805273545,0.5954702786899154,1.7464346350823429e-15
77.923035,36.16811,27.50951,22.0051,19.498554,14.696292,21.7123,13.167969,13.862044,12.091638,12.088436,9.758668,9.550052,0.017561298,0.0038194647,0.0047782785,0.0022671544,-0.0016723145,-6.537724e-05,0.004569909,0.0022890568,0.0034386925,0.0031219027,-0.00042060995,0.0006042973,0.0018896526,0.13639265,1022.750860731632,521.8069092385208,0.0737419176391653,0.52042884,0.36481655,0.33983868,0.42403865,0.35062993,0.52536476,0.31356087,0.36301538,0.35139737,0.3085238,0.36506003,0.33841684,-0.1274258560208981,0.1539942347857457,-0.0657260268845185,0.0474721067378503,-0.029298848895178,-0.0090711241183151,0.5253643,1,112.34714674,1.833100558659218,1.8948534,1.3173966529731886,1.0788107554204167,0.9035176694496212,1.3173966529731886,0.80867517,23.037738842975905,17.156078786435046,21.38163939724856,19.4490051940872,19.23940960001981,19.731294547938912,48.11127033022816,0.015253558,5202.861760623088,0.2004002,0.15955271,0.55673844,137.11734,104.98493,0.3689811119978717,0.6098656,0.2846315,1.0,0.2911824159042692,137.11734,104.98493,2774,8,21.82095238095238,0.0,0.2911824159042692,-0.6112719550619199
116.19803,34.05303,32.679344,25.44728,19.290382,19.395826,16.932194,15.382764,13.647898,14.856463,13.568568,12.5019,10.919601,1.1798793e-08,-3.3184104e-09,-3.5027667e-09,-1.1061368e-09,-4.6089035e-10,-5.530684e-10,3.6871228e-10,1.1061368e-09,0.0,1.8435614e-09,4.148013e-10,-2.765342e-10,-1.8435614e-10,0.09468696,994.9176754874128,766.6983863445256,0.054534382159782,0.34693396,0.50649124,0.33365932,0.43737602,0.29707614,0.34428045,0.40617025,0.30665833,0.33523688,0.2572298,0.31491983,0.45377645,-0.0845991213644653,-0.1810610595927387,0.0219782634014016,-0.0075138134328091,-0.0075486564080899,0.0080111660658479,0.5064917,1,135.99917763,2.035715094852586,1.6108962,1.3700681338361151,0.9318314994969322,0.6650434726229302,1.3700681338361151,0.79289234,22.718265979003608,16.349115338043816,21.92569835168898,20.16712623416297,21.53985269799567,20.05450006095898,47.99761553461187,0.017262148,5608.297361959785,0.12821576,0.058490064,0.6867224,60.942696,55.517067,0.3652972450459159,0.7273033,0.22236878,1.0,0.483654982791621,60.942696,55.517067,3779,8,30.026303854875284,0.4,0.483654982791621,-1.0614935164105588
100.8756,41.368214,29.053455,22.568169,19.599476,19.05122,18.742455,17.42919,15.107621,18.9639,14.868803,15.0168,12.773957,-9.838033e-09,4.0991806e-09,-1.4347131e-09,2.9719058e-09,9.223156e-10,2.9719058e-09,4.0991804e-10,6.1487704e-10,-1.4347131e-09,3.0743852e-10,-1.0247951e-09,6.1487704e-10,2.0495902e-10,0.08040595,1016.7726254977056,730.2500023267802,0.0596562492412333,0.37159622,0.2826367,0.45188293,0.478122,0.30401108,0.37867767,0.25954902,0.24645206,0.25579363,0.25036475,0.23099117,0.22536536,-0.0437794601958934,0.1500099629038751,-0.0475602788410727,0.0171869597044215,-0.0621578677715737,0.0224742878794752,0.478122,1,143.5546875,2.2030746238581407,1.691823,1.7143229846879082,1.0293013118018528,0.7080072303494835,1.7143229846879082,0.9328544,22.4157184768368,16.465087494138437,20.19183110335756,19.26714889375693,20.42254765316529,19.92084942535329,50.0055831914737,0.027077733,5319.582769810808,0.1197706,0.0698464,0.6316415,67.54255,45.260994,0.4280494357872111,0.6757331,0.24561076,1.0,0.3766533232697821,67.54255,45.260994,3983,8,27.00770975056689,0.4,0.3766533232697821,1.7464346350823429e-15
88.61019,36.727642,26.303423,19.796919,17.26662,14.302134,13.7447195,12.904228,11.740153,11.078409,10.328009,10.438841,10.601857,4.2373753e-09,4.767047e-09,-1.0593438e-09,1.3241799e-09,-7.945079e-10,-7.945079e-10,1.5890158e-09,-9.2692587e-10,-6.6208994e-10,0.0,5.296719e-10,-3.9725395e-10,-1.8538517e-09,0.104620524,1134.8534225236897,469.03607217025456,0.1022562837506592,0.33324477,0.32353926,0.471024,0.3209783,0.4120872,0.44449064,0.32105562,0.34980997,0.3418696,0.49877802,0.35232818,0.29928365,0.146473884499232,0.1141963495749694,-0.1047219961452446,-0.0683318863213765,-0.0241141177516287,-0.0078045269111255,0.49877787,1,69.83741554,1.118331871461606,1.7099718,1.5290688721709038,1.338765125044809,1.4163886405682469,1.5290688721709038,0.9010032,21.90290335049915,16.517206256580405,18.511960076952345,17.48396551763887,17.48422524573264,17.586657744887834,47.3620126065701,0.05811053,6716.696994975354,0.14126997,0.105490126,0.5724969,90.39366,54.69544,0.4446604638244688,0.4255499,0.38019326,1.0,0.1607341476391088,90.39366,54.69544,3202,8,20.901666666666667,0.3142696805273545,0.1607341476391088,-0.973936560784884
76.07148,37.453327,26.063763,19.857141,21.30058,16.327051,14.471645,14.183083,13.568533,12.293852,13.348854,12.835283,11.401804,0.00021029249,0.00027276916,0.00020002793,8.381938e-05,-6.363926e-05,-0.00021634955,-0.00033247293,-0.00036510825,-0.00028655055,-0.00011250882,9.49526e-05,0.00025551318,0.00031521474,0.13138928,1167.6427378981184,579.8362313378217,0.0826933714655527,0.295591,0.44135624,0.353691,0.25686872,0.31738853,0.24196725,0.30078834,0.24971546,0.4622447,0.49897522,0.29846397,0.3802853,0.1196029642968243,-0.1941171068262335,-0.0597404490026878,-0.0227312393654617,-0.0231039552755393,0.0012108482443376,0.4989752,1,129.19921875,2.135154729072031,1.8986838,1.4928070720876936,0.908872260943922,0.6382433646243122,1.4928070720876936,0.804016,21.715505015647,16.054124801841468,19.81046429454663,19.27998382335032,19.008214926112142,17.748886564663202,46.04998194294436,0.034681324,6074.956431068324,0.20551665,0.13362427,0.6059901,119.48542,83.54906,0.381959766385464,0.5036028,0.3388997,1.0,0.1929226345648736,119.48542,83.54906,2943,8,22.36371882086168,0.4,0.1929226345648736,-0.5359400613503171
102.442505,39.63832,29.622293,24.040638,21.4443,18.446404,15.082804,14.427173,13.278951,12.88204,11.313442,11.108263,10.315548,0.0017446578,0.0017583921,0.00022629873,-0.0009646526,-0.0011959743,-0.00076372427,-0.00030328668,-0.0001309992,-0.00016079983,-0.0002027131,-0.00016539221,-4.675036e-05,0.0001224447,0.14285156,1322.473770316341,694.3046023277732,0.1048638048198359,0.40577587,0.37172097,0.4599494,0.373452,0.38597268,0.37916046,0.32264343,0.36352167,0.38419643,0.5086391,0.45675516,0.36187294,0.0600306029533965,0.0612691755984774,-0.0055016870280723,-0.0474104995308127,-0.0136399522393574,0.0110422799614958,0.5086383,1,135.99917763,2.178463953944786,2.021543,1.62051604308205,0.923125450934591,0.6148331160650385,1.62051604308205,0.8197013,18.12355855707478,16.169886428131175,18.93570503209624,18.61030286990762,18.715024072936224,17.427685339743686,45.59689570489616,0.05096053,6451.100385017942,0.13487601,0.10491177,0.5624784,94.662094,74.64205,0.404238350233565,0.4853905,0.34628734,1.0,0.1793657490315403,94.662094,74.64205,3548,8,25.476666666666667,0.4,0.1793657490315403,-0.0279687253521814
89.48833,38.631397,30.950733,22.903921,20.61788,19.51664,17.662155,15.748336,14.357629,14.788533,12.445327,11.442325,10.982986,-3.6906007e-09,-4.613251e-09,4.613251e-09,-1.6146379e-09,-2.075963e-09,-2.075963e-09,-1.3839753e-09,1.6146379e-09,-1.9606317e-09,9.226502e-10,-1.1533128e-09,9.082338e-10,-5.6224e-10,0.1301011,1291.0015196224815,687.292143204965,0.1026059707487216,0.41491187,0.41540757,0.4288057,0.34452763,0.35696304,0.33446687,0.48327723,0.40357122,0.34738022,0.38281858,0.40234953,0.5642467,0.1080769305221317,-0.0869415972763254,0.1346950879671785,-0.083428362736402,-0.0220667261444814,-0.0097125450043364,0.5642468,1,143.5546875,2.31789448321152,1.7307853,1.2318689000566216,1.086122377717246,0.7778948020302799,1.2318689000566216,0.925965,23.58521441542448,16.558119957607964,18.77072815509248,18.71360744551269,18.7741948235928,17.86688314862449,45.62346467307184,0.035083868,6157.191445695142,0.15737899,0.09401944,0.6260116,84.042564,63.92387,0.4267053701015965,0.5403948,0.32107234,1.0,0.2280309857378926,84.042564,63.92387,3528,8,23.99807256235828,0.3142696805273545,0.2280309857378926,-0.9734468050546912
92.54734,37.137684,29.379585,22.021685,19.657383,16.568853,16.824715,16.648811,14.083329,14.796052,12.528539,12.064152,10.235597,0.015090063,0.0040800087,-0.0028526215,0.0012960528,-0.002095163,-0.0007082431,-0.002112294,-0.0013321148,-0.0017392632,-0.0011629032,-0.00063085236,-0.0005810944,-0.00048187905,0.13330793,1301.011314570546,555.2242521061399,0.1111934630812744,0.32453427,0.41493732,0.37996355,0.58638835,0.34277314,0.36703202,0.32031837,0.2927172,0.32684645,0.29355904,0.34577116,0.3130055,-0.1458314393159891,-0.0209480059751795,0.0915881138821027,-0.0433915388752426,-0.0061994574599693,0.0411407896369106,0.58638877,1,129.19921875,2.05873152420427,1.800077,1.5609620069348469,0.9927373694677436,0.6622410930364577,1.5609620069348469,0.931717,19.14094042005625,17.229257956895005,20.02098738995076,19.835138696295523,19.267654800514794,18.180894131769023,46.80464477481048,0.047366906,6720.368124031816,0.1409931,0.09563182,0.5958481,86.24156,71.76017,0.3794606374284936,0.47439083,0.33985573,1.0,0.1666006950453256,86.24156,71.76017,2786,8,21.311666666666667,0.4,0.1666006950453256,-0.3354959248487243
141.27907,45.966763,32.435543,26.481575,22.837639,17.745653,16.255789,17.76801,17.670958,16.589262,14.778862,13.735568,12.359989,8.561772e-09,2.5685314e-09,2.140443e-09,4.280886e-09,4.49493e-09,-2.140443e-09,6.4213285e-10,-3.2106642e-10,-1.0702215e-09,-2.1404428e-10,-2.1404428e-10,-1.7123543e-09,1.7123543e-09,0.12600823,1327.2762169132775,900.3018193663976,0.0845292968736799,0.43722022,0.5009092,0.43878606,0.37273106,0.38695452,0.3831468,0.42989007,0.3936885,0.48461047,0.34281078,0.3463791,0.40248144,-0.0346689120940818,-0.0947164079143252,-0.1501730691108539,-0.0530563864875564,0.0127686970246015,-0.0378800680690395,0.5009087,1,123.046875,1.9382299558080809,1.8777199,1.1949302074190082,0.9262125796208344,0.6758281956237103,1.1949302074190082,0.7652646,20.04052245944309,16.66042576571649,19.37258882022245,18.117989450420342,18.26228316902337,17.884298159192454,44.625550738480406,0.081985906,4377.340623926011,0.15949403,0.05734465,0.73553896,53.650585,42.431465,0.4461279461279461,0.6671808,0.25707513,1.0,0.3533923244842157,53.650585,42.431465,3975,8,25.86122448979592,0.4,0.3533923244842157,1.7464346350823429e-15
108.178986,44.876965,29.538807,22.66548,19.527294,19.265177,17.416456,13.510851,14.373526,13.240339,14.875247,14.009928,12.361729,0.0014477705,2.9497236e-05,-0.0016850334,0.00018283889,0.0008426901,-0.00026385314,0.00041159347,0.0006912826,-0.0002288729,-0.0008675927,-0.0012284531,-0.0004565872,0.000478523,0.15144311,1072.2261550801215,776.2660834304436,0.0647866129073941,0.3742873,0.36604947,0.38212827,0.47764906,0.44223905,0.4807548,0.49735415,0.47285023,0.5706648,0.56540954,0.58087116,0.4734928,-0.194373955997656,-0.0591448836193101,0.1304807676810725,0.1343731056204819,-0.0437382106174301,0.0224645410132168,0.5808715,0,99.38401442,1.5387194160574549,1.7626173,1.7410253635713009,1.5125533177447608,1.1538128266283247,1.7410253635713009,0.94142574,23.324287822979045,15.740901707211217,19.28192700644334,19.083820328482823,19.80701651520717,18.856903888788413,47.6559082409789,0.010705789,4322.209133076321,0.29217824,0.08444279,0.77578634,81.072624,70.50517,0.3392710049423393,0.68228185,0.23784499,1.0,0.3862990868927618,81.072624,70.50517,3295,8,28.189024943310656,0.4865042554105199,0.3862990868927618,-0.0752368110482097
102.92722,50.224808,32.55858,26.999336,22.007393,21.11559,16.431564,15.158291,13.429917,13.073899,14.318726,13.276235,11.801912,0.013148529,0.0114070345,-0.0002512315,-0.0034799078,-0.0022338969,-0.0026716783,-0.0025075292,-0.0022139184,-0.0016462657,0.00031024945,0.0010143142,0.0006660864,0.00043989494,0.1266056,1330.7917213704004,642.3879646663956,0.1045087326721228,0.46963245,0.319631,0.34975776,0.36247113,0.39667648,0.30467704,0.26865816,0.29045367,0.3963725,0.5316742,0.4317864,0.5124492,0.2016476205990793,-0.0489402820889208,-0.1567070805627891,0.1319784141486629,0.007511827927686,0.0444012519312942,0.53167385,1,161.49902344,2.644757433489828,2.2355475,1.363939146680956,0.645804086731848,0.4553518576906417,1.363939146680956,0.8452559,21.729223042975786,14.552499758704824,20.6352065009847,18.88229244211488,18.33583105269263,20.016353770154137,48.629830035375946,0.02863741,5732.769331821176,0.22246298,0.12129214,0.6471535,93.726425,52.588123,0.400508813374523,0.50620985,0.33303878,1.0,0.177190175115772,93.726425,52.588123,2204,8,15.975,0.4,0.177190175115772,-0.0315770598411338
107.908226,34.89996,21.473581,21.286201,15.113342,17.114006,15.660004,15.643374,13.879343,10.953044,10.836414,11.27564,9.878627,-9.550671e-09,2.3876678e-09,-1.5917785e-09,-1.29332e-09,1.1938339e-09,2.3876678e-09,9.948616e-10,9.9486155e-11,-2.487154e-10,1.29332e-09,1.243577e-09,1.9897231e-10,6.964031e-10,0.11220517,856.3781536840273,564.569296724976,0.0566840661833538,0.38715327,0.44826588,0.37924692,0.3050692,0.4030754,0.40329495,0.5041937,0.4012942,0.39330852,0.42586574,0.41759735,0.45385838,0.0606824192235806,-0.0973717578103299,-0.0012528440688829,-0.0363531719123322,-0.0040067687296646,-0.0096798605872239,0.50419384,0,161.49902344,2.5565764377934275,1.5922749,1.2088751935441573,0.8203485339666255,0.5767343370535518,1.2088751935441573,0.8089119,22.35179273964223,15.679500371174791,18.52172115989555,18.720705321506827,18.73482150710716,20.404856056348635,47.60822279134748,0.029792015,4439.627135682897,0.1984294,0.076161996,0.7226325,84.27897,48.62054,0.4599895670318205,0.6542674,0.28430164,1.0,0.3805586977914668,84.27897,48.62054,4409,8,27.820408163265306,0.0,0.3805586977914668,1.7464346350823429e-15
101.90917,31.871511,24.644907,17.55921,16.195341,11.675077,15.096478,13.993341,13.728988,9.651777,9.729827,9.325005,9.779358,0.004925319,0.0016407693,-0.002011455,-0.00051278,-0.001030959,-0.0008384032,-0.0005638218,-0.000922469,-0.000970858,-0.000120310026,7.336326e-05,2.0277363e-05,8.653258e-05,0.12575968,840.7371310667787,528.1802884979948,0.0571060116851469,0.36765537,0.36162108,0.42253083,0.3667822,0.41774186,0.36991915,0.46075994,0.5216058,0.404159,0.41567743,0.36971384,0.4336288,0.0931086467608924,0.0317736988091267,0.0513147113454975,0.0242105567888748,0.0155785209366458,-0.0098475286830304,0.52160555,1,112.34714674,1.7357252400426744,1.3914884,1.3616277129019532,0.897981056556526,0.6204795802817028,1.3616277129019532,0.97697395,22.27802330062921,15.351439152115752,18.4379737960326,18.65540266170636,18.92665369930051,20.57935898467641,47.19336533489253,0.014624379,4329.897862581672,0.1684506,0.08797928,0.65690446,90.27614,71.908005,0.3770744428639165,0.7135082,0.24281059,1.0,0.4766745680416898,90.27614,71.908005,3181,8,24.485442176870748,0.3142696805273545,0.4766745680416898,-0.1207576083105786
69.8495,26.234722,24.831,17.45239,15.950417,16.546362,14.136916,11.558231,11.407058,12.434354,9.982068,8.990952,8.913124,0.011066537,0.0017603901,0.0018221479,0.00012475856,-0.0010548065,-0.000790019,0.0006800009,-2.4201416e-05,-0.0009804108,0.00031046633,-0.0003881589,-0.00047434508,-0.00021230869,0.14931314,820.0924775480028,293.30633831759354,0.0922593866388676,0.54030955,0.44677666,0.33387354,0.27705577,0.30444822,0.32256252,0.44704747,0.43993098,0.41861218,0.4069069,0.4920414,0.6312517,0.0663662773413472,-0.1402173530719468,0.1229524522469655,-0.0401654198960986,-0.022622162900695,0.0005944083825211,0.63125104,1,151.99908088,2.386726016476216,1.561932,1.5466170150708751,0.9558896354569466,0.6627673175012547,1.5466170150708751,1.1975142,21.399335542758205,14.850822185363464,17.79083142509343,17.583274010295813,18.06553283968364,17.621776068743586,46.5669365575077,0.051322125,6938.821858799275,0.17394763,0.14076427,0.55271846,130.46953,91.85578,0.4204558602337152,0.42605856,0.34623387,1.0,0.1299089160180654,130.46953,91.85578,3634,8,25.086666666666662,0.4453617714151233,0.1299089160180654,-1.1324285599789083
81.82212,32.052113,24.469505,18.168964,14.986245,14.548915,12.542339,12.685459,10.853114,10.5843935,9.759954,9.0044365,8.717523,0.0,-1.4755622e-09,-2.6744567e-09,-5.533358e-10,1.8444528e-10,5.533358e-10,1.4755622e-09,-1.0144491e-09,1.8444528e-09,9.222264e-11,-1.5677849e-09,2.766679e-10,5.533358e-10,0.108363286,937.339329760408,487.5673117401981,0.0682969307562899,0.4699169,0.37702292,0.3236079,0.4096086,0.31538177,0.37889042,0.3345451,0.49218443,0.5723104,0.4347727,0.42476362,0.3684428,-0.1453079010434045,0.0390317533882273,-0.0337439547642781,0.1024827598904384,-0.0148799431501143,-0.010871042139643,0.5723093,0,92.28515625,1.4660217500691306,1.5660102,1.7357425790331422,1.063964509234772,0.7543673218330333,1.7357425790331422,1.0454589,18.22277596782376,13.88924749626982,17.606205353574527,19.07191246488238,18.40889331454576,18.423940295094827,46.22446103226355,0.03665281,5862.662866657148,0.1681389,0.11989351,0.5837479,112.40234,67.83886,0.4573500967117988,0.5740638,0.29602268,1.0,0.2413727759991952,112.40234,67.83886,4729,8,30.01319727891157,0.3142696805273545,0.2413727759991952,-0.8840698206108274
94.749626,38.784443,26.029089,22.365383,16.59313,17.22178,15.0721655,12.895478,11.966401,10.447873,9.768015,9.930036,9.612906,0.0070925327,0.0008674278,-0.0018433004,-0.0007398924,0.0006656944,-0.0007500525,-0.0008110178,-0.0004282572,-0.00085825205,-0.00011137384,-0.00096742064,-0.00033707533,-8.1664795e-05,0.1267391,1034.424076928592,636.1258663453964,0.0587518831801247,0.6514576,0.4749772,0.40978554,0.38866866,0.30811507,0.30545264,0.31570897,0.5344649,0.41409594,0.36662373,0.41440457,0.49811813,-0.0827716460387531,0.1621866589201892,-0.0179315181970293,0.2089311027646894,-0.0292712339871231,0.0348809210301075,0.65145695,0,99.38401442,1.6222743341150117,1.5265039,1.6021205068677886,1.905496041467933,1.79969762806828,1.6021205068677886,1.0544695,23.86317886388925,14.37931171455686,17.391269106581326,17.788191911283263,18.66144686108613,18.36708165584881,45.49612365885936,0.035339955,4902.197024564592,0.24109754,0.12605065,0.65667456,117.069,83.8757,0.3910764354504449,0.5910277,0.33263466,1.0,0.344521200367552,117.069,83.8757,6416,8,47.61833333333333,0.4,0.344521200367552,-0.360144815784839
89.135826,40.812004,26.82208,20.439299,14.58636,15.468033,13.2374735,11.625897,11.575428,11.362583,10.001597,10.556426,9.016471,0.008041783,0.0053760144,-0.00019100639,0.00086214166,0.0008057435,0.00023718351,0.0003006807,0.0004084542,0.0006997523,0.0009657163,0.0004303635,-0.00032568327,-0.00039047192,0.12468844,1133.0395697567335,609.9044472122968,0.0721965632161421,0.56132585,0.47142732,0.34675187,0.37536806,0.3418777,0.39595348,0.34431186,0.3967397,0.39016104,0.31978074,0.3759868,0.44728097,-0.0849028911030754,0.1209407764318279,-0.0856772773461871,0.05128939505974,0.0101621987046604,0.0410477521840761,0.5613263,0,107.66601562,1.7347480106100794,1.7176846,1.6809205944740522,1.7423581657791996,1.5176488481066144,1.6809205944740522,1.0350593,23.08551729180572,16.20826003629982,19.83209990297706,19.77671880911406,18.56892042889104,18.159336632411247,45.2892010403107,0.0326417,5804.736896470843,0.19122307,0.12871538,0.59768516,118.35196,81.46619,0.4269216555801922,0.53629005,0.3304292,1.0,0.2332510088591864,118.35196,81.46619,4621,8,31.416666666666668,0.3142696805273545,0.2332510088591864,-0.1130473550673263
79.66168,34.004734,23.65683,21.363419,17.430904,16.361643,11.818902,10.843075,11.784659,10.233054,9.458987,9.295709,8.049094,0.02094748,0.008951276,0.00046227657,0.0030992096,0.0021351373,0.0014734779,0.00069087715,0.00034005757,0.00013094464,0.00076907047,-4.0861694e-05,0.00022621702,-0.00036387434,0.11478598,928.39970562561,456.5663432983686,0.0652259476968361,0.4613263,0.41662112,0.4224983,0.46415228,0.46126536,0.47435015,0.45965672,0.53462374,0.6305299,0.54310495,0.4394734,0.43171838,0.0708037078376389,-0.0842656376285069,0.0677318694464518,0.1253173655492016,0.004798358743871,-0.0317418962898178,0.6305304,0,103.359375,1.690399231239626,1.9263579,1.471350126657483,1.7830000911856536,1.972804856070732,1.471350126657483,0.86018306,24.63617363598224,15.546294388608406,18.910329449260853,17.45535280895726,17.12805300315516,17.789380656100146,45.75791382424514,0.015429061,5251.5286493489975,0.2829677,0.13041066,0.684523,124.55611,80.13404,0.4258329529895025,0.5764167,0.31379086,1.0,0.2673429609818028,124.55611,80.13404,2799,8,19.078333333333333,0.4,0.2673429609818028,-0.2157231536601845
75.75948,37.897625,20.360313,16.461687,12.831074,13.049171,9.754644,9.991667,9.082695,7.9097147,7.3712626,7.2882547,6.994795,0.0015173213,0.0013403404,0.00022462654,0.00013646038,0.00024725986,-0.00011422619,-0.00022889137,0.00010161087,0.00023824986,8.3122104e-05,-4.6063582e-05,-9.834173e-05,-8.56203e-05,0.100900546,1079.074890579097,587.6984449999655,0.0689170373201691,0.36869994,0.3162804,0.3979138,0.3804879,0.48606092,0.44337064,0.409691,0.540331,0.37611195,0.35177857,0.28131014,0.34309456,0.192440521815419,0.0804094934772937,-0.0381600195631987,0.074204626351018,0.0126498980486479,-0.0243432084411611,0.54033214,1,107.66601562,1.7822779145222645,1.5883383,1.6435148203243553,1.680106781491222,1.5899336239114783,1.6435148203243553,0.9113837,18.21763257333328,15.61568294730762,19.132038583013404,17.949851001446937,17.00198734915934,17.106970362517,45.06912747421938,0.028409675,5411.507414522811,0.16697936,0.11780075,0.58634275,107.98661,66.832924,0.4162899454403741,0.6904053,0.26372018,1.0,0.4598651737529157,107.98661,66.832924,5341,8,37.24166666666667,0.3142696805273545,0.4598651737529157,-0.2489493334653795
75.14216,29.63323,24.514473,21.712471,19.44538,16.24658,15.7019615,14.635695,13.108561,12.720689,11.515158,10.462368,10.024639,0.0063946755,0.00035467045,-0.00012825844,0.0003536704,-0.00034111863,-0.00025411844,-0.0007523137,-6.266352e-05,-0.000519571,-6.4189684e-05,-0.00053290447,0.0005867297,-0.00013286408,0.13725057,942.7084211497756,386.3092067130506,0.0856740458757642,0.4986836,0.5517901,0.50071466,0.43556738,0.43918654,0.3994945,0.4119404,0.3824435,0.41064668,0.43125388,0.46567675,0.5033527,0.06465418045473,-0.0880332276263807,-0.0127968642324573,0.025117756898914,0.0132194161642734,-0.0273740131697753,0.55179113,1,151.99908088,2.536196676707803,1.8198783,1.5195125406345404,0.9191458692728598,0.6238922355435016,1.5195125406345404,0.9944105,19.533282079606817,14.530769901434628,17.703534582509384,16.505643414035628,16.42697615032491,16.423692474359672,46.03653160166072,0.052757792,6296.290738487932,0.16929054,0.16639544,0.5043107,144.98262,90.252975,0.4130986630563547,0.40830904,0.3711588,1.0,0.1348264429945815,144.98262,90.252975,7323,8,51.455,0.4,0.1348264429945815,-0.5767819248282783
84.73844,30.696697,26.113115,18.58408,15.745036,15.091241,12.801478,12.40383,11.912209,12.535707,9.895004,10.230537,9.764322,0.0034861306,-0.00066910236,-0.0015991894,0.0012740607,-0.0010958152,-0.0006965712,0.0010789724,-0.00049309776,-0.00020102932,0.0014571042,-0.0002288114,0.0006035409,0.00083802926,0.15179989,810.3442097875131,401.2636748489804,0.0643380446798406,0.4312663,0.39839613,0.4749372,0.47552708,0.43231866,0.42396936,0.39751083,0.50553995,0.4613773,0.4319768,0.48906463,0.46777624,-0.0331307801722082,0.0748310162167808,0.174174207855241,-0.0329568606842689,0.0370489070600941,0.0028018209353716,0.50553995,1,151.99908088,2.4346337720592577,1.6523557,1.8004816188301715,0.8155375382741458,0.5711362898559091,1.8004816188301715,1.0445056,19.37203408642224,14.769254112471572,17.480837244808914,17.433651425071634,17.65105008150501,17.684757355304935,46.81876769932029,0.026302405,5548.187261505551,0.1993902,0.15997514,0.55483824,143.18715,92.9322,0.4345189144736842,0.547067,0.32837272,1.0,0.2544525032111616,143.18715,92.9322,4227,8,28.238333333333333,0.4,0.2544525032111616,-0.5882419433017612
78.99002,38.48263,23.95999,20.287031,16.646034,14.775058,14.0408945,12.114144,13.821926,11.713478,10.325395,10.696536,11.186802,3.2413785e-09,5.6724123e-09,-8.103446e-10,1.9245685e-09,-6.0775845e-10,1.7726288e-09,-6.0775845e-10,2.5323268e-10,-1.6206892e-09,3.0387923e-10,-2.734913e-09,2.0258616e-10,-6.58405e-10,0.118724264,979.730141029946,453.7685837626189,0.0843844424484852,0.45552912,0.48950624,0.37646562,0.40163514,0.4088963,0.35708603,0.3640517,0.3909345,0.5749333,0.5506016,0.45623973,0.45058656,-0.08493435531356,-0.1273743905461188,-0.1940684322356804,0.095967931797024,0.0227482685775101,-0.020394299066758,0.57493293,0,161.49902344,2.648762398422562,1.5879018,1.2570316626061264,0.7518266316916925,0.5398367473565784,1.2570316626061264,1.0286213,22.138055941038665,14.556056089690356,18.108565937098657,17.92131550106385,17.2439624721125,16.980899206825125,45.42459870289131,0.044020027,6459.123852811338,0.2154166,0.13692062,0.6113915,118.237015,72.66322,0.4305289993626514,0.45579985,0.3668439,1.0,0.1676825576072802,118.237015,72.66322,4053,8,27.324081632653066,0.4,0.1676825576072802,-0.647060884500521
74.904755,30.007586,22.147583,17.663683,12.654845,16.40262,10.643233,10.68823,10.023123,9.133138,8.613352,7.559714,7.9872384,0.013749195,0.0034071002,0.00085717044,0.0013839982,-0.0001507925,0.00072282227,9.016389e-05,0.00034741263,-1.5364225e-05,0.00028981047,-0.00022423048,5.5874043e-05,0.0003022174,0.10049339,913.8323599098368,430.1849006020896,0.0650011171124944,0.35264447,0.28656328,0.37622282,0.45375362,0.35388684,0.4252008,0.3224759,0.43415678,0.36702454,0.34608066,0.35744178,0.2841138,-0.0256186993870489,0.0495961858456517,0.0356567471516503,0.0653721749643299,0.0271327335855206,0.0197495254021266,0.45375434,1,172.265625,2.806066698719349,1.5227568,1.267644221939474,0.662052204564456,0.4619868235967099,1.267644221939474,0.89437985,17.272460232991502,15.52694774559361,19.690015246639785,17.847801241564483,16.845093391429245,16.382227533562133,45.08528494335605,0.038556147,6345.480772690026,0.17754324,0.12996666,0.5773559,122.487305,63.41814,0.4273426200806881,0.5973544,0.31102398,1.0,0.3002056045870295,122.487305,63.41814,5614,8,38.13166666666667,0.0,0.3002056045870295,-0.6699982184629848
104.36991,33.666546,21.322048,18.351933,14.276423,13.818568,11.805543,11.424079,10.453792,10.13396,8.863804,9.061481,9.320242,0.0,3.9286276e-09,1.1785882e-09,1.9643137e-10,4.9107846e-10,-1.1785882e-09,5.892941e-10,1.1785882e-09,-8.839412e-10,-1.9643137e-10,-4.9107846e-10,5.401863e-10,-1.9643137e-10,0.1071537,687.1971452783779,555.7628814994019,0.0436533394412293,0.34223714,0.3391464,0.48872152,0.32398835,0.32588616,0.22931533,0.3297853,0.43635592,0.2987185,0.40234527,0.2806561,0.40622205,0.2307396347855604,0.1316158139616365,0.0851239462270269,-0.0033472436763413,-0.0012311801454495,-0.0099579475008003,0.48872277,0,151.99908088,2.359803082191781,1.2415178,1.2707420283074815,0.9872387576129616,0.6611859361956065,1.2707420283074815,1.322926,22.98914950781321,15.767982190964837,18.87193519918271,19.69697243518488,20.251444614758874,21.155611825225712,47.77750805305306,0.016438194,4143.539362709997,0.1834443,0.07153779,0.71943706,87.55992,54.003796,0.4562776805026264,0.68962324,0.25988108,1.0,0.4530636236650718,87.55992,54.003796,4430,8,28.18031746031746,0.4453617714151233,0.4530636236650718,-1.0280277627725989
94.68612,33.61208,23.750534,18.061403,14.630663,12.220219,10.084913,10.253208,8.783213,10.025208,8.308721,7.8788195,8.432345,-0.017924475,0.0020423466,0.00015720654,-0.002482262,0.0010089923,-0.00010892066,-0.00076447806,-4.419433e-05,-0.0020000774,0.0005245518,0.00026361752,8.6105014e-05,0.00018795293,0.15353262,909.9213247040458,539.4982635234401,0.061173919448162,0.6664491,0.5714472,0.545638,0.54253083,0.5183565,0.47193238,0.50079393,0.5962849,0.5837982,0.53000444,0.50082487,0.52142006,-0.0075062205078408,0.2473447149104214,-0.0103877664729798,0.2713899824023874,0.0356176405904039,0.0999189292224839,0.6664488,0,143.5546875,2.311038557945773,1.6541344,1.5200256310224762,0.928261138764876,0.6154119745608226,1.5200256310224762,1.00524,22.07838818757108,14.520432157397838,16.22419882727542,16.87539088910932,16.062154395055547,17.247228081315455,46.2570620208908,0.025130853,5218.169651261295,0.26389876,0.11071407,0.70445544,113.42494,89.396164,0.3722462813029561,0.63360065,0.26192927,1.0,0.3126040494810567,113.42494,89.396164,1977,8,15.41514739229025,0.3142696805273545,0.3126040494810567,-0.6444701186908314
111.19009,37.834606,31.589678,21.218777,23.10142,17.03137,17.149263,18.615871,14.29771,17.756477,14.77757,13.079197,12.495445,8.905042e-09,3.3393908e-09,6.400499e-09,1.1131303e-09,-2.2262605e-09,1.1131303e-09,-1.3914128e-09,-1.1131303e-09,-1.9479778e-09,-5.565651e-10,4.1742385e-10,-1.530554e-09,9.739889e-10,0.15817888,1030.810486657552,646.7380389972517,0.0651287540978585,0.29460925,0.41303343,0.3667342,0.3152273,0.38968784,0.32421562,0.40910888,0.28744972,0.38450494,0.44183254,0.31363097,0.368487,0.1098123083675477,-0.1436818089458871,-0.0376896785901448,-0.0686323234639644,-0.0113588911205296,0.0314472258144484,0.44183215,1,89.10290948,1.3824884792626728,1.7334087,1.4987893722528285,1.3534473642074516,1.2638094806454825,1.4987893722528285,0.7960222,24.87874840604272,16.913240632269837,20.90755453907744,20.75741780057784,20.93300472819965,18.54651842429312,47.30099926870083,0.01563111,4917.231344863629,0.1473698,0.10160982,0.59189266,90.624084,89.84233,0.3239457172041441,0.65919715,0.2964351,1.0,0.3808897042989855,90.624084,89.84233,2220,8,19.891666666666666,0.4,0.3808897042989855,-0.9963597799129325
115.1223,37.02918,22.632498,13.110099,14.034459,11.282206,10.994418,9.500635,8.490734,9.093617,8.70988,7.6394596,8.398394,0.0061263023,0.0054101497,0.0006051416,-0.00036973783,0.00039152653,0.00036621952,0.0001194192,0.000116731695,0.00016959902,-1.4062005e-05,-0.0002673986,-0.00015118481,-0.00020197281,0.09308472,1016.1700830634428,650.2846355783795,0.0676717206345942,0.484059,0.31021413,0.16315432,0.17682528,0.20722416,0.3344384,0.22972718,0.39030606,0.36552003,0.19642879,0.22796191,0.23868573,-0.1582509265847845,0.2571273411938266,-0.0066511421441275,0.1469457075286604,0.0056883639946515,-0.0054796666685125,0.4840586,0,123.046875,1.9419953092425293,1.1443119,1.413995253664705,1.259387008766816,0.8828081614393261,1.413995253664705,1.154437,21.90881158399207,17.22337341976928,21.451318891096644,21.924774808442944,20.72128951938472,20.378794566426087,46.02466018911315,0.021064024,4516.612631012585,0.14889722,0.04774942,0.75717777,60.612926,46.844215,0.4124602894458171,0.75601935,0.23307087,1.0,0.571729754369868,60.612926,46.844215,4674,8,32.89142857142857,0.4453617714151233,0.571729754369868,-0.078542541018834
92.62837,40.89755,22.717724,16.57707,14.503194,15.389558,13.270443,10.581798,10.120245,11.875147,11.5969,9.936251,10.106974,-3.031447e-09,7.578618e-10,4.5471706e-09,5.2103e-10,-2.3209517e-09,-3.5051106e-09,-1.4683572e-09,1.8946544e-10,-1.8946544e-10,-1.705189e-09,1.3736244e-09,-8.999609e-10,-3.789309e-10,0.11887746,1150.911606569009,739.1711760239745,0.0702501878984814,0.4107901,0.3584563,0.5135618,0.31519204,0.3237063,0.3669575,0.28189242,0.36509928,0.31019902,0.39051494,0.31145483,0.30867442,0.0843524622760962,0.1560549206838898,-0.0102070639514808,-0.0896184131762099,0.0029440337380205,-0.0150556557281346,0.5135621,0,107.66601562,1.7627021036161334,1.689438,1.6571771772010555,1.4161802686811424,1.2287128712847672,1.6571771772010555,0.96142745,21.565692881186067,15.99967408027482,20.102471246002523,19.21899808891601,20.050391690741463,21.417438775718228,45.87917404567655,0.044548396,5565.028224470268,0.18691441,0.111374274,0.62662035,103.76546,74.16231,0.3662825352672362,0.5915635,0.30043676,1.0,0.2906403425646559,103.76546,74.16231,3687,8,29.21650793650793,0.4453617714151233,0.2906403425646559,1.7464346350823429e-15
87.04005,42.50315,27.608843,21.663239,20.02795,15.02594,14.734195,13.38316,13.111386,12.308072,12.378522,11.445547,11.335878,-0.0006808365,-0.0015689553,0.00013081434,0.00024166307,-0.0014587452,-0.0015303998,-0.0014170666,-0.0009113399,-0.00025563355,0.00016523333,0.00029423664,0.00036319156,0.00037324027,0.13067687,1121.7640212776755,681.744021951265,0.0704062169264855,0.3633819,0.3745852,0.47711805,0.32070193,0.3680081,0.35019577,0.5046319,0.40815252,0.33349633,0.32296488,0.3495683,0.48779288,0.0689889872858569,-0.0495374852171547,0.0661669285804025,-0.0836844130175892,-0.0216278358258425,-0.0068865922406346,0.5046317,0,95.703125,1.5906077243152714,1.9738857,1.595598868462088,1.6568918013943446,1.5463229447150622,1.595598868462088,0.9522597,18.890004811316206,14.532836366278536,18.681374095863337,17.721582933383953,17.8805350175461,18.86208724262187,48.909829213135865,0.02346673,4797.268065103704,0.15273917,0.15091155,0.5030077,129.36787,82.08495,0.372302584775907,0.62333333,0.2541837,1.0,0.2810409777532658,129.36787,82.08495,6280,8,48.959274376417234,0.4,0.2810409777532658,-0.0480572270790074
97.95239,39.134705,31.259525,21.736662,22.77413,18.430035,16.964758,17.626516,14.495188,14.229089,12.612971,12.295037,11.296306,-0.039352696,-0.0019738267,-0.006061244,0.004894892,0.0017491189,0.001257766,0.0031314143,0.0006335557,0.0011762233,0.0006261512,0.0023719803,0.0034209604,0.0025825382,0.12983136,1079.5403992675197,571.314605609839,0.0769357743605148,0.45109934,0.35357782,0.2850108,0.34281263,0.34189036,0.4337759,0.30489382,0.4514342,0.5106895,0.30590603,0.3363183,0.30961195,-0.1249013002052848,0.1316894595189723,-0.0357411101358096,0.0582213942168826,0.0060441638463706,-0.0217546101454978,0.5106907,0,143.5546875,2.2607302456219185,1.6896497,1.560487910808514,0.9900579365626644,0.6561196656551417,1.560487910808514,0.8476505,23.822436253196184,16.32440313971955,19.956867609501547,20.05106863522876,19.180395604866376,17.65890036749403,49.41678472176488,0.028753912,5482.569036947249,0.18056406,0.114609756,0.611719,105.95623,83.62139,0.4186134137151469,0.54389775,0.34201124,1.0,0.2598091931809004,105.95623,83.62139,3333,8,23.112001133786848,0.0,0.2598091931809004,-0.9207671049447428
70.74982,29.060726,21.821115,17.762373,15.831465,12.372689,11.669055,9.738954,10.3501625,9.490267,9.479366,8.903013,7.834321,-3.90001e-09,2.9250076e-09,2.4375063e-10,-2.1937556e-09,3.90001e-09,1.2187532e-10,-3.6562595e-10,-2.4375063e-10,-8.531272e-10,-3.0468827e-10,1.0968778e-09,-1.8281296e-09,-3.6562595e-10,0.07786336,860.3481037704241,446.42753855511086,0.0623063220248927,0.4110751,0.27631328,0.32896653,0.21594343,0.31431594,0.27489647,0.26719692,0.35175148,0.32122648,0.48079535,0.35772252,0.45800263,0.1397848625612065,0.0938129178294418,0.0485750067957669,0.0103577179182016,1.6344501372563686e-05,-0.016636564990196,0.480795,1,103.359375,1.6621442412022371,1.5729551,1.1796106744258146,1.055570084943992,0.7706781943169236,1.1796106744258146,1.1221523,17.87354165465379,15.85167070289882,18.42995616122919,17.07798274963129,17.51722095958654,19.389836824524465,52.04549565788842,0.026317867,5417.577788039137,0.20997925,0.09827061,0.681196,108.28493,43.030468,0.504601226993865,0.6694383,0.2669301,1.0,0.4032259510661535,108.28493,43.030468,3948,8,22.711626984126983,0.3142696805273545,0.4032259510661535,-0.951627207160772
116.22582,37.81297,43.234512,26.855816,23.780876,19.688812,17.836784,17.498423,15.728576,14.917095,15.201789,12.197859,13.310995,-3.1719758e-09,2.3789817e-09,4.3614667e-09,-3.1719758e-09,-3.766721e-09,1.5859879e-09,1.5859879e-09,1.1894908e-09,3.9649697e-10,0.0,2.973727e-10,2.6763545e-09,-3.370224e-09,0.13375597,1393.504480212336,847.5418123893862,0.1102203355426231,0.3406987,0.5451035,0.31614345,0.26492515,0.3088995,0.28018227,0.3159074,0.21378076,0.29106978,0.24691884,0.2614325,0.40498638,-0.0035938320779982,-0.2514485254331319,-0.1111133435342844,-0.0513343809212154,0.0180330040993625,-0.0097969192920075,0.5451031,1,135.99917763,2.144318473202288,1.812473,1.8328484959790936,1.428342258125867,1.0437988862390852,1.8328484959790936,1.031167,18.442993104672404,17.621835947319724,21.266418196191324,20.196844205882662,20.69969752149396,28.258436924683267,49.46927616037333,0.030175446,5946.571639857636,0.14476709,0.080758676,0.6419065,76.50956,64.51486,0.4404365904365904,0.5270831,0.3692155,1.0,0.2533108977422355,76.50956,64.51486,4237,8,27.922624716553287,0.4,0.2533108977422355,1.7464346350823429e-15
89.4071,43.947308,31.100603,20.245846,18.941238,17.4271,14.291215,13.614203,11.948927,11.620332,10.568371,9.776978,9.197349,2.0307146e-08,-6.0921437e-09,1.7768752e-09,1.0153572e-09,1.0153572e-09,0.0,6.345983e-10,2.5383933e-09,-2.4114735e-09,-1.3961162e-09,3.0460718e-09,4.442188e-10,0.0,0.12720856,1262.688711634387,745.3931765906592,0.0863041164675711,0.4345269,0.3416327,0.39683634,0.35072136,0.3454515,0.38996276,0.40466973,0.5851768,0.4740998,0.45251414,0.5321378,0.41569877,0.0170374367994051,0.0955064910905372,0.1004029405186476,-0.0535394450105381,0.0201624159223923,-0.0071624087281919,0.5851765,1,151.99908088,2.533655205976308,1.9744332,1.5293386003064229,0.929585604441892,0.6273356458847462,1.5293386003064229,0.9409139,20.330007893031613,15.21782858425375,18.628994754591723,17.40628574027061,17.41558829122125,17.647711899762555,47.47298390882721,0.03463285,5236.92142505864,0.13435604,0.101196185,0.57038504,89.48107,69.8614,0.3672301344336483,0.66107607,0.2595741,1.0,0.3541454230870895,89.48107,69.8614,2759,8,21.80643990929705,0.0,0.3541454230870895,1.7464346350823429e-15
80.75609,39.495472,24.775536,17.618958,16.752846,13.184816,11.657767,11.849693,10.010418,11.203806,10.616424,8.847931,8.314721,0.0,-3.163536e-09,-1.054512e-09,-2.899908e-09,7.90884e-10,-5.27256e-10,5.27256e-10,9.2269803e-10,-1.120419e-09,1.713582e-09,-5.27256e-10,-1.581768e-09,-7.90884e-10,0.092262164,1156.1722341129,638.6988098600685,0.071535062582772,0.537023,0.41001192,0.42811212,0.4656237,0.45085716,0.45570374,0.41447634,0.5307077,0.4456322,0.4043401,0.45705163,0.41139466,-0.0240701663780829,0.0935532778374548,0.0221062289698285,0.0385368944711478,0.0051793700452826,0.0178023035782045,0.5370227,0,151.99908088,2.309892953414432,1.684748,1.4309433134920255,0.8198587455838579,0.5544668137131059,1.4309433134920255,0.8434535,20.371220358362603,14.92726448283416,18.66999854072472,17.472011535613202,17.434005839526286,18.24632612189241,46.10514390670917,0.024293521,5696.36855414759,0.13781379,0.06950693,0.664734,66.01466,51.630333,0.3028753110312414,0.806197,0.19880396,1.0,0.7022841720519876,66.01466,51.630333,2191,8,20.996643990929705,0.4,0.7022841720519876,1.7464346350823429e-15
102.92097,32.395508,26.028221,20.113018,16.203888,14.136947,14.156893,12.364319,10.428097,10.741421,11.933998,10.79996,9.415133,0.020484952,0.0009730366,-0.003942769,0.0010767312,-0.0015771703,-0.00020670275,-0.0007635199,0.00059704785,-5.8516627e-05,0.00018880388,0.0014639146,0.0029158758,0.0013258647,0.10991314,1079.3230109500005,620.1763200825717,0.0843876491709678,0.29011753,0.35379085,0.39062554,0.55244845,0.47096723,0.32488325,0.27108228,0.3424019,0.3866016,0.2867964,0.37437138,0.3799844,-0.0785767147948762,-0.0676145111982074,0.1739276724462309,0.0925545516861432,0.0375505197612027,0.0011517419742905,0.5524483,1,117.45383523,1.917151344693352,1.6357535,1.4137849502737163,1.6544039643049002,1.4794734949310813,1.4137849502737163,0.7998424,22.677063525138013,17.263412544605167,19.849658267961487,18.029917547417167,18.270432007004324,19.33878354466336,45.53316523244324,0.037212174,6756.831232513752,0.14447063,0.08172775,0.63868713,71.84983,58.53193,0.3667790893760539,0.5560338,0.33177373,1.0,0.2460284788585282,71.84983,58.53193,2175,8,17.213038548752834,0.0,0.2460284788585282,-1.034808417068231
103.657,33.212215,25.88238,19.961658,16.127039,13.809218,14.414887,12.423064,10.339669,10.69316,12.070806,10.835347,9.407143,-2.9295026e-05,-4.1393414e-05,-4.1320214e-05,-4.118024e-05,-4.10027e-05,-4.077315e-05,-4.049512e-05,-4.016396e-05,-3.9786246e-05,-3.9366798e-05,-3.8895658e-05,-3.8386155e-05,-3.7834754e-05,0.1099429,1084.1368870938754,622.5850364452095,0.0850642218937541,0.2908732,0.35285437,0.3953229,0.5579656,0.47198337,0.32427278,0.2731784,0.34801152,0.39023238,0.28780186,0.374913,0.38085327,-0.0770990842291589,-0.0675916002559031,0.1752869165180336,0.0922870075699231,0.0370506828336637,0.0019288618328847,0.55796635,1,117.45383523,1.906812263257576,1.6325512,1.2842906843680482,1.7113609234217178,1.591598476937056,1.2842906843680482,0.79579127,22.606276714106084,17.145315243443708,19.8395845801005,17.961476209186475,18.293627419318057,19.506832066577108,45.5873571511061,0.03720536,6656.284235575608,0.14356638,0.08085146,0.6397252,70.78996,58.38738,0.3602693602693603,0.5634565,0.3293135,1.0,0.2544200205119743,70.78996,58.38738,2140,8,17.240816326530613,0.0,0.2544200205119743,-1.1072082369851035
131.22388,36.586758,34.429295,25.921738,25.328339,22.474247,18.95646,22.85971,17.142838,18.26568,14.051097,12.951359,12.567636,-1.3517309e-08,-1.1264424e-09,-8.448318e-10,8.448318e-10,-2.2528848e-09,2.816106e-10,0.0,5.632212e-10,-2.816106e-09,8.448318e-10,9.856371e-10,-1.8304689e-09,-8.448318e-10,0.15806459,1178.8772330310808,845.4051792098238,0.0647371029042147,0.3840638,0.4407402,0.35924625,0.4111648,0.3235211,0.3125719,0.39972103,0.4082996,0.61902297,0.47752458,0.42926285,0.43766433,-0.0949005707064227,-0.1969783499421199,0.0490673687694721,0.0361854937899715,-0.0376602948283499,0.0155444887782852,0.6190229,0,135.99917763,2.181302029496456,1.6804929,1.4366644727130762,0.925582118817558,0.6375140774122611,1.4366644727130762,0.77067894,21.30981005425356,17.57398983597171,20.317419422135785,19.160859011602525,19.500628903211897,21.63708669981572,46.49111465117908,0.024495784,5134.367033799184,0.20844567,0.08325754,0.7145788,73.80056,65.40584,0.3896928529238039,0.4966633,0.37447286,1.0,0.2307384068925676,73.80056,65.40584,2639,8,19.655691609977325,0.4,0.2307384068925676,-1.077445789983026
92.13683,40.95413,33.24302,24.391155,21.67885,19.241264,16.494368,16.37496,14.411168,14.531177,13.583181,13.004136,13.294585,-0.035841513,-0.022275256,0.0058661117,0.0013341829,-0.00027898874,0.003527574,0.004388655,0.0016319541,-0.00065795524,0.0029117838,0.0029345981,0.00040476499,2.7517404e-05,0.11426169,1091.038790304812,620.2084672812523,0.0750456907577683,0.42537555,0.40131584,0.4817212,0.4217081,0.5042576,0.3807189,0.45208988,0.50620687,0.4154196,0.5190626,0.43580642,0.57610697,0.1502988757847416,0.0817619083499925,0.0295214511199965,0.0849605973422736,0.0165867316860859,0.0229706934712636,0.5761067,1,143.5546875,2.3263240080806504,1.7744796,1.5579903506056467,1.13838300096056,0.7673921193672819,1.5579903506056467,0.9514166,20.741484527432384,16.30203871599407,20.07109640342868,20.050649861417536,20.25957637314752,20.657074196080977,48.17027276972088,0.017408134,5064.8193999492005,0.18323864,0.08389155,0.68595,70.419716,60.096542,0.337223023469254,0.60311824,0.29197553,1.0,0.2846436032182374,70.419716,60.096542,2572,8,22.13793083900227,0.4714045207910317,0.2846436032182374,-0.0849385063896597
93.8048,21.65421,19.97552,15.910021,13.556007,13.244606,10.048336,10.00455,10.0502,8.542074,9.8619,7.2994275,8.112842,0.0040085698,0.0024222496,-0.001386637,-0.0011828707,-0.0008901647,-0.0007373662,0.0004918083,-6.09434e-05,-0.0011049575,0.00017458717,0.00073407905,-0.00040422584,-0.00014616545,0.08573781,779.8001507403827,477.4667527703937,0.0696554136527574,0.3689777,0.44114265,0.34026238,0.4260562,0.4800537,0.42199036,0.5218662,0.42565414,0.51716876,0.41431928,0.37957156,0.40859348,0.0026994757187697,-0.1013046331723024,-0.0291583837449387,0.0252762685142036,0.0002283447404694,0.0028712311289905,0.52186555,0,107.66601562,1.7590220151102305,1.4582208,1.6086158161355053,0.456300927368221,0.4617510420515003,1.6086158161355053,0.88189363,19.26674969588798,14.554819618706931,18.00066737732414,17.053430248902746,17.61693731915878,18.34454538709313,50.463595061780886,0.03810273,5708.740395630367,0.12773088,0.08818833,0.5915652,82.78076,46.00343,0.4341076736760982,0.6288721,0.3006123,1.0,0.3653228897819675,82.78076,46.00343,3943,8,26.36408163265306,0.3142696805273545,0.3653228897819675,-0.1830818160220764
128.39742,44.296665,22.760307,16.248755,15.663971,12.942902,11.200365,9.858569,9.740599,8.625553,9.420184,8.082999,8.238431,0.0053695603,0.0024452426,0.00050145626,0.00021349484,0.00085223094,-0.00011495735,0.00046636758,-0.00045465914,-0.0003203649,0.0003757099,-0.00045747947,-1.9881032e-05,1.878818e-06,0.049657922,1131.660185334051,892.7512146581405,0.0619112349106246,0.2637695,0.19356081,0.19490312,0.27447,0.2611214,0.41135117,0.27775434,0.46357316,0.36861372,0.19037105,0.17349958,0.16937083,-0.1041283679736022,0.0993636447323619,0.0698521318705689,0.0702645917867695,0.014175012549949,0.0015595661987527,0.46357307,1,151.99908088,2.341642478924965,1.2280023,1.560146582116667,1.4566047049291102,1.062595638374074,1.560146582116667,1.1856391,17.046270696738162,16.532273244076464,20.239447065002683,18.72429908612633,18.559507355640168,18.17207023689484,46.74070013327596,0.0724609,4820.190691877067,0.082737386,0.03838886,0.6830617,41.541954,24.099253,0.4755466052934407,0.8645065,0.108737305,1.0,0.790471209137954,41.541954,24.099253,4959,8,30.26721655328798,0.0,0.790471209137954,-0.0739414841139159
101.59783,38.99456,23.356379,18.945688,12.829268,13.815983,11.387894,11.926428,8.479365,9.66828,8.7549305,9.218006,9.0070915,-0.00017613624,-0.00016466391,-2.597187e-05,6.9367584e-06,-2.5514477e-05,2.956968e-05,0.00018626994,0.00032035846,0.00037636986,0.00040670406,0.00041367405,0.00031642988,0.00010044772,0.049459346,782.7728202046321,714.226805643136,0.0391883748860574,0.28988737,0.21514729,0.31405434,0.18876183,0.27924758,0.4345574,0.2439601,0.30681977,0.2278944,0.49899268,0.3757849,0.23617978,0.1116268899218988,0.2650900383167605,-0.1408164232034392,-0.0565472778377559,-0.019736873003524,-0.015988652653864,0.49899295,1,99.38401442,1.6112578556673174,1.1568573,1.3434818110054003,1.0938120082863314,0.8453822302507366,1.3434818110054003,1.0944115,21.6108702243388,17.063123087018013,21.685210139508783,21.24564590480775,22.08838301931592,20.131870925189634,47.4053628689634,0.010337057,3634.690805804022,0.08535457,0.031681545,0.7292949,36.66236,28.303984,0.4006729475100942,0.9032444,0.08413183,1.0,0.910369659151549,36.66236,28.303984,2977,8,21.56700113378685,0.4453617714151233,0.910369659151549,-0.992720075045445
117.40759,44.58435,26.914494,20.256903,18.682192,15.133232,12.337042,13.875681,13.315753,13.443913,10.095348,10.10927,8.45775,2.8315055e-05,3.0835334e-05,8.626325e-06,-1.3959474e-05,-2.5188781e-05,-2.1159436e-05,-7.074411e-06,7.226215e-06,1.3693544e-05,1.0037589e-05,-4.862229e-07,-1.2105719e-05,-1.9653908e-05,0.12892003,1043.8982371306242,695.2337596504286,0.0651822117495851,0.31350464,0.2737242,0.34057996,0.28687456,0.34206033,0.44285318,0.3607743,0.5893253,0.41558298,0.49899954,0.39328328,0.29516515,0.0688658861841741,0.150012727366133,-0.0123959285525375,0.0012660989031185,0.0150460754155215,-0.0026707293016011,0.58932525,1,95.703125,1.449881865192582,2.260751,1.6558277668634278,1.2133397992712869,0.87684359231165,1.6558277668634278,0.71911836,21.36688861212479,17.459892528146284,19.96665435477077,18.674207873170285,18.607237119245365,19.27223043188453,45.60782891616301,0.032941893,4860.324359154364,0.12623143,0.0834933,0.6018882,83.193436,76.43081,0.3601997146932953,0.63521314,0.32917243,1.0,0.4087802729703985,83.193436,76.43081,2525,8,20.346485260770976,0.4,0.4087802729703985,-0.5893504666860184
71.70142,27.06039,19.409197,19.033203,14.686329,15.012072,13.12589,11.248065,11.160526,10.593007,9.323654,9.1006,8.217173,-0.009740235,-0.0047935313,-0.00093020976,-0.0028148,-0.0016332343,-0.001259978,-0.001231563,-0.0009197226,-0.0009960604,-0.00035281485,0.0001514896,-0.0001150767,-0.00062699395,0.05581318,776.81742759329,376.7636650000932,0.0560031515553793,0.43838054,0.28336695,0.33953568,0.27618212,0.38884583,0.36411497,0.27269715,0.49719915,0.3248851,0.30820477,0.21547623,0.34526494,0.1402181262277764,0.1534109048383398,0.0379537493037848,0.1120274683198359,0.008230857024525,-0.0246639598215125,0.497198,1,172.265625,2.880663075971549,1.5240048,1.3437278663460146,0.6821419852121954,0.4733762582567376,1.3437278663460146,0.8343547,21.7075857917396,16.636391940104623,20.8469090817608,20.482624424697704,19.29849695638208,17.763329196185037,46.082765731437085,0.03082658,6368.633244678566,0.09688328,0.0557833,0.63460284,54.472305,33.02328,0.3983322642719692,0.7544331,0.24269877,1.0,0.5890371384065247,54.472305,33.02328,4347,8,31.676734693877552,0.3142696805273545,0.5890371384065247,-0.6586287066633614
100.61214,31.368479,21.321445,22.417904,17.841173,13.407404,14.38163,12.315024,12.525824,11.685156,12.131052,10.499675,12.076627,-1.29202276e-08,5.3834284e-09,-1.8842e-09,2.691714e-10,-1.8842e-09,5.383428e-10,-2.691714e-10,-3.4992285e-09,-1.7496142e-09,-1.2112713e-09,4.037571e-10,2.691714e-10,1.6150284e-09,0.06305627,995.9855380977834,513.9566637643387,0.0731988853743719,0.33284643,0.39150944,0.30317897,0.42929372,0.34840006,0.28702363,0.38495523,0.30660072,0.35395402,0.28864348,0.3659397,0.4321625,-0.0350223690942099,-0.1012790194416606,0.0530385294141834,-0.0111424558693607,0.0045083658511091,-0.0047162129063495,0.43216217,1,184.5703125,2.880875202593193,1.9537857,1.4081252640124535,0.6257241562061825,0.4718709979332897,1.4081252640124535,0.77090746,19.97875396626264,16.19075609424901,20.18949161603171,18.27594092472402,18.593788118556585,18.196326670710707,45.3125812582716,0.04928153,6612.314579226424,0.13051258,0.07973728,0.6207469,77.26246,39.32352,0.4438955539872971,0.58762854,0.31009656,1.0,0.2858518014516067,77.26246,39.32352,3145,8,20.566666666666663,0.0,0.2858518014516067,-1.5151647412455769
110.42876,35.381325,25.167662,18.401888,17.76322,12.699702,15.659686,13.465986,11.530135,11.672617,11.127219,10.367342,10.6148815,-0.017171592,-0.008620265,-0.00069059076,-0.0021135763,0.00022183862,-0.0018283617,-0.0009522051,-0.00018175314,0.0016602838,0.00067191076,0.00055334496,0.0022099973,0.001552349,0.13319008,1016.4866138722206,650.1349017880559,0.0760253887013407,0.29975632,0.39070904,0.49741876,0.3390638,0.35900342,0.28472555,0.39135218,0.32550547,0.31117487,0.37933436,0.3135962,0.37580404,0.1079508994717513,-0.0426981060146881,0.007714289077342,-0.0790003487865246,-0.0217510398909048,-0.0052943628454878,0.497418,0,89.10290948,1.3250106770601329,1.6629593,1.5318540802616438,1.1995778972429338,1.0059655567427532,1.5318540802616438,0.8570254,19.38965477181336,15.514869057569038,19.11597788558402,18.326640798010462,18.66483485927836,19.045855926941744,47.21152039872344,0.056957703,5543.528130863886,0.15035976,0.0997785,0.60110414,93.768005,68.36667,0.4229151200197971,0.49867475,0.35605466,1.0,0.2054614278867625,93.768005,68.36667,5127,8,35.188395691609976,0.0,0.2054614278867625,-0.0966760002025861
120.46099,38.30865,21.727854,17.81213,14.064901,14.56977,13.470349,12.690815,14.1515255,11.652912,10.195236,10.653019,10.75866,2.960285e-09,-5.92057e-09,1.7576692e-09,0.0,1.850178e-10,7.400712e-10,5.5505345e-10,-5.5505345e-10,1.017598e-09,-3.2378117e-10,1.1101069e-09,-6.4756234e-10,6.4756234e-10,0.114554,1081.8131271358195,586.2990176151212,0.0712900864872243,0.32198027,0.28108996,0.43634298,0.27346352,0.2551048,0.39821938,0.25994155,0.3273481,0.2321797,0.34002128,0.4895185,0.30168194,-0.0987562510992112,0.2547955415298424,0.0666753798836822,-0.1830559735314258,0.0329531073400201,-0.023142350682408,0.48951793,0,117.45383523,1.7505650192811408,1.4955298,1.5899139551919952,1.2692797178668351,1.0006207866851289,1.5899139551919952,1.0096085,22.25371274830967,17.012284333248047,20.41109686949081,19.826156855770023,20.24504488843631,19.944165442292725,47.694355768499214,0.024222573,4720.721886102253,0.14626494,0.063135386,0.698491,63.489475,50.655567,0.4247186651144742,0.6557025,0.30926633,1.0,0.4367651368239867,63.489475,50.655567,4378,8,29.91891156462585,0.4,0.4367651368239867,1.7464346350823429e-15
82.866554,29.365032,22.6399,17.05337,16.055752,16.61352,17.65364,13.526511,12.484348,14.033656,12.417151,10.670563,10.9308405,0.0,8.0777074e-10,1.0097134e-09,-1.0097134e-09,-2.0194268e-10,1.2621417e-09,-8.0777074e-10,4.5437104e-10,1.5145701e-09,-2.0194268e-10,1.1106848e-09,5.553424e-10,4.5437104e-10,0.0837727,884.864325160985,556.9852420954459,0.0605914117365898,0.22904243,0.31363794,0.21254149,0.25040337,0.32036996,0.23080732,0.36575764,0.2715126,0.46222144,0.4084078,0.23326394,0.27336293,0.0347485987113111,-0.2199677104394713,-0.0900552968844525,0.0519956200877115,0.0023687631026343,0.0067758720751565,0.46222124,0,117.45383523,1.93807948499047,1.5115377,1.225574372388465,1.2898015896026895,1.074177887766948,1.225574372388465,1.0906026,23.119879224686056,16.551045109469346,20.669850989856663,20.341988582297443,21.60480517957769,22.478449872824367,47.01572429365318,0.025645008,5717.359530608953,0.13095684,0.079309255,0.62281185,78.68663,50.72866,0.4456797966963151,0.7080938,0.2105455,1.0,0.4040642419782301,78.68663,50.72866,4209,8,27.41115646258504,0.4453617714151233,0.4040642419782301,1.7464346350823429e-15
113.988945,52.65621,32.53127,21.767012,22.263966,18.201248,14.656478,14.0858965,12.929068,10.244501,10.652122,9.882259,9.159205,0.0054519,-0.001601065,0.0006332456,0.00030633714,0.00079248036,0.00064772996,-0.00031434317,0.00029921986,5.7693036e-05,0.00039001144,0.00019374503,8.544981e-05,0.00019190217,0.13890965,1193.992346028646,851.4814058964064,0.0823964772610866,0.4136846,0.3968973,0.37823656,0.3771271,0.36542833,0.40585592,0.4112227,0.40760568,0.45600954,0.476566,0.47970825,0.46834782,-0.0288179190608269,0.0111564811795369,-0.0284824328794638,-0.0322816673536742,0.0081856467294716,-0.0119796548260623,0.4797082,0,92.28515625,1.429566233537159,1.5079067,1.2780848340458748,1.6247030209245863,1.3161752739073704,1.2780848340458748,0.97868526,17.874237571706004,14.880765965926978,18.037327565743222,17.44736097035706,18.78538427915684,19.6020606834241,46.81420648887698,0.050210737,4079.050308224463,0.113511406,0.09135124,0.5540827,85.380104,73.54398,0.3891278054024996,0.6666232,0.2846132,1.0,0.3985286899668745,85.380104,73.54398,5791,8,43.19492063492064,0.3142696805273545,0.3985286899668745,-1.1505684729432164
85.606964,29.983526,23.833002,16.407475,12.546271,11.757873,11.167482,10.590109,10.21353,9.189596,8.580884,8.669827,8.890953,0.0,1.270084e-09,-7.9380247e-10,-2.7783087e-09,-4.762815e-10,1.5876049e-09,-3.17521e-10,0.0,1.587605e-10,5.5566174e-10,-7.9380247e-10,0.0,4.762815e-10,0.07478434,844.7662361351308,521.1718646839406,0.0472214106773504,0.27419645,0.32523078,0.39002088,0.3436662,0.4102026,0.31309336,0.38522214,0.33019623,0.3691407,0.45422113,0.36380416,0.38185218,0.2496835727987524,-0.0871851639712543,-0.0921370810387439,-0.0176535593822903,-0.0191306374684146,-0.0094323663073709,0.45422065,1,112.34714674,1.7816070090832477,1.2341689,1.206644694665042,1.197826565039157,0.8507371742166747,1.206644694665042,1.0726767,22.623157471082425,17.860285865040822,21.020890081460973,20.38941111199121,20.66661650758631,20.478434200171083,48.48612838976005,0.010739666,4005.5476923244496,0.1383768,0.038653,0.7816538,45.320797,33.890717,0.4123033380504453,0.84767693,0.1452172,1.0,0.7439254807574394,45.320797,33.890717,4953,8,34.87020408163265,0.4453617714151233,0.7439254807574394,1.7464346350823429e-15
73.71928,44.39093,31.24056,20.931423,17.12067,13.654048,14.127217,13.0132885,13.374336,12.46981,10.376739,10.987205,9.422127,-0.00018357052,-0.00024832122,-0.00021730854,-0.00017377683,-0.00012697645,-8.5193074e-05,-5.3600917e-05,-3.3690874e-05,-2.4272287e-05,-2.3286739e-05,-2.9411309e-05,-4.2552998e-05,-6.312273e-05,0.100967124,1220.6088632717451,616.1891018031805,0.0931419008718119,0.38639748,0.4194267,0.33508804,0.29135546,0.32795212,0.3601489,0.52532136,0.4016076,0.44104627,0.47254533,0.43175724,0.51053125,0.0515079054966937,-0.1411254679398129,0.0281736549006225,-0.0615237240935624,-0.0226768873422215,0.0126985306661043,0.525322,0,117.45383523,1.8422361280097337,1.7238399,1.4334962487492402,0.7651257267159162,0.6802845812127157,1.4334962487492402,0.792778,21.42318765702772,16.416957940994507,18.397982548349184,17.646255861798853,18.03527312215593,18.75127566333333,47.04071401570148,0.036684263,6216.232322080292,0.14729072,0.09396961,0.6105028,83.94898,54.95432,0.3770491803278688,0.5511524,0.33053482,1.0,0.257503593649909,83.94898,54.95432,2944,8,22.66267573696145,0.4,0.257503593649909,-0.6188508825476692
105.28842,40.29411,43.481995,24.724367,19.721262,14.070035,13.085802,11.495498,12.353914,10.724826,9.426372,10.480469,9.298869,0.013512532,0.0005233816,-0.0026362943,0.0011032979,0.0012892039,-0.0021393409,-0.002096005,-0.00018141454,-0.0032507183,-0.00045202364,-0.0019823534,-0.0030575627,1.0319793e-06,0.15366307,1246.006682812707,674.5838615718724,0.0907522394870637,0.6070053,0.5018048,0.4299552,0.3636204,0.33348632,0.40437895,0.4096147,0.40883514,0.4220409,0.45492953,0.5665447,0.62791044,-0.0575350137703506,0.0376315868363716,-0.0432049743075634,-0.0335635574196069,0.0260329224303377,-0.0044844761400383,0.62791044,1,123.046875,2.0162908380681817,2.1554813,1.6668113018382364,1.0900259727346635,0.727468375817213,1.6668113018382364,0.83461285,19.32166966433391,14.770574777833527,18.084856574347807,16.710835048534285,17.683951012237923,18.528875039935347,47.144699575750174,0.03642456,5314.696929057861,0.109554775,0.1516525,0.41941538,122.376854,90.971466,0.4062121212121212,0.55012465,0.32063866,1.0,0.2377282541165612,122.376854,90.971466,2681,8,19.156462585034014,0.4,0.2377282541165612,-0.3768859637876936
107.27759,44.08122,32.274563,21.932253,22.496246,17.593517,13.975109,14.148566,12.810541,11.361547,11.345656,11.31355,10.100694,0.020874266,0.013069939,-0.00026541002,-9.835661e-05,-0.0018496339,-0.0007397529,-0.00050357956,-0.0008432412,-0.00090664765,-0.0003218884,-0.0002690214,-0.00030417202,-0.0005464363,0.1373764,1398.2861914535724,684.3350584614212,0.1183953623949847,0.39913338,0.36765617,0.38128752,0.4443844,0.36721694,0.30621475,0.30887917,0.36995453,0.51588917,0.45839465,0.4899228,0.4729749,-0.0834592111357974,-0.0473089836021373,0.0646174693200035,0.0691260367208781,-0.0170842924098083,-0.0080135496857688,0.51588917,0,117.45383523,1.934205517691416,2.1047761,1.5208338969026949,1.1595189967935589,0.8637573835043606,1.5208338969026949,0.77568954,18.737736896497484,14.751046197858804,17.898090770376267,17.28488292313716,17.003734658046856,17.533316219322494,46.248097615412384,0.04499598,5867.581984323218,0.11756917,0.1640046,0.41754153,120.052124,72.455605,0.4816042426251243,0.4503742,0.36217418,1.0,0.1629910306421599,120.052124,72.455605,2906,8,17.513650793650793,0.3142696805273545,0.1629910306421599,-0.0167793782616579
91.91021,33.32344,26.758457,18.203693,15.790197,12.65314,11.689427,10.903327,10.559779,9.535618,8.485235,8.062154,7.567844,-0.05780262,-0.01370355,0.0028098722,-0.005331901,0.00015059712,-0.0024241933,-0.0006053825,-0.001024375,0.0005706841,-0.001491783,-0.0012980393,-0.0006573566,0.00056057074,0.14732403,943.2495573105706,478.0532307059745,0.0783207175890842,0.629742,0.60942686,0.55865484,0.4901836,0.4523731,0.5112376,0.40099898,0.3986118,0.42834404,0.42296812,0.4294742,0.4804608,-0.0216379944222164,0.0415404114238379,-0.037605552742543,0.0026867362057827,-0.0038495599975565,0.0018716968089212,0.62974113,0,129.19921875,2.0964094373003417,1.8588799,1.546043374388662,0.8142838086426736,0.6404045918787279,1.546043374388662,0.75889885,23.706767538739705,13.959728023151106,16.078722086205406,16.033293795819304,16.597601660170856,16.330194719100934,46.403127971195495,0.042307965,5320.098145247492,0.14378327,0.1458901,0.49636167,121.95056,84.884125,0.4066417711389704,0.5635283,0.33331037,1.0,0.2831125227507331,121.95056,84.884125,3049,8,21.76340136054422,0.4,0.2831125227507331,-0.3716455846899396
93.16664,43.145676,22.880186,16.984266,16.448181,12.759856,14.132873,12.487486,13.395755,11.339918,10.310506,10.892363,10.682765,0.006568557,0.0072344015,0.0029368417,-7.760587e-05,-0.0005138317,-2.9507792e-06,-3.7894195e-05,-0.00056322897,-0.0014225348,-0.002503487,-0.0028986733,-0.0019609302,-0.00044948616,0.1199825,1094.7514582722258,646.7791009879196,0.0781286936910133,0.31212077,0.2524871,0.36646703,0.27520964,0.36322215,0.260016,0.4117129,0.47039825,0.3188024,0.386771,0.312769,0.43788528,0.1432965320477662,-0.0214160553088575,0.0608173245674338,0.0031577198510774,0.0030999248088683,-0.0078945792055141,0.47039855,1,112.34714674,1.7192608347975564,1.7143197,1.7457892665404613,1.0303769735635389,0.6953215247003541,1.7457892665404613,0.9083032,21.567019767383115,15.739802938731277,20.14707736003,18.72061733449174,20.072291715025155,19.401937294770114,48.56776158182046,0.024061112,4821.894416220299,0.15817146,0.12835898,0.55202127,111.50355,79.02977,0.3566620241411328,0.6285639,0.2896136,1.0,0.3496119716283944,111.50355,79.02977,3073,8,25.01074829931973,0.4,0.3496119716283944,-0.0507772012265861
98.906296,36.51307,23.219398,14.067063,14.6467495,11.221065,9.842892,10.808777,10.45704,10.131723,8.392019,9.649671,9.34689,-0.019077228,-0.01178027,0.005331625,0.0039602523,0.0017377066,0.0019536053,0.00058068516,0.0004848296,0.0013139421,0.0013350298,-1.3216387e-05,-0.0003639969,0.0002314833,0.10790549,1039.6305462638986,607.1867626991063,0.0724288742783074,0.3628428,0.43026346,0.45822185,0.54272634,0.55952024,0.47222295,0.3708737,0.3382478,0.36892378,0.35629013,0.3823213,0.382429,-0.0540075459417751,-0.0382612270810521,0.0248886180584511,0.0611059985664969,0.0343470148578857,0.0058791506840679,0.55952036,0,129.19921875,2.1014885543926947,1.7356595,1.6257626273022163,1.0709600996391273,0.7089049324075737,1.6257626273022163,0.93341935,22.392764257414093,14.411143018773863,16.255508287218554,16.4828583289252,18.36836350556796,16.558260296516924,47.09666998482844,0.03502554,5815.672177771601,0.16684699,0.12936203,0.56327254,116.2017,65.38675,0.4750285932138772,0.60391635,0.30017757,1.0,0.2971397664397152,116.2017,65.38675,3738,8,22.84095238095238,0.0,0.2971397664397152,-0.0347502294146901
113.97981,42.82062,31.51251,17.161406,16.038454,11.847193,11.629972,12.475447,12.340968,10.322469,8.9662485,11.173398,10.222318,0.0006195025,0.0007249297,0.00043999232,0.000275897,0.0002388241,0.00018338939,9.307983e-05,6.4881184e-05,0.00010755395,0.00012942436,8.5206244e-05,1.64429e-05,-3.1714764e-05,0.07127614,1117.3211761570649,750.0342575557731,0.0645689106268698,0.34277725,0.30600116,0.44376576,0.30587363,0.37357146,0.4019828,0.3292219,0.4424973,0.37171263,0.41436827,0.3097492,0.25932464,0.1415075801690412,0.3053409417707791,-0.0169069797390031,-0.0214075057508969,-0.0313404831489708,-0.0307949410582445,0.44376585,0,99.38401442,1.4149678484774286,1.5996219,1.767275567934786,1.6223986396544907,1.3263291608818948,1.767275567934786,0.94592965,24.06026834648481,15.964735901605838,20.06737282862992,19.38943805153145,18.76515758611767,19.061697162576884,47.73863868728827,0.011503873,3696.847612429888,0.11993951,0.0516662,0.6989209,51.755722,37.592285,0.4311281275042293,0.82438475,0.14227717,1.0,0.6753586999090917,51.755722,37.592285,4842,8,32.597913832199545,0.3142696805273545,0.6753586999090917,-0.3142796517996497
108.59572,40.763096,27.295345,18.814125,19.006508,14.194462,13.881565,12.666485,11.530243,10.394192,10.099743,10.596019,9.894199,0.020582885,0.005021385,-0.0017828508,0.0006979122,-0.00023852356,0.0005304329,-0.001060725,-0.00031397567,-0.0010528305,0.00012485978,-0.0007904716,0.00034783618,-0.00021713252,0.117584266,1183.4399467950377,619.5029280975349,0.0836420671616158,0.50515944,0.46440694,0.47248808,0.4195016,0.39401063,0.40159017,0.42167532,0.46441996,0.43487182,0.47621074,0.5213096,0.5018727,0.040358757524118,0.0981407396513933,0.0892372969803683,-0.0190534876783027,0.0245636863420429,0.0045222128963639,0.52131003,0,123.046875,1.935278890802876,2.2230885,1.4953366818744227,1.0766182342865316,0.8130736757137562,1.4953366818744227,0.8392518,21.18959329255092,14.48696974908445,17.776283850683402,16.24371564420634,16.97029640818692,16.474395290293216,46.65073406923664,0.040632308,5713.195451591049,0.15828364,0.14045055,0.52984595,120.54697,75.877205,0.4621030557219892,0.4526778,0.39413664,1.0,0.2041696610331864,120.54697,75.877205,3085,8,19.37705215419501,0.3142696805273545,0.2041696610331864,-0.310067116114344
108.25769,40.122692,22.68269,17.040823,13.9382,12.934116,11.392894,11.103496,10.386721,9.668251,10.270994,9.031353,9.366786,-0.009373426,-0.00399264,0.0025995763,0.00018285801,-0.0018720226,0.001032551,0.0010314746,0.0014791414,0.0013695294,-4.3424083e-05,6.3443535e-05,-0.00018867991,0.0002861843,0.08883222,1080.9425198228132,658.6014661264062,0.0594476165435142,0.42830902,0.31651506,0.29914555,0.35254902,0.2673667,0.33809146,0.29713064,0.46008667,0.52616656,0.35553306,0.34490332,0.28088072,-0.1767353477745323,0.0172544972379862,-0.0041841475513844,0.136254477240949,-0.0194394561707073,-0.0214083736832607,0.52616614,0,103.359375,1.6928807763687663,1.7284076,1.2728960301550332,1.236402314569796,0.9654925854952215,1.2728960301550332,0.74595565,26.755839180753288,16.757884449274982,20.511300195909765,18.293582934316472,20.06191090439631,17.438265863225947,46.53594057160748,0.03144682,5286.726918779676,0.14130554,0.08042327,0.6372871,74.51779,48.140507,0.422037422037422,0.6583517,0.29681605,1.0,0.4353516903931931,74.51779,48.140507,4466,8,30.71687074829932,0.0,0.4353516903931931,-0.0294033727657267
80.63739,33.67596,21.310532,16.881622,16.285595,10.798932,10.992958,11.421966,11.523824,10.984145,9.906016,9.26674,9.409437,-0.014817451,-0.0042033955,0.0033593737,0.00094386813,0.00069642515,-0.00016564924,0.0011702568,-0.0004542621,4.471016e-05,0.000107680615,-0.00041027728,0.00079097424,0.0010845518,0.11274299,960.4352372009996,489.41242452273184,0.0698680457631156,0.28408924,0.38375363,0.37459853,0.28640985,0.3710028,0.30955997,0.48327544,0.41970885,0.28043592,0.2856872,0.2759847,0.49108583,0.1390663723722314,-0.1550931195960904,0.0442140721578484,0.0151691500959957,0.0240073081049429,-0.0233435179897869,0.49108535,1,135.99917763,2.2060903988213285,1.6368142,1.5419319603171138,1.4636277358223462,1.1226383591649352,1.5419319603171138,0.84711695,24.75673836487121,16.129333893689658,19.58946576558898,18.996975199855164,17.53219531052293,17.99999832984048,46.99790121863922,0.023441037,5033.170195886011,0.15641293,0.11513487,0.576003,95.13701,68.41051,0.3645855993038938,0.674272,0.26763982,1.0,0.4083934426617298,95.13701,68.41051,3352,8,26.68748299319728,0.4,0.4083934426617298,-0.1121206400537912
94.47602,38.77447,27.22606,20.100294,17.959442,16.816036,15.055705,12.445382,12.845136,11.722336,11.370114,10.801139,10.276175,-0.042171292,0.004428179,-0.00033389183,0.003620497,0.0038749026,0.0024711862,0.0020513774,0.0017867819,0.0005102137,0.0012140156,0.003824508,0.00011824494,0.0004970382,0.11991098,1169.2428386888766,551.7824526527248,0.0876045120091153,0.32100037,0.36878765,0.29517975,0.39260077,0.39432353,0.33383727,0.42695296,0.3664381,0.48871738,0.38737702,0.3218164,0.43504527,-0.0335103175681029,-0.2027785643642698,-0.0212281159542092,0.0339125992280284,0.0018095292988463,0.0054676263731715,0.48871785,0,107.66601562,1.7280897815530425,1.880242,1.2688442496890504,1.1921184174579764,1.0609941643477807,1.2688442496890504,0.895936,19.85438494474248,15.17996936014989,18.850683366410323,18.04287126767116,18.527054511684742,24.465613978585235,48.28105342251372,0.047898993,6111.1520176090535,0.14780529,0.13911155,0.51514846,107.49165,76.60962,0.4049773755656108,0.5079656,0.37527397,1.0,0.2455058567586123,107.49165,76.60962,3401,8,24.376626984126982,0.0,0.2455058567586123,-0.8847285701018469
103.84085,36.7107,25.632704,21.269638,16.19156,14.500419,13.732304,14.480556,12.117933,11.8096695,11.379801,11.409745,10.873599,-0.011752873,-0.010622893,-0.0004836359,0.0028961075,0.00016038043,-0.0016625965,2.641925e-05,0.0020605598,0.0018296556,0.00063080876,0.00067053776,0.0017081605,0.0018886862,0.11615105,989.7698930446086,640.2180713586982,0.0636819213976566,0.2699596,0.36290884,0.28114414,0.24653743,0.28385812,0.25611082,0.4418492,0.28386563,0.38728583,0.44376832,0.32173848,0.41326714,0.1063652788255757,-0.2103088409461167,-0.0618384641142178,-0.0854197454522591,-0.0269449895268095,0.0390864468294881,0.4437681,1,135.99917763,2.111305903187022,1.6134889,1.215052243898653,1.4942446270439176,1.4453062841924642,1.215052243898653,0.77124363,25.188444111006824,16.92351749076901,21.164246051495898,20.470466585907293,19.65022083091608,17.502903323334316,47.47595746468865,0.021661654,5380.18438400683,0.16184145,0.08726493,0.6496855,81.38352,64.802826,0.410538286580743,0.6576229,0.2803703,1.0,0.3721761179365885,81.38352,64.802826,3249,8,22.97156462585034,0.4,0.3721761179365885,-0.0667200709654253
124.54695,32.308983,21.255932,24.832241,18.40643,22.14761,14.311755,17.099733,15.968469,12.190937,13.480514,11.916639,10.500371,3.1560127e-17,-6.3722423e-09,2.5033808e-09,0.0,1.8206406e-09,-4.5516016e-10,4.5516016e-10,0.0,-1.8206406e-09,-9.103203e-10,-9.103203e-10,-1.2516904e-09,6.8274025e-10,0.04944465,1041.982764632825,680.9153648827776,0.0693929950873686,0.31375855,0.32149497,0.2897305,0.3329111,0.45870963,0.29660994,0.35608575,0.27657726,0.39705843,0.46615368,0.38835198,0.45857835,0.1536380355175201,-0.1461752035690275,-0.0259067468661484,0.0771172435437429,-0.0017797552137025,-0.0098218046555226,0.46615344,1,99.38401442,1.5623135441527447,1.6793172,1.376684071429291,1.281601057079127,1.090907605611035,1.376684071429291,0.87997556,20.459696568021155,16.803539883229835,20.37911991142952,19.39377424872137,19.913341546298167,24.16383548377469,45.97247817398334,0.05059035,6089.553102930922,0.08368624,0.042941153,0.66088057,43.934086,29.775024,0.4558472553699284,0.73700035,0.22585084,1.0,0.5139082624218013,43.934086,29.775024,3820,8,24.322902494331064,0.0,0.5139082624218013,1.7464346350823429e-15
87.08208,43.577152,36.730133,37.768375,28.56722,23.546482,20.950077,20.036959,19.394276,17.695726,18.151014,16.561352,14.065555,9.930882e-05,9.687561e-05,-3.2072928e-06,-9.4639174e-05,-0.00012888991,-9.957928e-05,-3.0642474e-05,4.3326083e-05,8.4365194e-05,6.218594e-05,-1.722151e-05,-9.505632e-05,-9.652462e-05,0.09194508,403.2265803300824,337.44242330254224,0.0325675403559905,0.28817707,0.2769946,0.29442617,0.2965058,0.4990884,0.31234884,0.4089278,0.45457703,0.3257155,0.3634574,0.33087838,0.47041187,0.1545065820656995,-0.1094082351607551,0.0952706542895985,0.0924267988815305,0.0301105064315922,-0.0237534818385498,0.49908847,0,103.359375,1.6484073848650842,1.6235793,1.7539107794926587,1.5546472510600204,1.351118804577042,1.7539107794926587,1.0103104,19.194260599637047,15.991956608696656,18.511025400544685,19.193144246258782,28.24702198939296,49.43564187095873,26.35335804675091,0.002402065,2121.6950846622526,0.09790157,0.06769458,0.5912032,63.38596,51.18272,0.4512367491166077,0.8604557,0.10235275,1.0,0.789713206280848,63.38596,51.18272,3831,8,24.645,0.3142696805273545,0.789713206280848,1.7464346350823429e-15
103.95543,33.78668,33.213985,20.981,22.31238,15.081361,16.418652,16.422451,13.313845,12.4213295,12.73256,12.072496,10.8881645,-1.6807484e-05,-2.3774595e-05,-2.3762228e-05,-2.375945e-05,-2.374582e-05,-2.3725883e-05,-2.3709099e-05,-2.368714e-05,-2.3659502e-05,-2.3627827e-05,-2.3595141e-05,-2.3558545e-05,-2.3516268e-05,0.13257436,948.4913003183952,646.0627362877567,0.0670531057292787,0.4007224,0.35482177,0.4531199,0.48732114,0.4286197,0.39522856,0.39940533,0.46001798,0.4437737,0.41397405,0.43587276,0.40655226,-0.0492196586511109,0.0524420000078002,0.1329543820857427,-0.047925387744848,-0.0192819158425561,0.015196904508682,0.48732078,1,123.046875,1.932002865844959,1.997239,1.6418981364132117,0.7813177312515552,0.534292004245073,1.6418981364132117,0.7899245,22.372997992156552,14.586853807649955,18.018792173159348,18.726653254439853,17.468097456209964,17.873005314109093,48.06791216781823,0.030355208,5792.065487839296,0.20176215,0.10848485,0.65032536,102.470726,65.03298,0.4191371095817893,0.4360452,0.3833279,1.0,0.17170018643016,102.470726,65.03298,3167,8,21.933197278911564,0.4,0.17170018643016,-0.3274182963029879
124.185326,38.551018,24.469557,19.21597,16.590471,19.247587,13.649628,13.603731,11.841159,12.614712,10.652901,10.772772,10.204436,0.0005796348,0.00033463901,-0.00025319788,-0.000105753425,0.00014212719,-5.2363874e-05,-0.00030191505,-0.00030752245,-0.00022530394,-0.00015637252,1.1514687e-05,0.00021939525,0.00018460005,0.097886086,943.966980235932,760.7022565180642,0.0615484006633604,0.32129085,0.49759752,0.37014952,0.32991454,0.41553813,0.2930583,0.3711734,0.27154925,0.38119388,0.4483457,0.2996808,0.35950625,0.1141253721600531,-0.0973917205283746,-0.1198447363272526,-0.0605052283224237,0.0008686238599089,0.0184793689942599,0.49759832,1,123.046875,1.893698281349459,1.608689,1.4429388311314326,1.318716469315348,1.381165807389387,1.4429388311314326,0.96551484,20.56240079496573,16.285604466149312,18.632959560124124,18.09281886454685,18.541420725679057,23.15933491588085,52.67666861176812,0.03389396,5047.146501575202,0.16058932,0.08975064,0.6414824,86.18889,55.675285,0.4433357969943335,0.57371026,0.3327989,1.0,0.3023937667193112,86.18889,55.675285,3599,8,23.565,0.0,0.3023937667193112,-0.2863689967338361
79.06225,24.05913,17.597994,20.436289,15.05834,15.699574,10.40669,11.1406,8.305565,9.842238,10.215882,7.60919,11.172208,5.6284724e-09,-1.4071181e-09,-1.0553386e-09,7.0355904e-10,0.0,-3.5177952e-10,8.7944885e-10,-1.1432835e-09,-5.276693e-10,4.8369686e-10,-1.7588976e-10,1.4950631e-09,3.5177952e-10,0.16437319,502.9283462029905,304.82670097324143,0.042383793820098,0.5183884,0.3451639,0.3932855,0.29193082,0.3894201,0.39451098,0.3633264,0.52749836,0.32646924,0.32060423,0.29225892,0.43681756,0.1362981049716802,0.1418898183113724,0.0513645760588196,0.1011211761281038,0.0030376172427826,-0.0015036338143669,0.527497,1,89.10290948,1.4138525780682645,1.2615802,1.58460114695133,1.0196942148148829,0.980362632241912,1.58460114695133,0.94798404,19.781086506453867,15.73890948156838,19.170125111546373,18.353664431476272,19.03437898185017,21.484865954887844,55.69250154367469,0.004089078,3684.327281809785,0.25636655,0.13535279,0.6544632,134.16364,89.699776,0.4429585907959052,0.8453182,0.17371792,1.0,0.7635905115449021,134.16364,89.699776,4803,8,31.47428571428572,0.4865042554105199,0.7635905115449021,1.7464346350823429e-15
134.55872,42.79135,27.52426,20.8919,15.42254,13.400778,13.687331,12.245389,10.413024,12.214129,9.5291605,9.8119335,9.588625,5.2336784e-09,-1.9626294e-09,2.2897342e-09,1.6355245e-10,4.9065735e-10,1.3901958e-09,-4.0888112e-10,-3.271049e-10,-2.6168392e-09,-2.4532867e-10,-1.9626294e-09,4.4976922e-10,-3.271049e-10,0.111160666,1057.7361015283434,933.007279323142,0.0541228850564617,0.48155317,0.3017087,0.29076797,0.24397446,0.36008313,0.33331105,0.26899466,0.37652203,0.28440136,0.32005313,0.24121085,0.30776924,0.1127546236451277,0.2157166645930296,-0.0478606448990995,0.1492949824808289,0.0127125610070359,0.0169167755629013,0.4815542,0,123.046875,1.8944986825859504,1.5853556,1.633261852032439,0.914856456651038,0.609462633923063,1.633261852032439,0.8293606,20.71213988701908,16.663665921292058,19.539146463351425,18.129510885340483,18.353813395299586,19.62486546222928,46.42935814082092,0.07467842,4384.481991038603,0.17273,0.06145025,0.7375911,62.946285,47.93366,0.4226910213532287,0.66074675,0.29230455,1.0,0.40528069522147,62.946285,47.93366,4929,8,33.84800453514739,0.0,0.40528069522147,1.7464346350823429e-15
104.614105,44.82524,23.98838,18.176426,13.609255,12.665596,13.065811,11.920999,11.402209,9.750704,9.880532,8.236689,8.663469,4.1426982e-17,-8.171433e-09,2.2698425e-10,5.6746063e-10,-9.07937e-10,-6.8095274e-10,0.0,1.5888897e-09,-1.1349213e-09,9.07937e-10,-1.13492125e-10,-6.8095274e-10,-3.4047637e-10,0.056701336,896.1970603670263,729.3113132969308,0.0481430772256537,0.1941654,0.23758654,0.1967634,0.3571929,0.2207619,0.1762033,0.297983,0.1927226,0.18336646,0.15129411,0.30054584,0.36769727,-0.0983369837174876,-0.2467328856441019,0.1945903672591971,-0.0691227419824857,-0.010785134531948,0.021636266141398,0.36769757,1,92.28515625,1.4196778033223787,1.3232198,1.3749153052129537,1.7767170898115636,1.5374064077230447,1.3749153052129537,1.062173,19.31258462439529,18.275275479884407,21.03983001319237,18.77320100457234,19.79910485011111,20.0533958222515,47.7196433624932,0.04746995,4044.416283386514,0.12828264,0.03325772,0.7941164,42.940823,25.757122,0.4552487502975482,0.8771067,0.098227285,1.0,0.8221633583796406,42.940823,25.757122,3825,8,24.38933673469388,0.0,0.8221633583796406,1.7464346350823429e-15
124.120964,29.847193,18.847952,16.925678,12.473807,10.881885,9.812665,8.578336,8.304394,8.015903,7.5165143,8.398317,8.137159,-0.0005674941,-0.0015434301,-0.0015010939,-0.0010463009,-0.0011437152,-0.00089367793,-0.00073612074,-0.00041642768,-0.00047609673,-0.00038566944,-0.00018097527,-0.00018812608,-2.7789256e-05,0.04842456,843.246126392926,540.6313126285205,0.0545700403391934,0.38410923,0.43363586,0.34474197,0.44337586,0.43321937,0.3831948,0.5148608,0.3904223,0.40001765,0.4010718,0.47111982,0.5317747,-0.0028631957579811,-0.1214164030333096,0.050421978382293,-0.0030320834589268,-0.0119686291381584,-0.0022945485674733,0.5317739,1,112.34714674,1.7966701926683728,1.3389716,1.5155373994623889,1.1500247157661636,0.8299745859455484,1.5155373994623889,1.0139017,18.722539017740704,13.476440719938202,17.621373387843988,17.362519819140406,17.581204044395626,16.766869859729386,48.32061298292417,0.045341503,5445.633266779281,0.05369135,0.03195347,0.62689984,30.473007,23.061228,0.4284883237762819,0.8542574,0.12850066,1.0,0.7723780323375499,30.473007,23.061228,5156,8,34.92571995464853,0.0,0.7723780323375499,-0.2997923872194739
125.27943,36.246307,24.965338,21.210876,17.027344,14.504946,13.158442,13.898458,11.576337,11.222435,10.537857,8.92218,10.025415,0.0,-1.136454e-09,-4.545816e-09,3.030544e-09,2.841135e-09,-9.47045e-10,-1.136454e-09,-5.68227e-10,1.89409e-09,4.735225e-10,-5.68227e-10,-4.2617024e-10,3.78818e-10,0.122098655,1187.49105167756,769.0085075069289,0.0963695550935974,0.42608407,0.3495203,0.42802784,0.29676467,0.3764463,0.25486588,0.23912255,0.26365918,0.3226668,0.44037935,0.2787628,0.36220154,0.0735747796711379,0.0730440032019469,-0.0881250019924666,0.0312959148060216,-0.0059133718650109,0.0202303960671347,0.44037956,1,95.703125,1.5397662379580892,1.3666112,1.0617705205321168,1.269793855280533,1.149861264062407,1.0617705205321168,0.97384036,17.15245884468504,16.521744659324494,17.889108032320568,17.755096450944237,18.204812198441648,18.59523527739716,43.98536003469712,0.10410744,6096.055150567124,0.18987648,0.11348945,0.62589705,107.36986,69.665115,0.4121561227530043,0.32894215,0.42465764,1.0,0.1328648615599443,107.36986,69.665115,4150,8,29.225215419501133,0.4453617714151233,0.1328648615599443,1.7464346350823429e-15
84.24087,27.889093,21.704605,19.201506,12.436235,10.142407,9.957943,10.282573,8.814706,9.627772,10.201555,8.547677,8.249299,0.0,-4.075096e-09,4.0750958e-10,2.4450575e-09,6.112644e-10,0.0,-4.0750958e-10,5.0938698e-11,0.0,-2.0375479e-10,-9.678353e-10,-9.678353e-10,0.0,0.08050481,704.04534033468,517.4846451948845,0.0477620297654717,0.3422229,0.4874422,0.35800958,0.5461457,0.30102882,0.43292123,0.3910149,0.25050148,0.3097374,0.23693801,0.3188302,0.2408275,-0.2286124171624027,-0.1250050505378763,-0.0337507695193146,-0.0294516079601412,0.0183058048710739,0.0131274161536147,0.5461459,1,107.66601562,1.7714280348557694,1.3242109,1.1686346267207988,0.7644351338520775,0.7119241093684073,1.1686346267207988,1.1810797,21.37650997441817,16.710486911834103,19.430764077416804,18.839676271614536,19.557165072233804,19.39138693896837,48.62398172890652,0.025139246,4638.375249747957,0.14856115,0.09007545,0.62253875,88.28627,50.185287,0.4604700854700854,0.70215106,0.24295208,1.0,0.455663974207608,88.28627,50.185287,4310,8,27.16734693877551,0.3142696805273545,0.455663974207608,-1.1522549137763105
120.46264,39.015427,28.343128,23.329485,18.519257,17.142256,14.019091,13.712944,12.660802,12.577745,10.94181,10.58771,9.663488,1.3510826e-08,0.0,-3.3777066e-09,2.1110666e-10,2.5332798e-09,-1.6888533e-09,2.6388333e-10,-1.2666399e-09,1.0555333e-09,-6.3331995e-10,-6.3331995e-10,-1.5832999e-09,3.1665998e-10,0.16028199,969.5735834841446,623.3499561885176,0.0646654444705033,0.45134524,0.3955514,0.44029558,0.43184766,0.47556162,0.44741398,0.47073415,0.4562558,0.46214968,0.5291141,0.4941215,0.53277075,0.1744242179200343,-0.0225418236175385,-0.0264825075667401,0.0579364002500843,0.0055182542606437,-0.0181135181909749,0.53277075,1,86.1328125,1.3634040499778617,1.8502948,1.452613366995864,1.243241277213311,0.9659898289557944,1.452613366995864,0.8267323,19.87514562083588,15.716283525294898,18.13658008773753,17.30884432006855,17.89745467540214,17.71138448187525,46.91223994411567,0.031361416,4926.820708096984,0.18976326,0.116310336,0.61999017,100.230316,86.07703,0.400597741864069,0.5601947,0.3391506,1.0,0.2802519624077674,100.230316,86.07703,3619,8,26.22113378684807,0.3142696805273545,0.2802519624077674,1.7464346350823429e-15
120.575714,31.643854,38.182472,24.691679,20.92547,19.2012,15.137512,14.60077,14.11627,13.024609,10.944597,10.6765375,9.685664,6.0749906e-05,0.001291937,-0.0024602516,-4.3320677e-05,-0.0017086345,0.00067894737,0.0027750428,0.0007431834,0.002001004,0.00067606097,0.0019145428,0.0014851586,0.00060755253,0.173388,1063.9078214905678,577.1718438721542,0.0718026962701645,0.5199116,0.45847267,0.46162438,0.51920503,0.61957276,0.6872839,0.6349456,0.57913584,0.59119743,0.59404796,0.59315836,0.5494093,-0.0953186634384672,0.003345956955175,0.1798917346415933,0.0294174269857098,0.01598559062049,0.0552542411790695,0.6872849,1,184.5703125,3.0538302277432714,2.0767603,1.5500687863285847,0.6750065729009379,0.4770451652743596,1.5500687863285847,0.83080584,22.62701539999836,15.614407434592373,18.005750860575887,16.43012512533902,17.493065263292973,17.233300497868438,48.0724909823995,0.02155919,5844.539461913932,0.31294063,0.12661469,0.7119466,108.83592,82.10309,0.3669871794871794,0.5051177,0.3521286,1.0,0.1959722793501684,108.83592,82.10309,2748,8,21.735,0.3142696805273545,0.1959722793501684,-0.5093286312292405
94.327805,37.0114,30.61963,21.883068,18.946545,19.551186,15.756577,13.613831,13.368769,14.147072,13.264508,11.847801,10.491429,0.014656214,-0.0044981204,0.00092084985,0.0024768398,-0.0029220304,-0.00024262967,-0.0038100146,-0.00067270343,-0.0014410199,0.00043462124,-0.001432696,-0.00020747354,-0.0012895955,0.10469515,1300.811437621024,660.6195558566571,0.0979653020374428,0.48813814,0.50807035,0.4924658,0.40030277,0.4065895,0.35868064,0.4217728,0.46741176,0.4695721,0.5671009,0.4883223,0.524528,0.0839609430244007,0.0194145830621436,-0.0035448815190302,-0.0145679350689839,0.0271023428210624,0.0109592801327679,0.56710136,1,71.77734375,1.198246982405892,1.9641165,1.7559563171135408,1.2221051113736054,1.8089140922348703,1.7559563171135408,0.78164774,22.090696753856303,16.714724044573316,21.06728064290965,17.002275835754062,17.81861816353239,17.607297222099355,46.75744378248046,0.026863769,5651.647353576642,0.14708453,0.041050937,0.781797,45.138252,43.806602,0.2992114268710013,0.82031417,0.14035127,1.0,0.6608992432137861,45.138252,43.806602,2011,8,19.50766439909297,0.0,0.6608992432137861,-1.2334817474768982
81.58628,34.997704,22.774635,18.321156,17.048717,13.713627,12.827943,14.105593,12.138268,11.259153,10.390352,10.556373,8.980893,0.0030277914,0.003112857,0.0015673399,0.0011195831,0.0009323108,0.00087203813,0.00071814255,0.0004182702,0.00045445163,0.0005587871,0.00045678034,0.00031769296,0.00032996206,0.10518637,915.6158888748736,624.1782117600729,0.0507423739637025,0.5758598,0.30281636,0.37231007,0.39917976,0.33049622,0.4854817,0.32867458,0.46389252,0.34832582,0.33406726,0.32831052,0.32901445,-0.0955947090302758,0.1532644587544557,0.0186198052258683,0.066801354212941,-0.0020567623428705,-0.000771488705624,0.57585955,0,123.046875,2.022844495831517,1.5104454,1.7435782406104952,1.3841541345878952,1.2118131358660198,1.7435782406104952,1.0070158,21.830512216079228,16.018971380141025,19.64108097435888,19.88991282894165,20.338627581348376,19.95513953821272,46.88543520566569,0.01966445,5630.4117093642735,0.20401385,0.121829525,0.62610817,110.872795,68.76054,0.3887314734088927,0.6287268,0.26272544,1.0,0.3018376776114569,110.872795,68.76054,3567,8,26.63328798185941,0.4453617714151233,0.3018376776114569,-0.5622963926649579
95.542496,43.01592,37.980206,20.821672,18.02751,19.265152,18.146461,18.346046,13.517059,14.984101,12.926726,12.546677,13.028221,-0.017356653,-0.011732898,0.0005480221,-0.0010511669,-0.0002700461,0.0008258128,0.0017483372,0.0022935723,0.00018122462,0.0003860816,0.000845365,0.00027198813,0.0008150079,0.09948306,1273.688030942639,924.2442870242538,0.0692574339685785,0.3347136,0.43406165,0.33167428,0.41560087,0.3696069,0.2795182,0.28159055,0.28448707,0.4333603,0.349134,0.44955122,0.4523774,-0.10165710929163,-0.2308864599331302,-0.0266083675438119,0.1172308158226369,0.014066728976174,-0.0546394498146404,0.45237744,1,80.74951172,1.2230338935045315,1.5352066,1.4088815427620685,0.998919761691961,0.7170960545186665,1.4088815427620685,0.7777359,23.562214411849297,18.05488358830556,21.446278031737563,21.4261484028214,21.827071845104086,22.07673522758852,46.74096666717634,0.014671384,5399.228222396651,0.14808449,0.05276341,0.73729306,50.170834,51.49489,0.3465861027190332,0.7510016,0.20911938,1.0,0.5156291720093693,50.170834,51.49489,2868,8,24.01814058956916,0.4,0.5156291720093693,-0.0708026904268766
89.98675,48.341923,22.274801,19.833227,14.525405,12.936819,11.95479,11.036853,10.357078,9.419286,9.295557,9.600169,9.612106,9.2142445e-09,-2.3035611e-09,-2.5915063e-09,-1.1517806e-09,1.4397257e-09,-1.8716435e-09,-2.015616e-09,-8.6383545e-10,2.3755475e-09,-4.3191772e-10,1.7276709e-09,-5.758903e-10,0.0,0.085268624,939.685461971308,744.7388651986299,0.0594744980586545,0.23027621,0.3818775,0.52088296,0.31230578,0.35804754,0.2610143,0.4096428,0.30224088,0.27857086,0.44098446,0.29933435,0.3178972,0.2391460635442925,-0.0335160861491842,0.002161830007579,-0.11550188471586,-0.011292026802551,0.0120630305443057,0.5208834,0,151.99908088,2.2497916613832505,1.4124401,1.3533069015694177,0.6619002225209244,0.4687772956416007,1.3533069015694177,0.83435124,21.356294981900664,15.564238177054785,19.255461256500663,18.77479746843996,19.313157126371152,19.252332767225063,49.020467367166496,0.018665548,4301.665297798489,0.17523071,0.070371486,0.7134708,74.48071,45.626705,0.4158236448739242,0.75094384,0.20809987,1.0,0.530822216898294,74.48071,45.626705,2754,8,19.22400226757369,0.0,0.530822216898294,-0.8327639850460257
127.7686,52.939976,25.661797,16.887928,14.542648,12.806687,14.467725,11.776834,11.631952,10.330719,12.216268,9.698307,8.880597,0.0,-3.8247374e-09,-4.5418753e-09,-1.9123687e-09,1.6733225e-09,-5.976152e-10,-1.1952304e-09,-1.0757073e-09,-1.0757073e-09,-6.573767e-10,3.5856912e-10,1.2549919e-09,4.780922e-10,0.1016113,1174.0185205572384,819.8362885398031,0.072385790573866,0.2724861,0.33597398,0.21496584,0.3040755,0.25940573,0.48323527,0.22399881,0.1787525,0.26271605,0.18042442,0.21487184,0.14042704,-0.3024549700185366,-0.0151641338226805,-0.1640840925455219,0.0314785061824126,-0.0030106493802276,-0.0296676027443184,0.48323575,1,112.34714674,1.7112117622260623,1.3205444,1.51416753897205,1.5563915002022617,1.262955613594536,1.51416753897205,0.9869034,17.976474883659847,18.877172518302093,22.51166016000971,21.747034818409613,21.742526736315384,21.46234656302124,48.92970703083302,0.030322883,3850.828404420001,0.18798152,0.0590574,0.7609358,73.775085,47.6802,0.4818250188017047,0.70488995,0.23079489,1.0,0.4360748726278771,73.775085,47.6802,3844,8,23.15610544217687,0.3142696805273545,0.4360748726278771,-0.3165438426392705
103.24855,45.20523,39.226685,25.860039,26.041302,18.62519,18.416735,17.796112,18.953503,16.394918,12.582623,12.591154,11.489713,-5.110966e-09,-1.2777415e-09,2.8749183e-09,3.6735068e-09,9.583061e-10,3.992942e-10,-2.3957653e-10,1.2777415e-09,3.1943537e-10,-4.7915305e-10,1.0780944e-09,3.1943537e-10,1.5971768e-09,0.16598845,1328.2582153082794,775.777292530317,0.0792843929812128,0.3502542,0.34990484,0.36838236,0.35916474,0.43048248,0.39004394,0.35038403,0.43918544,0.5010678,0.62208253,0.5261753,0.38128746,0.1859089381541067,0.0793359245036007,-0.2782585684197119,-0.0818157007168531,-0.0204339503770007,0.0432078621567964,0.62208134,1,143.5546875,2.2828498688448766,2.4267933,1.611494496206173,0.9108273373562904,0.6044138111586894,1.611494496206173,0.806233,20.72380200595402,14.388019350460889,18.45391436425229,18.97307282787116,19.47103856770429,23.82641716452381,49.83831187698952,0.016430004,4570.187052361152,0.21016529,0.11348315,0.64936084,88.50872,76.06805,0.3990453060882673,0.59821326,0.34111,1.0,0.3185382337413167,88.50872,76.06805,4765,8,34.66062358276644,0.0,0.3185382337413167,1.7464346350823429e-15
95.106606,41.189945,29.550653,19.683662,19.099216,15.980904,14.914218,13.448984,12.482899,11.326316,11.49119,9.772164,9.630926,0.0,-2.9089546e-09,-1.0578016e-09,-3.2395175e-09,-3.173405e-09,-9.2557645e-10,0.0,-9.2557645e-10,1.4544773e-09,0.0,-2.644504e-10,-9.916891e-10,1.0578016e-09,0.11383468,1169.0202802666208,671.6011778170566,0.0533582279144998,0.3925108,0.43700716,0.48650807,0.5979841,0.6637091,0.6921716,0.6075843,0.5070268,0.48197016,0.45683107,0.48758727,0.39933395,-0.1137616020536299,-0.1081294929773744,0.1304874934002014,0.0262038716165898,0.0601641804089599,0.0670526348047751,0.6921718,1,129.19921875,2.0870367421485025,2.0458233,1.5613117947175792,1.2315411455708998,0.831336979245466,1.5613117947175792,0.88203907,23.33120414934679,14.707172173784786,18.24135885288094,17.479843589545965,17.797192138125514,17.467676687189645,45.35005932779344,0.024813205,5537.7636346403815,0.27009988,0.10195885,0.72595835,84.11715,58.457905,0.4311564059900166,0.5791504,0.32743567,1.0,0.2791978109446759,84.11715,58.457905,6219,8,41.86557823129252,0.0,0.2791978109446759,-0.7128255234101672
91.362045,30.926085,30.311794,20.198439,15.306871,17.933947,14.642487,13.808613,12.448204,11.707357,9.672291,10.404005,8.51916,-3.1792455e-09,-3.974057e-10,-2.1857314e-09,5.9610855e-10,-4.9675714e-10,2.7818399e-09,-3.974057e-10,3.974057e-10,2.9805428e-10,-1.2915685e-09,5.4643284e-10,-1.7386499e-09,4.9675714e-10,0.111290604,739.1440533714791,597.6995981087581,0.0509682269373972,0.39975798,0.35537297,0.40748274,0.39378688,0.5621758,0.33956903,0.3887928,0.3729649,0.34622917,0.44232062,0.39366832,0.56067145,0.1491157224519,-0.0495906508835704,0.0609997013231192,0.055686632436412,-0.008487878601246,-0.0041043461173126,0.56217444,0,112.34714674,1.772372418081892,1.4448423,1.254510153946426,0.8046883241918668,0.5483643360733563,1.254510153946426,0.90781915,18.26457028231607,14.496911291855978,17.37061510775429,18.7295007961774,18.816345200405983,20.484075600914743,47.03765034293973,0.018209621,4773.102880589775,0.20300771,0.092719294,0.6864676,101.646,63.10939,0.427276515940821,0.6635805,0.2593793,1.0,0.3850981825087455,101.646,63.10939,4101,8,27.85814058956916,0.0,0.3850981825087455,1.7464346350823429e-15
69.83312,36.88232,27.03088,20.22277,17.665464,16.13377,13.65037,13.399942,11.764095,11.598811,11.806336,9.850936,9.500765,0.0037821634,0.0035593165,5.094796e-05,-0.0018429132,-0.0012714993,-0.0004051301,-0.000915224,-0.0017133931,-0.0011754106,0.000209195,0.000888582,0.0005303348,-6.609829e-05,0.14494261,1158.425828900758,526.8885139220163,0.1113737880003322,0.45728707,0.4464882,0.42907062,0.57943004,0.46229032,0.54754895,0.5093119,0.48382205,0.5404618,0.51409936,0.5939462,0.43160763,-0.1906494572734474,0.0237119742028819,0.0807923247894425,-0.0361745668240683,-0.0020478164922797,0.02127879809058,0.5939466,0,151.99908088,2.4584748961872407,1.6466877,1.4488941044742274,0.9062143594566562,0.6118619125260208,1.4488941044742274,0.89881873,20.491787733779653,15.061485882335075,17.751915375245947,17.758714988149507,18.21346761946573,18.86706925427468,47.69919662278495,0.03985808,6285.259349727286,0.18441053,0.08237572,0.6912269,72.28117,64.01734,0.2468770545693622,0.5690251,0.30246136,1.0,0.248429676989408,72.28117,64.01734,2253,8,26.49,0.3142696805273545,0.248429676989408,-0.1221480668863631
127.21199,42.97966,23.104868,19.135603,14.026346,13.118057,12.068729,12.342565,11.208152,11.223423,9.861528,10.993799,9.935695,0.0012755037,0.0016821839,0.0013531095,0.0008960313,0.0004224428,0.00010225143,7.655546e-05,0.00026986867,0.00040459915,0.00030785953,0.00011359944,5.558839e-05,0.00015416188,0.11858311,891.0633047541542,782.3978014149855,0.0512355235960998,0.23073488,0.37313166,0.5520267,0.3069909,0.33508843,0.2497897,0.39779124,0.30728734,0.30579522,0.46168894,0.30185053,0.3368716,0.2549881838381682,-0.042514309839323,-0.0130730028404344,-0.1246992176491661,-0.0229863648269422,0.0100925190361412,0.55202657,0,103.359375,1.4834246001913614,1.2793719,1.337935177737471,1.2888871637698545,1.7168411431733972,1.337935177737471,0.80043644,24.476797104844653,15.936328531702074,19.42633619391856,19.17658023681071,19.9034940998624,19.692681681468816,46.63261856060091,0.011402974,3787.7330440518735,0.13992569,0.054619644,0.71924096,58.390953,51.689133,0.4230727173318753,0.7209437,0.24572134,1.0,0.4941356603561468,58.390953,51.689133,3869,8,26.54331065759637,0.0,0.4941356603561468,-0.0281921842921892
91.516655,47.02133,32.40293,19.509457,20.205385,16.704369,15.751811,14.05834,12.934527,13.132534,12.909,11.684265,9.200332,0.012842823,0.00035594605,-0.002522304,0.0023664366,-0.0012632069,-0.0012470557,-0.0026712285,-0.00096929463,-0.0003923039,0.00016087147,0.00060191704,0.0011622785,-0.00067728315,0.13161963,1253.1085938604372,823.9829783361254,0.0676676023025119,0.62098205,0.5851545,0.54253465,0.6307358,0.6831554,0.6990878,0.6315159,0.493672,0.48918602,0.49548203,0.5185269,0.57963175,-0.1524151545268129,-0.2763794936906803,-0.3690291634717594,-0.0450865387801167,0.1056580988409336,-0.1018761131726168,0.699087,1,135.99917763,2.076806392766497,2.100873,1.759550641163896,1.0606085014930964,0.7005723056209581,1.759550641163896,0.8249866,21.4822793570904,15.436964516981645,19.21408873011082,19.59247326419203,18.69603014488564,18.002007736267192,46.81480233636048,0.01623516,5135.935335454253,0.25656694,0.07963011,0.7631422,66.70292,61.722878,0.3516814720812182,0.67520064,0.30822474,1.0,0.4386105711452147,66.70292,61.722878,2217,8,18.297324263038547,0.3142696805273545,0.4386105711452147,-0.3811162337978636
84.47264,40.93421,32.987556,20.961174,18.381783,16.596426,14.807706,17.107569,15.41897,13.105181,11.426292,11.104048,10.628323,-0.0126853725,-0.0026884272,0.0047163516,0.002515,0.0010772834,-0.0012074445,-0.0019017713,-0.002284369,-0.0014876948,-0.0008474873,-0.00013606918,-0.00043648377,-0.0006920836,0.13918975,1170.2585611128322,746.1622688892219,0.0613062661598277,0.39682037,0.48687324,0.47758162,0.6139864,0.57235295,0.5010532,0.47768995,0.43538836,0.48950005,0.41457066,0.44738314,0.42670816,-0.0500194676938839,-0.1035086015780239,0.0536508576537048,0.0489787147978854,0.0247886593304046,0.0083819783501025,0.6139861,1,129.19921875,2.1057817610384304,1.844022,1.5638600137362448,1.1058210186167596,0.7972253242640086,1.5638600137362448,0.897436,24.42151392566048,15.52917018833348,19.307023420540425,19.12342614067387,18.93081436811738,18.71335437746722,45.57297446914056,0.014770765,5543.361558533713,0.23129074,0.09464495,0.70961857,86.8577,77.014656,0.292886345053148,0.718608,0.2349907,1.0,0.4522569648663018,86.8577,77.014656,1791,8,17.74875283446712,0.3142696805273545,0.4522569648663018,-0.0141026048972316
83.195854,34.361343,24.133768,18.211702,17.389957,13.5746765,12.575468,11.270357,12.551615,11.481309,10.895236,10.127152,9.458461,-0.014617414,0.0028029704,0.00722143,0.0020844585,-0.0017760235,-0.0048356247,-0.005036532,-0.002839796,-0.0020097236,-0.0026369859,-0.0028435914,-0.002601739,-0.00062428816,0.09690317,942.6100970324372,471.27499480676937,0.059200609489145,0.4646939,0.33162752,0.3975469,0.385266,0.30268836,0.42936343,0.32265103,0.41370696,0.36285177,0.41982046,0.59228843,0.4467045,-0.1203935339564065,0.1370775044892602,0.0898956932831284,0.0501167394055515,-0.0039365767615716,0.0018312525692496,0.5922884,0,103.359375,1.7042600851816136,1.8782629,1.3131237223837604,0.8009751362639786,0.7330221456944904,1.3131237223837604,0.7332799,24.32815731491431,15.981386719418378,19.30232078413872,17.26055103456825,17.673649548026614,19.13205104598113,46.54812801162861,0.021949051,5735.697802734375,0.16924565,0.08674224,0.6611445,80.26593,64.97449,0.3521931704529218,0.65833074,0.30072173,1.0,0.4198077551020408,80.26593,64.97449,2465,8,20.31673469387755,0.4,0.4198077551020408,-0.4584566238049091
97.18947,40.417023,31.323359,19.618141,18.2057,16.400858,16.329079,14.116485,12.133388,13.2672205,10.935154,11.249464,10.6245575,4.4609823e-09,1.1152456e-09,1.6728683e-09,-1.1152456e-09,-5.576228e-10,1.3940569e-09,-2.3001938e-09,-1.394057e-10,-2.788114e-10,6.9702843e-10,-9.758399e-10,5.576228e-10,-2.0910854e-10,0.110902,1113.2857805891836,694.2836576556095,0.0709527436632886,0.3377487,0.432178,0.3552935,0.4062964,0.30294093,0.38309819,0.4573458,0.3558127,0.4808856,0.38362467,0.48824662,0.37206623,-0.1550085385370347,-0.1108847437366308,-0.0323795513915315,-0.061779851145349,0.0088117253870605,0.0081109652771887,0.4882469,0,123.046875,2.0084111738581467,1.7933713,1.698553099023986,1.5331880551185213,1.395691579811899,1.698553099023986,0.9165952,20.58932223851919,16.30460513363595,20.924945268519306,19.927270675116603,19.740741569352608,19.52600681169168,49.34688628708953,0.018778287,5241.469967098651,0.17470112,0.12099152,0.5908179,110.779625,73.48434,0.4192982456140351,0.6276128,0.30018783,1.0,0.3435951719001837,110.779625,73.48434,2868,8,19.85400226757369,0.0,0.3435951719001837,-0.8815950747835761
24.024385,17.289726,15.813456,11.402695,10.18648,9.492284,7.8017287,7.4301453,8.585627,7.4320955,8.776243,7.01195,7.24731,0.003642839,0.0013529911,-0.0027461988,0.0017549668,-0.00045049938,-0.00021109183,0.0010899447,0.0018264392,0.00061469205,0.0018138983,-0.0002484299,-0.00049657555,0.0022049919,0.01982879,458.2185735058175,314.5422287371219,0.0313318019615679,0.41757846,0.34693852,0.2695401,0.3200732,0.3272274,0.31886026,0.28105268,0.31403774,0.4708226,0.38068524,0.40588555,0.423393,-0.0540821028084605,-0.0431637833365986,-0.0398184537888038,0.0937027486549727,0.016135993815706,-0.0122156822588753,0.47082314,0,123.046875,2.0610256706753005,1.0403584,1.092080650456069,1.0910531753805384,0.80630908843232,1.092080650456069,1.8011506,24.80469110483753,17.232845401301198,20.484822801012044,19.392151560077373,18.32697735888941,16.86230169923713,49.307504002666654,0.022434888,6053.750569701607,0.10358981,0.030795112,0.7708382,38.829025,13.8547125,0.4226626099827317,0.9162414,0.04944946,1.0,0.9710168143103244,38.829025,13.8547125,5140,8,35.29795918367347,0.4453617714151233,0.9710168143103244,-0.7015025389408401
94.37864,35.92588,27.054495,16.246645,14.815769,12.03489,11.368412,10.38041,9.299147,9.248026,8.6571455,9.919746,9.355221,8.077707e-09,5.048567e-09,8.834992e-10,-2.776712e-09,5.048567e-10,1.7669984e-09,6.94178e-10,2.2718551e-09,-5.048567e-10,-1.9563198e-09,1.5461237e-09,-3.7864253e-10,5.3641025e-10,0.09539334,1052.5695851087037,562.5079032794004,0.0716555169451945,0.3637089,0.36268622,0.4317278,0.47746634,0.42783338,0.51166093,0.48952624,0.4345082,0.46113104,0.42641687,0.5039202,0.43377456,-0.1197814974574926,0.0376042224010091,0.0798930094361268,-0.0747558666344663,0.0030231355893099,0.0221782487158244,0.51166034,1,123.046875,2.0236365610522835,2.0245702,1.7051493019363584,0.7101309165660998,0.4953500785722524,1.7051493019363584,0.8379837,21.64633923526544,15.81629632873353,18.090326396066203,17.67730867776764,17.271002471896406,17.320285907232076,47.69751970634584,0.037035175,5422.995856200784,0.13021214,0.11851251,0.52351713,97.247025,62.686176,0.399867637326274,0.60680413,0.32588667,1.0,0.3540231526255625,97.247025,62.686176,3021,8,21.928344671201813,0.3142696805273545,0.3540231526255625,1.7464346350823429e-15
91.524284,44.748634,32.447933,23.689867,23.02349,16.818886,17.538927,17.208138,15.744426,14.7194,15.016448,12.945964,11.620623,2.2447649e-08,-6.5472308e-09,1.8706374e-09,1.8706374e-09,1.6368077e-09,-1.6368077e-09,7.0148903e-10,-3.741275e-09,1.0522335e-09,-1.1691483e-09,2.3382968e-10,1.1691484e-10,1.6368077e-09,0.14215311,1097.5542748713362,615.8615212533333,0.0769363833426596,0.4155732,0.33494592,0.45854676,0.34299794,0.29250088,0.35161036,0.3028081,0.4811924,0.33627865,0.4202708,0.45000324,0.30561772,0.0259062839608062,0.1655170239974094,0.0170627719366402,-0.031134279386471,0.0157411167938286,0.0006102989247422,0.48119238,1,135.99917763,2.2650475184794088,1.9342262,1.536569310549802,0.7980140822609679,0.5466840384123488,1.536569310549802,0.7750962,21.70713151519963,17.593270791397533,20.244509841580005,20.124260700679475,20.73809293162742,19.752146283709585,47.879130448457225,0.030217143,5231.512421989932,0.12688851,0.14886948,0.46014276,114.630974,88.40333,0.3820500245218244,0.5196006,0.34529793,1.0,0.2274923854370844,114.630974,88.40333,3116,8,23.675,0.3142696805273545,0.2274923854370844,-1.0227548407896343
117.06889,45.5807,30.269426,21.98963,21.346619,15.89059,16.502422,15.825288,14.990446,13.844732,14.465219,12.39142,11.047086,1.437305e-08,-4.491578e-09,2.9195257e-09,2.02121e-09,1.9089206e-09,3.1441048e-09,2.2457891e-10,2.02121e-09,-4.4915782e-10,1.6843418e-10,-6.7373673e-10,-1.3474735e-09,1.1228946e-09,0.13913636,1172.3013371094594,772.4421207143307,0.0783756410201453,0.40052485,0.3231936,0.4394841,0.33175912,0.2813853,0.33840358,0.29083335,0.46071833,0.32446453,0.40294674,0.43315533,0.29588997,0.0219063203354158,0.1521910829225279,0.014152255526704,-0.0293291483008528,0.0143394717805122,0.0004575279732996,0.4607179,1,135.99917763,2.1756345126295336,1.8483546,1.475587523141398,0.7710633993654509,0.5337084843489462,1.475587523141398,0.75845873,20.091588309248387,16.750688160663945,19.719845161033145,19.635374255877625,20.281251017441203,19.805024016616947,46.26584403315152,0.06886709,5028.484656826762,0.11511608,0.1360513,0.45832232,104.623055,84.65834,0.3829486575600565,0.5444375,0.33967713,1.0,0.2495823816453854,104.623055,84.65834,3252,8,24.647981859410432,0.3142696805273545,0.2495823816453854,1.7464346350823429e-15
113.345024,36.00853,29.74374,21.340292,21.175243,18.222662,14.588256,13.970151,11.919053,11.664237,10.4401,9.881375,9.577744,8.810773e-09,0.0,-1.8355776e-09,6.4245215e-10,3.3040395e-09,-2.110914e-09,2.0191353e-09,-3.671155e-10,0.0,2.0191353e-09,1.3766832e-10,9.177888e-10,2.7533664e-10,0.13588922,1052.4593356617645,592.5050208559021,0.0785216201251056,0.37645832,0.48243737,0.46965617,0.3007057,0.344603,0.30365112,0.42107436,0.31594273,0.32027233,0.357119,0.42543182,0.51580715,0.0603234284589603,-0.1132279843912132,-0.0042528887675715,-0.070560074286952,-0.0075356716772897,-0.0257403766418209,0.5158074,1,69.83741554,1.1315029488455743,1.7983336,1.6081257116047198,1.0961324838025626,1.7554906450460763,1.6081257116047198,0.8640291,20.04778152564866,14.692400876410902,18.70918786472773,19.198376852606906,18.4799022447485,16.81096042712385,49.123096710669536,0.039423954,5671.075017123442,0.15281524,0.121301025,0.5574812,106.622055,77.87229,0.4157844080846968,0.49007472,0.3549926,1.0,0.198985234079287,106.622055,77.87229,4320,8,30.159002267573698,0.0,0.198985234079287,-0.8874264118034181
116.616005,42.424103,26.127031,18.72936,19.817339,16.167955,14.519658,15.601047,13.825744,12.1929,13.704198,11.554218,10.181342,0.0,-8.171141e-09,-1.1235319e-09,1.6342282e-09,-4.0855705e-10,1.4299497e-09,-1.0213926e-10,3.064178e-10,-2.4513425e-09,-4.0855705e-10,-8.171141e-10,-6.128356e-10,-6.128356e-10,0.122807726,1093.649658893743,805.7771268197683,0.0679461852613442,0.27846372,0.28708944,0.30409357,0.4345618,0.28221813,0.3609797,0.41521037,0.3121207,0.4560345,0.33248928,0.43996906,0.32979742,-0.2088164170116342,-0.0587697024774635,0.0517859703636395,-0.074625654418555,-0.0105733995699242,0.0293336346486727,0.45603475,0,117.45383523,1.895918270003213,1.7629546,1.6067488610726417,1.1664509757648684,0.8910287218851427,1.6067488610726417,0.77442664,19.034712899337595,15.371490294388384,19.49972976983109,19.05848422039519,19.165209470672032,20.112457214509902,46.45945887792677,0.044563286,4379.990044020095,0.10752595,0.10839825,0.49797776,87.845856,77.38364,0.363324764353042,0.68677735,0.25318223,1.0,0.4036506420443533,87.845856,77.38364,3392,8,27.09768707482993,0.4,0.4036506420443533,1.7464346350823429e-15
87.355225,25.311718,24.354008,22.924503,19.576406,18.432087,10.89803,10.455065,8.943792,7.9870725,9.524634,8.688602,9.366592,-0.0014854912,-0.001647215,-0.00088412326,-0.0005840515,-0.00051316636,-0.00016755013,0.00014683651,-3.7461203e-05,-0.0003281366,-0.00010977533,0.00035436914,0.00040121024,8.7215114e-05,0.1794692,697.9579616978385,364.5829601722568,0.0576088673041596,0.31152648,0.3500972,0.34868655,0.479575,0.29467773,0.3453057,0.4373641,0.27545306,0.3219653,0.29126644,0.38790113,0.356351,-0.2079991086034107,-0.1444520369342257,0.1135355128795449,-0.0643646190483487,-0.0193666152932056,0.0035418128485854,0.47957444,1,143.5546875,2.381387394761459,1.1246411,1.4791727520031015,0.9276362113283736,0.6252070422173975,1.4791727520031015,1.2023283,21.33703028736401,16.7168531143438,18.40038913732857,18.43757768126474,18.465401011185303,22.774667213184763,54.84585421704493,0.0008934614,3366.120576035875,0.3646746,0.13344763,0.73209715,143.22641,94.96834,0.4578526140733811,0.78653795,0.21691023,1.0,0.6291334584046874,143.22641,94.96834,4405,8,27.924897959183674,0.4865042554105199,0.6291334584046874,-0.5420501923394072
131.5909,43.107788,22.673735,14.7459345,12.207341,9.909191,10.10366,9.022468,9.663504,12.64932,8.879116,7.9377847,8.488311,5.219628e-05,7.316964e-05,7.12633e-05,6.811988e-05,6.381785e-05,5.844e-05,5.2096686e-05,4.4919914e-05,3.7053178e-05,2.8656792e-05,1.9897676e-05,1.0948896e-05,1.9816478e-06,0.10013447,952.3825675263544,747.4485451816475,0.0510753508986199,0.20884262,0.35750222,0.6956655,0.28090683,0.22514401,0.20020823,0.29416484,0.2493966,0.28745446,0.5245272,0.26622394,0.22957966,0.2450544842232456,0.0016715491042134,-0.023539897371822,-0.165390380155533,-0.0372343843569082,-0.0065221462252353,0.69566673,0,99.38401442,1.5381293973043997,1.2876492,1.5642107215255074,0.9222257375171584,0.9903412792333052,1.5642107215255074,0.93777066,20.817154045108985,16.353042564198475,20.30659434496624,21.06613455420323,20.935464363631795,21.15604955623497,47.41973457876661,0.018056544,3897.246116927907,0.14548889,0.054079965,0.72901237,62.75957,45.239307,0.439002335920428,0.70311403,0.2685549,1.0,0.4794783513202322,62.75957,45.239307,5826,8,38.52081632653061,0.4453617714151233,0.4794783513202322,-0.2072131789528827
80.981995,36.11134,23.488108,21.84793,15.815895,15.631222,11.990246,12.72786,12.731956,12.489814,11.5021305,12.3292265,9.601982,-9.384249e-09,2.3460622e-09,-3.8123513e-09,1.955052e-09,5.8651556e-10,3.910104e-10,-1.1730311e-09,2.7370726e-09,-8.7977337e-10,2.9325778e-10,2.9325778e-10,3.910104e-10,1.7106704e-10,0.1316986,908.2541256992168,653.2700141946265,0.0636117440346984,0.37169892,0.44457167,0.3032263,0.27400896,0.35815385,0.28573632,0.40077326,0.3519286,0.4907508,0.58828604,0.42066765,0.49224842,0.0832379362410914,-0.1517659522933086,-0.0534284969107508,0.0309183094286791,-0.0130458707210213,0.012529051061186,0.58828443,1,151.99908088,2.463460244746284,1.3815068,1.261129007488794,0.8311603150926385,0.5557647746017242,1.261129007488794,1.0079108,20.34312665264381,15.818709629340482,20.30792893778736,19.42356714454364,20.24679863141608,22.33762435560312,47.23003995896628,0.018400898,4543.490409147255,0.15961158,0.08605222,0.6497129,83.196075,70.03564,0.3670937980522809,0.71865076,0.22476214,1.0,0.4461969640196607,83.196075,70.03564,3581,8,28.31383219954649,0.3142696805273545,0.4461969640196607,-0.9661984750681606
126.10092,46.520203,30.310534,19.930277,20.49949,18.855654,16.179068,13.1146,14.6052265,13.881002,11.7769165,11.141264,9.918442,-0.00096036843,-0.0013008339,-0.0011871498,-0.0010411581,-0.00086128415,-0.0007323702,-0.0006541196,-0.0005935894,-0.00058480486,-0.00057177956,-0.0005112827,-0.00044470362,-0.00033961853,0.13039108,1041.1491429258326,968.9718746624458,0.063459394469702,0.41894457,0.2535746,0.38768062,0.28812853,0.42489237,0.31906593,0.2083934,0.30074838,0.22017448,0.2710563,0.20347692,0.30325374,0.1890871330669011,0.1121464295530453,0.0062954087269412,0.07780006536996,-0.0094792816350183,0.0133078896844127,0.42489102,0,103.359375,1.6399590939908528,1.5067604,1.2160471561796589,1.1792153031804915,1.0082564633402311,1.2160471561796589,0.75478643,18.130166712447554,17.59344612806641,21.30299625361705,19.91126590873753,20.31512185984452,21.40846193952212,45.12435157136626,0.0373016,3877.715167419136,0.15199764,0.072783224,0.6762007,71.93213,67.781944,0.3710669917566469,0.71135026,0.2772187,1.0,0.4949525744910486,71.93213,67.781944,3196,8,25.00062358276644,0.3142696805273545,0.4949525744910486,-0.7327817602367435
106.969124,38.714916,25.31813,21.56578,24.655193,18.380816,17.684761,17.23003,13.987099,15.175114,13.776196,13.808323,11.143092,0.0010128967,0.0010263672,0.00025573085,-9.0282534e-05,0.00017266283,0.00047744391,0.00027598423,-0.00030656898,-0.000710095,-0.00065166986,-0.0003832233,-0.00027928286,-0.00038801093,0.15101054,1169.7852489974136,883.5821120535488,0.0590762326597419,0.24069235,0.26036894,0.24353299,0.43072295,0.47588018,0.31699246,0.511906,0.29727426,0.3155232,0.24571879,0.2400446,0.33348662,0.0013954752416788,-0.2248881005696349,0.0429476960208363,0.0033775856870212,0.0054884784169331,0.021673727271164,0.5119056,0,103.359375,1.6672727938713998,1.641116,1.444079417308051,1.3120295537802769,1.3704153364744736,1.444079417308051,0.75716186,23.61213194734594,18.862727412140465,20.624035155822924,19.726996073826207,18.566407006010845,18.923052257278137,47.33733739949627,0.013467236,5192.45534182042,0.22827113,0.11719453,0.66076165,107.453064,94.31,0.3504353650368386,0.62399435,0.29252836,1.0,0.3118653656913753,107.453064,94.31,2616,8,21.66712018140589,0.4,0.3118653656913753,-0.0246485157908796
83.093376,43.73268,30.381685,20.958635,15.855663,15.003986,12.199394,11.380069,11.827984,10.192993,9.221575,9.291943,8.014701,0.04347473,-0.003123801,0.00048620574,0.0021471214,-0.0012607175,0.0022404527,-0.00037214367,-0.000275745,0.0042522284,0.0010574529,-0.00053084793,0.0010587657,0.00081428135,0.14025447,1158.841403289451,670.5187171616171,0.0777485711293192,0.56548536,0.50259864,0.48372266,0.48270515,0.5484613,0.5032211,0.44908366,0.4986214,0.4731422,0.5277328,0.4748857,0.49243844,0.0587258058325305,0.1605180019910964,-0.0498423466641986,0.0847083135462598,0.0071841929230984,0.0073984485506158,0.5654853,0,161.49902344,2.6604162222696246,1.6083485,0.9476235181602454,0.7118619976630652,0.4914299377007093,0.9476235181602454,0.74804395,22.2781695789089,14.263008783033207,16.642074181672097,15.943432278886824,16.16225674270134,17.07333624394577,47.06507015662093,0.032490082,5332.628801606402,0.22622696,0.11498263,0.6630127,104.21603,84.6627,0.3488054607508532,0.54087627,0.3203713,1.0,0.2252824055418774,104.21603,84.6627,3066,8,25.512925170068023,0.3142696805273545,0.2252824055418774,-0.4016521188319063
117.4026,41.306934,31.742693,20.03193,17.028114,17.65713,15.887192,16.48798,14.483527,14.260649,13.497211,12.926866,10.88689,0.011112454,0.0023152018,-0.0002787689,0.0014267635,0.00023378797,8.513743e-07,-0.0009269613,-0.0009404063,-0.00037458204,-0.00027832095,-0.00059407356,-0.00032543912,-0.00025456908,0.13642128,1134.9849913244368,741.6342669280159,0.0620767284100866,0.3567367,0.3363712,0.51005006,0.37700954,0.47829086,0.34627554,0.41980892,0.4289522,0.3077177,0.38787487,0.28706676,0.41329548,0.2219821211884179,-0.0293627644869942,0.0471215657608073,-0.002615337108905,-0.000365518776457,-0.0136284872834256,0.51005065,0,95.703125,1.5384845403983016,1.8886777,1.4479215355932518,1.175173239668513,1.0255616095714806,1.4479215355932518,0.70788515,23.090661739199223,18.96711049289883,22.93487285611221,19.645062053647724,19.44303646037889,17.607728631740393,46.71751951116452,0.018373238,4407.102369114996,0.15551797,0.078926444,0.663344,70.56703,65.92339,0.362358087699198,0.69467634,0.3027671,1.0,0.4954788805237887,70.56703,65.92339,3479,8,27.86833333333333,0.4,0.4954788805237887,-0.2549426735042872
87.853874,37.99082,27.16818,21.798409,18.080965,13.582387,13.446106,13.353369,13.315985,11.539864,13.092928,11.453952,12.812746,0.0041320683,0.0044875243,0.0017913391,7.675485e-05,-0.0001146074,4.5081466e-05,-0.00023223639,-0.00054898503,-0.00043015505,-0.00015250777,-0.0001967678,-0.0004942515,-0.0005896815,0.08837434,815.7477480710069,687.6417277131684,0.0438515963701221,0.550642,0.44217548,0.41611,0.39039886,0.44206312,0.43370697,0.31289366,0.3301804,0.3101642,0.36470997,0.3208393,0.36928055,0.1210474982692416,0.2145683098045777,-0.136531212010116,0.083745069540135,-0.0609160337983888,0.0335044421516339,0.5506426,0,151.99908088,2.2710471074631697,1.7835041,1.773961653303792,0.9470956754531948,0.6376857772807475,1.773961653303792,1.1427025,22.137324194324457,15.795678687807255,18.47680535113605,18.11231589159585,18.85546999339078,23.38245961336484,52.09521472284234,0.010954756,4284.053374499809,0.15124243,0.06158139,0.7106428,58.92269,42.050453,0.4199887069452286,0.80782634,0.1579915,1.0,0.6609494509767441,58.92269,42.050453,3719,8,25.704002267573696,0.0,0.6609494509767441,-0.0161384436810087
92.13499,37.70504,26.306776,18.398247,16.74954,11.76576,12.023209,11.666952,11.669432,10.405066,11.592094,10.280697,10.852194,0.0072926604,0.0079774195,0.0032186976,-4.7569367e-05,-0.0006352263,-0.00023478763,-0.00031275582,-0.0006759022,-0.0007292141,-0.0005713924,-0.00057268556,-0.00073618814,-0.0008112224,0.10415503,970.426657720971,695.7402910182697,0.0494924056172057,0.5510293,0.4400647,0.4165645,0.3901744,0.4421581,0.43148616,0.31083488,0.32934052,0.3087956,0.3638144,0.31899905,0.3701652,0.12387364881923,0.2220920422939545,-0.1421706170628155,0.0852851069289586,-0.0628465361531008,0.0349855751644303,0.55102795,0,151.99908088,2.4653529408651376,1.5738326,1.6731939228956063,0.9868361026710778,0.6530476839225486,1.6731939228956063,1.0119548,25.339830723409737,16.531844664460326,18.939939321003106,18.47419135155201,18.75972433340648,19.062906222331176,46.23690394191981,0.020029431,5141.9925155200335,0.17878748,0.072672844,0.71099395,68.79672,49.78734,0.4191508581752484,0.7324238,0.22407764,1.0,0.490563862234223,68.79672,49.78734,3712,8,25.70625850340136,0.0,0.490563862234223,-0.0092716494886966
109.20263,45.276447,35.67808,22.280937,19.860804,16.75357,13.971972,15.015116,12.764652,11.91211,11.787843,10.734108,10.816069,-0.011915747,-0.014740105,-0.009478057,-0.003570239,0.000633537,0.0022270822,0.0018878713,0.0009768571,0.00045499962,0.0004349871,0.0005130275,0.00037921895,0.000115585826,0.12946986,1223.5356191110852,816.9337030770612,0.0786813078891336,0.50348127,0.61718017,0.39978245,0.35938635,0.2930571,0.27995038,0.37743652,0.3629622,0.4698069,0.3716136,0.37247604,0.4282488,-0.0553250716467571,-0.2019800977762239,-0.0598252857178931,-0.0534578113028306,0.0140954329733549,0.0286526576470585,0.6171795,1,123.046875,1.8563030372296352,1.6590075,1.6182950395768545,1.0926347086547863,0.7648206201860738,1.6182950395768545,0.9273986,23.49364051032077,16.04654534377841,20.4746185461501,18.838241521104223,19.25629384843906,19.256974220977707,45.08387034793048,0.025032625,4418.705151250272,0.16991915,0.09654042,0.6376896,84.80908,71.740074,0.3280215952629746,0.6842012,0.2368434,1.0,0.390328578720062,84.80908,71.740074,3767,8,33.33238095238095,0.0,0.390328578720062,-0.0068809440264553
75.39461,42.96948,29.283876,17.52504,17.356007,12.882822,12.598677,14.600542,12.194969,11.355307,10.05788,11.110076,10.787061,0.0010532166,0.0013623488,0.0010343122,0.00063566596,0.00030386887,0.00011737283,7.129115e-05,0.000102549784,0.00014036142,0.00014639486,0.00012318461,9.468179e-05,8.0023914e-05,0.083317034,870.4563651915497,743.4964857355936,0.0475681742079248,0.455351,0.46541613,0.3165852,0.40085158,0.2819925,0.44099945,0.32473493,0.20180036,0.30357838,0.28323075,0.4669618,0.3548679,-0.2705560741594311,-0.0727750510432307,-0.0408760700500418,-0.0695552003847156,0.0271748438420388,-0.0116166144224955,0.46696234,0,123.046875,2.062257303858502,1.0377209,1.4950214136131788,1.5841109588633724,1.2326554031254116,1.4950214136131788,1.0884556,27.27136744678938,17.935392186016717,22.41852742430232,21.87674194568758,22.357365767760715,24.142092608062526,46.15890537503214,0.005874352,2927.8105459788467,0.15875594,0.032313302,0.83087736,39.456795,24.642103,0.418237944268313,0.8907688,0.09038006,1.0,0.8694954906134269,39.456795,24.642103,5013,8,34.79197278911565,0.3142696805273545,0.8694954906134269,-0.3232511778471039
92.98211,46.153404,30.222227,20.213654,20.653782,17.019258,15.364381,16.048061,14.861159,13.939949,12.723503,11.981522,10.875931,-0.026025359,0.004940302,-0.0009464134,-0.0074166497,-0.0014089221,-0.00044432151,0.0014240507,0.0030679414,0.0014359122,-0.0011678002,0.0030401736,0.0036489763,0.0006251482,0.12768345,1336.2367260915678,754.3309091850922,0.0841475267449161,0.44593698,0.4135166,0.47379535,0.48636237,0.39517638,0.3811332,0.44631514,0.58063626,0.48814335,0.37671843,0.37023652,0.40786853,-0.0110986983038737,0.084498838772123,0.0654042328833116,0.067866283606924,0.0258101737357865,0.0176452148974216,0.5806362,1,89.10290948,1.3707393448382046,2.1910527,1.55694669135573,1.1991925517460245,0.9334910935875286,1.55694669135573,0.8625714,21.192254689761565,15.77657315265866,18.630669374986454,18.64321285101219,16.77694513671202,17.50414132590778,45.663695392652514,0.023383072,5486.277826338852,0.17062786,0.118702725,0.58973116,109.03477,73.15826,0.4186175626908485,0.6444606,0.29943785,1.0,0.3649495487072383,109.03477,73.15826,4524,8,31.369931972789114,0.3142696805273545,0.3649495487072383,-0.5044551922867853
116.90461,47.518707,34.419052,21.542171,20.329584,18.857025,15.151174,17.121769,14.213684,15.197696,12.493831,11.759114,11.563294,-0.01809436,-0.019273352,-0.0070407093,0.00049427705,0.0018768595,0.0021929515,0.0032308735,0.0031262534,0.0019144343,0.0015554734,0.002414705,0.0032339022,0.003288089,0.13927968,1337.3239820527428,963.1031651532728,0.0853108219359228,0.5135728,0.37487602,0.33615434,0.36698884,0.2908173,0.32015625,0.3463363,0.555705,0.3960182,0.3239785,0.41869572,0.4141325,-0.0602781617859065,0.2322704325309071,0.0677795842244948,0.12889852657398,0.0356299784088562,0.0492873255079471,0.55570483,1,107.66601562,1.7185964300434355,1.8086576,1.2712356199567687,0.96166912922741,0.6692041809007998,1.2712356199567687,0.6457434,26.03557025959105,16.88519516599304,20.179586700702643,18.98911004544056,18.448562593544505,18.475466155298097,46.03789678709167,0.025413962,3935.897003632025,0.14777423,0.07877203,0.6522888,68.50968,69.52043,0.3878517316017316,0.7493332,0.2404769,1.0,0.5521294477070766,68.50968,69.52043,2867,8,21.45646258503401,0.4,0.5521294477070766,-0.01835005339767
120.58194,43.961346,32.224766,25.252886,21.88754,16.926136,15.256222,14.982105,16.17611,13.724173,11.815662,12.252691,10.437044,-3.3672711e-09,8.418178e-10,1.2627267e-09,-2.1045445e-09,-6.3136335e-10,-2.1045445e-10,9.47045e-10,-1.7888628e-09,-2.4991464e-10,0.0,-4.209089e-10,3.1568168e-10,-7.8920415e-10,0.04917242,1287.9619264111486,812.2320379015162,0.101941954255185,0.41567576,0.38870364,0.3819317,0.4369359,0.4760697,0.52118134,0.5513634,0.4748374,0.4436153,0.4293622,0.41693076,0.42888907,0.089441556691711,-0.0432638944916522,-0.0370915078619665,0.0736695893594538,0.018248732757189,-0.0259585868359541,0.55136466,0,135.99917763,2.0958160622655044,1.973126,1.5959548294462698,1.6485848924195965,1.4053450945268724,1.5959548294462698,0.8167369,21.48648790128045,15.174647260694185,17.079522420324466,16.321433313087002,17.229010292594253,18.95479370647705,45.54914491284981,0.07074223,4987.561944319451,0.055348404,0.029478021,0.65248245,26.529505,20.552835,0.3975943500331053,0.8603774,0.108734265,1.0,0.7913983726575952,26.529505,20.552835,3603,8,26.302403628117915,0.0,0.7913983726575952,1.7464346350823429e-15
132.47784,36.61314,21.230082,16.993324,12.541706,13.593179,12.958557,11.844549,9.904497,8.717007,7.8830442,8.233451,7.9236875,7.497563e-09,-4.06118e-09,1.015295e-09,-9.371953e-10,-7.809961e-10,2.186789e-09,-6.247969e-10,2.9677851e-09,-2.3429883e-10,5.8574706e-10,7.0289646e-10,5.4669724e-10,6.247969e-10,0.059879012,941.5570925552314,782.9168875564473,0.053848597171358,0.39283577,0.40074196,0.27580714,0.41513723,0.30155072,0.38051233,0.33339944,0.36368597,0.48497328,0.37938997,0.4301401,0.32030198,-0.1454672493055525,-0.0252816363829003,-0.0695539064025038,0.0372186428116595,-0.0320726191900788,-0.0029539498303203,0.4849734,0,107.66601562,1.7000825399262898,1.3223442,1.5650699652543285,1.4853588771027484,1.4767794361795623,1.5650699652543285,0.91078955,20.36419187485485,14.454518380504528,18.200373787838608,18.480083116182264,18.97685874755139,18.96969145500587,44.24576043354924,0.08596582,4733.37400944205,0.0776061,0.03973656,0.6613574,41.201633,30.683949,0.415970515970516,0.82863146,0.17317005,1.0,0.7173903562493252,41.201633,30.683949,5079,8,35.439455782312926,0.3142696805273545,0.7173903562493252,1.7464346350823429e-15
107.7917,42.532627,32.649315,22.38022,19.388212,18.93521,14.698951,15.294206,12.766536,12.807979,13.086091,11.54144,10.694593,-0.058556322,0.007620426,0.0045355293,-0.0051575103,0.0014150856,0.0038502163,-0.00014200453,0.001180969,0.0014209342,-0.0012335565,-0.0016697732,-0.0006797279,0.0036762892,0.16440679,1325.912283158901,663.0196427668608,0.0902124201392119,0.3946062,0.39671686,0.48404562,0.6813315,0.5665569,0.6286441,0.537058,0.42905787,0.38745806,0.41108745,0.53987795,0.44330814,-0.168116316010703,-0.0050110952569531,0.1847316418713544,-0.0089482716500132,0.0206377743265545,0.072957124901018,0.6813315,1,143.5546875,2.21554981940408,2.0437033,1.5131388260590222,0.7598564356327434,0.5240582766459949,1.5131388260590222,0.73943084,24.399672839676622,15.099464596120365,18.65638322834961,18.35786136952372,18.51064146317317,17.98519212414657,46.952351187504505,0.024682812,5521.347258329796,0.20458551,0.10334114,0.6643947,92.83138,79.84535,0.3467481745627441,0.547835,0.32797208,1.0,0.2446452074103326,92.83138,79.84535,2042,8,17.095079365079364,0.4865042554105199,0.2446452074103326,-0.6855777274118771
91.328186,51.049274,34.885647,27.162592,21.408394,20.06909,18.930063,18.574678,15.284356,15.072837,11.254339,11.572447,12.06175,6.8333135e-09,2.5624927e-09,-1.4947873e-09,-4.270821e-10,-3.2031158e-09,8.541642e-10,-1.0677053e-09,-8.541642e-10,-6.4062317e-10,1.6015579e-09,1.01432e-09,-3.7369682e-10,2.1354105e-09,0.16390711,1292.5593062117475,715.4845164090085,0.08863104805205,0.3785079,0.54008746,0.40366116,0.45789936,0.5261191,0.43538278,0.45520905,0.35641545,0.4254387,0.3583738,0.3473748,0.40428624,-0.0362066750920169,-0.1625790736013114,-0.1327673775504486,0.0492296699878358,0.0471028776121506,-0.0409005718291194,0.5400869,1,117.45383523,1.8420520868323813,1.9578851,1.7191480558932737,1.43188118672248,1.0585663349879475,1.7191480558932737,0.92206234,19.257815974496825,16.623224092148092,18.921383579453405,18.889305383361325,19.525883676209155,19.26871250040009,45.91357739600922,0.031588525,4771.962247746866,0.1666941,0.058348797,0.7407181,55.691845,46.531982,0.3476654350016795,0.64282703,0.35199383,1.0,0.4330042342110535,55.691845,46.531982,3105,8,25.9221768707483,0.4453617714151233,0.4330042342110535,-0.3393562764204623
98.45486,47.775253,42.916233,27.81846,22.222162,23.316656,19.043959,20.322285,16.565609,16.70549,16.69341,14.438488,13.149453,-0.019128457,-0.012613623,0.00089249737,-0.00025828526,0.0010959791,0.0018764327,0.0008301485,0.00097210467,0.0010751826,0.00020168356,0.0009655353,0.0011895092,0.00020376526,0.16976073,1141.817398164356,921.699443227488,0.0589370252311529,0.42169315,0.39546886,0.39483753,0.49014285,0.4441314,0.46288368,0.51780385,0.42447478,0.34222803,0.3530173,0.5168198,0.5382914,-0.0908136726619068,-0.0256976949148005,0.0442599487978207,-0.0953644776865242,-0.0064002407904576,0.0331906024914218,0.53829366,1,143.5546875,2.267392153809542,1.9813117,1.462878439670636,0.9472898764573204,0.6334560911441104,1.462878439670636,0.77406716,20.38676288761135,14.74984564758788,20.159216097173893,21.33319349657636,20.97195437694848,21.405449435797856,46.490624812748905,0.0065451902,3735.021469991284,0.27656356,0.08149878,0.77238727,75.23719,66.443665,0.36172746646609,0.6938142,0.27880162,1.0,0.4437752056694238,75.23719,66.443665,5771,8,46.3087074829932,0.4453617714151233,0.4437752056694238,-0.0368964955453174
91.19999,39.520832,30.753454,26.198784,21.582844,19.393045,18.192467,15.574019,17.462004,14.547633,13.991599,12.831672,10.693803,0.0030949637,0.0004283202,-0.0047617583,-0.003286763,-0.0022944496,-0.003101949,-0.0012717247,-0.001477454,-0.0019235093,-0.00093115127,0.00019208166,-0.00015439076,-0.0013318885,0.081035376,1052.8474134480805,686.1905192531894,0.0556781446211345,0.32689252,0.23023437,0.26077124,0.33130574,0.42881647,0.35748163,0.41699126,0.37552983,0.3957315,0.60132295,0.4280029,0.51580757,0.209451177351414,-0.2074788428929802,-0.0160532010132293,0.0013852739125616,0.0431830226217054,0.0743086149147155,0.60132414,1,129.19921875,2.146666225816204,1.8172115,1.4883085225487165,1.1780025004029882,0.947010983450429,1.4883085225487165,0.9226955,21.56098498005093,15.712038085584272,21.192624886681045,20.059781679160857,20.01390064258107,23.14655442062266,47.4502944513695,0.015943464,5013.072297241277,0.12872227,0.06768499,0.65538114,64.118904,54.89903,0.3991670025527341,0.7349038,0.23347087,1.0,0.497337093500718,64.118904,54.89903,2971,8,21.60326530612245,0.4,0.497337093500718,-0.0673323265327027
103.1325,34.265633,29.022589,20.03938,20.797024,15.513128,13.954964,14.173962,14.613932,11.229008,10.644473,9.987883,8.872569,1.5691907e-05,-0.00012776873,-0.00040578123,-0.00054513646,-0.0005245747,-0.00048045936,-0.00042288215,-0.00027067593,-8.445184e-05,-1.4024856e-05,-3.278188e-05,4.0108083e-05,0.00023448099,0.13483973,1035.074312261593,615.5935396601244,0.0725854026452022,0.44095108,0.38186556,0.4376984,0.31961116,0.30242842,0.30857104,0.3424918,0.38308564,0.4330106,0.5975388,0.5136114,0.45477796,0.1991074128927838,0.1084959048924425,-0.0583580743679752,-0.1954529746812188,-0.0643670835113949,-0.0071104551015693,0.5975385,1,151.99908088,2.29448289243904,1.6582685,1.611228048466257,1.0104181537112604,0.6718707723021922,1.611228048466257,1.0063853,21.389955015629035,14.819365376728618,18.835514294264243,17.54278347087409,18.943676145311706,18.70636776748196,47.34696688136296,0.021648204,5598.897187262404,0.16126306,0.09644876,0.6257471,93.842735,74.76227,0.4466599076264503,0.62845474,0.2708242,1.0,0.3027211093219741,93.842735,74.76227,3965,8,25.76833333333333,0.4,0.3027211093219741,-0.4253975039142124
123.21308,32.876118,26.908989,18.446098,20.57978,14.007928,13.503483,17.3489,12.199227,12.760412,13.14195,10.826758,10.113481,-0.009724659,-0.009498509,-0.003967207,-0.00019691518,0.000994631,0.0003834253,0.002077581,0.0015875032,0.0012764105,0.0011713965,0.0014578551,0.0031008532,0.0012787129,0.1314053,1007.6872680765692,622.7484999208586,0.0772885941484373,0.38010532,0.41913474,0.4446365,0.54129165,0.40867883,0.33966196,0.32277444,0.40151623,0.52934396,0.4434546,0.40067393,0.39735526,-0.0744607483688369,-0.1017681012193496,-0.0483838566283885,0.1324393626232535,-0.0051597404743001,-0.0226032687590798,0.5412919,1,117.45383523,1.7642203727904258,1.5961448,1.597531785525098,1.0836278535659514,0.7362864937268006,1.597531785525098,1.0461397,22.509295036492706,15.398181876811003,17.529904890570915,17.42845098312299,17.81331372365736,18.483954381666926,47.528370372227386,0.027738998,5892.797412933996,0.17417966,0.09489772,0.64731944,89.215675,62.13032,0.5010781025395304,0.55219436,0.2972973,1.0,0.208955076780482,89.215675,62.13032,4183,8,24.231666666666666,0.4,0.208955076780482,-0.587548975752501
125.42026,37.981373,22.264141,16.459394,18.736137,14.117729,14.513626,14.403002,12.80495,10.008924,12.049245,10.577713,9.312203,7.577301e-09,-2.8414877e-09,-9.471626e-10,1.0655579e-09,-1.4207439e-09,-3.5518596e-10,2.3679065e-09,-9.471626e-10,-1.8943251e-09,-7.1037193e-10,-1.0063602e-09,5.9197663e-10,-9.471626e-10,0.12329701,1061.5555579527927,774.0540529070296,0.062283165547018,0.3548118,0.22921908,0.24622115,0.20452933,0.3898348,0.22753644,0.2323919,0.29591027,0.27050167,0.5074926,0.33000836,0.4257778,0.249338665421913,0.0312938217528276,-0.0548086095786245,0.0848368816690705,0.0155492565350123,0.0335604405709409,0.50749224,1,112.34714674,1.6735581378769515,1.6117793,1.6598857175620976,1.173274544900026,0.8628643262392901,1.6598857175620976,0.8661364,18.854207502366894,16.729424475590868,21.58641089200699,20.377556779544665,20.45341196558033,19.547690892017773,45.76493339302217,0.017525848,4979.217058746508,0.14428471,0.08046235,0.6419842,84.62916,76.026375,0.4396573131363298,0.6911341,0.23516287,1.0,0.3960883605534729,84.62916,76.026375,3541,8,23.37833333333333,0.4,0.3960883605534729,-0.7708396480525901
121.681496,42.0582,24.224728,19.376667,20.387354,16.012472,16.559383,14.21899,14.677566,10.140382,12.11547,11.383186,9.251275,-2.7211393e-09,5.4422786e-09,-3.7415666e-09,-1.530641e-09,-1.8707833e-09,-6.8028483e-10,-1.0204273e-09,8.928739e-10,-2.5510682e-10,-2.1258902e-10,8.5035604e-11,8.5035604e-11,-1.7007121e-10,0.106852725,1159.4056950086783,950.816995660543,0.061786112269853,0.38396853,0.26469982,0.2891687,0.24948286,0.42225316,0.29174268,0.28992552,0.35198602,0.32658052,0.5110584,0.36936072,0.46255094,0.2150119844622819,0.0044844964312397,-0.0302881416815651,0.0665784701790712,0.0087014192116491,0.0250637086777014,0.5110582,1,151.99908088,2.281082154276996,1.5179669,1.59386884151122,1.4308188900066,1.132992528982261,1.59386884151122,0.8205778,18.769594572881186,15.915068882147422,20.31169750550506,19.534449470509248,20.25984164387868,21.35290026557097,46.21201194892694,0.03112091,4360.524513765047,0.11405368,0.060903817,0.6518899,62.877537,63.03237,0.4110932762618156,0.76862025,0.19523257,1.0,0.5476294824399445,62.877537,63.03237,4610,8,32.55034013605442,0.4,0.5476294824399445,1.7464346350823429e-15
120.22057,35.614647,30.715073,18.32907,21.204052,13.845473,12.090596,13.397527,14.748065,11.861031,11.363867,10.744252,10.876739,-7.687047e-09,-9.608809e-10,-1.9217619e-09,1.2011011e-09,2.8826428e-09,-1.4413214e-09,1.2011011e-09,-8.407708e-10,-1.4413214e-09,-1.6815416e-09,-7.206607e-10,7.8071577e-10,1.6815416e-09,0.15839922,1076.2997023499124,641.0376453642908,0.0900797528872126,0.3887863,0.47571287,0.33159235,0.4481292,0.40167433,0.28023636,0.2906763,0.35227144,0.5214919,0.44174653,0.39339456,0.39163598,-0.0583677618263375,-0.0841260097213097,-0.0214087649318337,0.1154405023407077,-0.008340909663425,0.0216620280757788,0.521492,0,60.09265988,0.981806427393606,1.5154114,1.5069734138834283,1.753469454911583,2.4940608465257696,1.5069734138834283,1.0392151,20.31141000093352,15.613345337174431,18.62896782520345,18.409272921067657,20.128692692546345,20.42873407654025,47.95016593537905,0.03589914,5921.573907578322,0.13854721,0.122013904,0.5317243,110.282005,93.199524,0.4407356090187681,0.43606633,0.3882004,1.0,0.1937498175865591,110.282005,93.199524,3499,8,23.04425736961452,0.4,0.1937498175865591,-0.9638956646501062
96.00064,42.500732,28.034143,15.892888,18.256407,13.680118,12.795394,12.614542,13.71052,10.541617,10.738131,9.859869,8.449189,-0.013622423,0.0072372337,-0.010435429,-0.0030060152,-0.0013286961,-0.003008557,6.67519e-05,-0.0007407639,0.0019413206,-9.2208775e-06,0.0012315013,0.0008210061,0.0011822429,0.10925388,1117.051730692495,881.8124562301758,0.0423072322818743,0.3758366,0.41787854,0.359113,0.3932884,0.3284418,0.45901367,0.3168277,0.3077875,0.41229042,0.38053033,0.5071299,0.34805948,-0.3246720881193575,-0.0474592629982273,-0.0361210731489969,-0.1953676331960236,0.0764386051731648,0.0132530294021048,0.50712955,0,117.45383523,1.9166777585518435,1.8071349,1.6072739065909412,0.8499764000192421,0.5719148164492971,1.6072739065909412,0.83476096,23.727768542654623,17.48536242482296,19.814934359348424,17.85151470870392,18.94273144907034,19.73104941134476,46.58028412827623,0.008003548,4442.159560624964,0.20790605,0.08539012,0.708858,77.15515,70.511284,0.3792304126101066,0.7531753,0.23698826,1.0,0.5656115505579727,77.15515,70.511284,3272,8,25.043333333333333,0.4,0.5656115505579727,-1.166844721942451
110.26036,38.78236,25.583363,17.072193,19.240032,14.565319,13.63866,16.340654,14.5577755,12.6482725,14.402132,11.483705,13.103908,0.0022968843,0.0026012699,0.0011780636,-4.340128e-05,-0.00060131785,-0.00074097404,-0.00080654427,-0.00081498816,-0.00067751145,-0.0005056761,-0.00046917112,-0.0005056994,-0.0004029135,0.11768276,1113.646656733447,762.5381108904544,0.0640856097347633,0.272433,0.4161385,0.27608913,0.24255988,0.29477254,0.29226282,0.44291675,0.31424668,0.46692228,0.3799745,0.29875508,0.34221515,0.0393252214566829,-0.1749311775997445,-0.0807213500270064,-0.1534088834018855,-0.031849783737565,0.0118078386326866,0.46692225,0,143.5546875,2.171162513844386,1.6311678,1.604036928711388,1.148686090698857,0.7671714650364958,1.604036928711388,0.93041855,24.777083914420626,16.73219757353875,20.64575718982643,21.81836759802588,20.37100826744475,20.31706116550892,46.64126098156287,0.019436259,5627.6584276788535,0.17332692,0.09786145,0.6391361,92.117355,68.22187,0.4518574677786202,0.60390705,0.31394762,1.0,0.2963197013115904,92.117355,68.22187,3576,8,22.97156462585034,0.4,0.2963197013115904,-0.0347249759699167
98.76834,43.193394,28.332945,20.842413,19.728764,17.700802,16.435202,15.533794,15.435661,14.001111,12.807878,11.769498,11.659634,0.010132488,0.00341831,-0.00038366002,0.0011221693,-0.00022028401,-0.0021849293,-0.00071063236,-0.00062807667,-0.0006531377,-0.00012693327,-0.00077571283,-0.00013755981,-0.00058295287,0.1294974,1130.1514557135708,711.5647413328388,0.0557531347300222,0.3095906,0.33912352,0.33174694,0.4676157,0.39572468,0.5116695,0.3828293,0.31471765,0.34046304,0.36309645,0.48583755,0.33023244,-0.1844771022173474,-0.0219584030142986,0.0110445545828302,-0.1615689893873719,0.0216977130468424,0.032833108652566,0.5116692,1,135.99917763,2.041563634801547,1.7607135,1.2935176614667028,1.0410858155745537,0.7621444130307047,1.2935176614667028,0.79749054,26.24037002638996,17.338951329852325,20.07482662002259,18.91200455835806,19.208145433977883,20.25064774253204,49.08330416502189,0.012636155,3776.720840846689,0.18040562,0.07981827,0.69326806,78.28254,72.34677,0.3663250053384582,0.7688383,0.22984657,1.0,0.5920977780331769,78.28254,72.34677,3431,8,27.185045351473924,0.4,0.5920977780331769,-0.1094866621837227
100.01811,37.52737,21.07004,19.316675,18.368952,14.459804,11.64399,14.914829,12.4082985,12.174985,12.730687,10.823716,10.375742,0.0036336351,0.003318607,-0.0012011433,0.0020331384,0.0005752432,-0.0004379282,5.1971474e-05,-0.00071452383,-0.00022698662,0.00024530862,2.7911281e-05,9.3784955e-05,0.00017594296,0.10295955,1062.4156144498788,598.7570561654903,0.065680212771664,0.28192768,0.22647558,0.32509005,0.30772734,0.2443333,0.28941804,0.27587742,0.51620305,0.29025128,0.26167378,0.29123166,0.2224846,-0.0353945700811067,0.24265223468435,0.1393987221328135,-0.0624770597526364,0.0353542564827135,0.0002362881715743,0.5162025,1,112.34714674,1.845038645295812,1.8198063,1.469099588589563,1.3144118694864118,1.3686666238465124,1.469099588589563,0.72776693,25.95415136606333,18.08407067844332,22.630086565209684,19.86002873592061,20.19129373372073,19.58637667827669,47.88161059749912,0.02044982,4554.808594804603,0.14567962,0.10126071,0.5899362,84.926674,65.19703,0.4522980919236769,0.620106,0.33107778,1.0,0.3631826660490631,84.926674,65.19703,3769,8,24.186485260770976,0.3142696805273545,0.3631826660490631,-0.159086673100664
101.56959,35.160347,23.614244,16.693596,18.110662,15.76681,12.571632,11.915784,12.456433,10.9547415,11.283433,9.968496,8.893103,0.0012475703,0.00049211975,-0.00043160422,8.815148e-05,0.0006959718,0.00036407323,0.00034616608,0.00024438862,0.0002891466,0.00018823806,6.135789e-05,-0.000116376475,-8.619089e-05,0.12468361,1020.9594991645,455.08728235406727,0.0788974114119833,0.3766572,0.3821176,0.44802073,0.561542,0.50917125,0.36486784,0.33730632,0.2949399,0.30528414,0.37675333,0.46707755,0.44107527,-0.0102668142636161,0.0234954098273241,0.0616119610923406,-0.0688817374214746,-0.0103710237047323,0.0240322028629688,0.5615415,1,129.19921875,2.154378353273021,1.8219354,1.5808445847761086,1.094037312430178,0.8008443944899948,1.5808445847761086,1.0391462,22.3863706532706,15.61497010808387,17.67547974090653,17.25440082526698,17.460898219740667,17.185190747682846,49.05730619851665,0.03685111,5634.288887067067,0.15490365,0.112924136,0.5783682,111.85261,70.15748,0.4715777262180974,0.52088135,0.3367909,1.0,0.218387445384413,111.85261,70.15748,3252,8,20.01737528344671,0.3142696805273545,0.218387445384413,-0.5742404222588858
105.10805,38.183582,29.199125,18.137932,19.515148,17.452644,13.663694,14.764199,14.2797365,11.700663,13.035909,11.503568,10.362479,0.008279094,0.006906461,0.0010250412,-0.0008232074,-0.0003838269,0.000566628,0.00041086768,-0.0009965624,-0.0010165761,-0.00017947961,-0.00045244588,-0.0002999797,0.0001984493,0.14134315,1144.8468037343396,512.9048909700873,0.0888698669452022,0.3227221,0.34426436,0.534456,0.37917113,0.2662691,0.23676792,0.27049023,0.36889076,0.32688907,0.36260435,0.46980622,0.3285225,0.025479015481359,0.153153305210185,0.0353074723868768,-0.0614008524289834,0.0217875947531785,-0.0045343393112684,0.5344561,0,129.19921875,2.1329553318302565,1.6656044,1.567181123562001,1.0348544077108344,0.695710818248862,1.567181123562001,0.8238071,23.935428930911588,15.982997092991766,21.55609654891201,19.07490119829689,18.40926593080555,18.0870886472362,46.98480064422651,0.031231984,5662.249911221591,0.119867645,0.09268357,0.5639445,83.90928,86.57798,0.3903706269483893,0.6382304,0.33564112,1.0,0.4093758662693728,83.90928,86.57798,2254,8,16.76078231292517,0.4,0.4093758662693728,-0.0984973303588502
103.168686,42.36429,29.028477,18.767235,17.663555,17.96335,13.95696,15.179605,16.35977,13.298735,13.501215,11.6965685,11.22779,0.009197739,0.008612828,0.0014148757,-0.001235802,-0.00073187245,-0.00036734174,-0.000415223,-0.00089190045,-0.0013608778,-0.0010340187,-0.0006464723,-0.00049428217,0.00027688223,0.10196782,1046.7900248129092,736.4619722402691,0.0532107900335468,0.5547388,0.25992343,0.2287255,0.28901976,0.27775002,0.35973853,0.252544,0.35848734,0.3703389,0.32893962,0.28305307,0.305414,-0.1385822315331417,0.2432910122697697,-0.145409214639502,0.1518635016878943,-0.0694943436958404,0.001878658547941,0.554739,0,123.046875,2.01170162100629,1.8284532,1.5332181001549496,0.9758411063673074,0.6821743705884383,1.5332181001549496,0.8953188,24.98896938431749,16.76755407659101,21.058388556964733,19.40974947329014,18.46793696922622,19.329868357781063,46.706572738518986,0.017165229,4949.380458755692,0.18427153,0.088842325,0.6747034,90.921005,60.836483,0.4952912019826518,0.6532664,0.2638372,1.0,0.3385919945614624,90.921005,60.836483,3997,8,23.42544217687075,0.4,0.3385919945614624,-0.0177738159361049
101.99381,42.575966,32.271545,20.399702,21.36111,19.748518,15.82464,15.147138,18.594929,13.231369,13.660049,12.707183,13.488724,-0.011564401,-0.014421028,-0.009405961,-0.0032915764,0.0016749548,0.0039969585,0.0035197688,0.001327886,-0.0009438771,-0.0019732628,-0.0013225169,0.0005285604,0.0026041106,0.1507752,1248.1618032980305,752.0886718766222,0.0875257264844732,0.44293582,0.39971817,0.4146325,0.443212,0.3888404,0.47223163,0.3908001,0.481411,0.49417683,0.39784196,0.4169517,0.3370033,-0.0988060333156799,0.0634316726460118,-0.0815913364697154,0.0150115233309124,-0.0021419420296389,-0.0146006884331395,0.49417675,0,135.99917763,2.225416607793212,1.8168392,1.5697038642190029,0.8744794764416853,0.5869940642889113,1.5697038642190029,0.8701821,24.19146423223457,15.229369714759136,18.93629839652369,20.24445191811985,20.01999179449485,19.796192678760963,46.01510171744416,0.023131419,5482.644693866253,0.17266586,0.109243795,0.61248434,99.05793,79.630936,0.421379004872287,0.5948445,0.3097857,1.0,0.2921890686606399,99.05793,79.630936,2854,8,19.65924036281179,0.4714045207910317,0.2921890686606399,-0.016136480168463
127.377396,45.78755,27.425081,23.243567,21.032698,17.51704,15.230386,15.055764,14.180425,14.450762,14.499297,11.311093,9.796477,0.002214197,0.0029041958,0.002284461,0.0014327316,0.00054795307,-0.00019916672,-0.00070951314,-0.000963515,-0.0010012889,-0.0008931531,-0.0007151607,-0.00053409283,-0.00039840277,0.12222393,1186.871798027305,909.3125643387968,0.0608164539760486,0.48960367,0.34934047,0.45558673,0.399592,0.48752847,0.33017644,0.2727075,0.32948107,0.3953385,0.46691653,0.3570647,0.4247618,0.1971946795464958,0.1349096912366161,-0.0518736096373259,0.0351605519651154,-0.0145793358465521,0.0015379906533203,0.48960394,0,143.5546875,2.128956050524678,1.6045327,1.1066288218844862,0.8203292549022765,0.5527784575211481,1.1066288218844862,0.78731704,24.586626979269028,16.57310427152035,19.574299499951472,20.27439879536993,19.092512898471146,19.76382017659654,46.03398322313967,0.015748627,4230.224200491492,0.17495896,0.089043625,0.6627143,85.40614,72.12347,0.4302101309511724,0.65295887,0.3117444,1.0,0.4116626436670766,85.40614,72.12347,4238,8,28.593826530612244,0.4,0.4116626436670766,-0.0067436779103645
117.89565,37.687447,30.213873,19.398918,16.797623,16.031263,13.491533,16.3796,12.56862,13.787728,14.282787,11.173267,10.5614395,3.282872e-09,9.027898e-09,1.231077e-09,-1.5388463e-09,3.0776925e-10,-1.3336667e-09,1.0258975e-09,-2.051795e-10,-5.1294874e-10,-4.10359e-10,-2.5647437e-10,3.0776925e-10,-9.2330776e-10,0.1239034,940.2761067813346,685.9376259361109,0.0560505823088699,0.4112517,0.35342258,0.28260785,0.30716833,0.3318288,0.50201213,0.3709035,0.40605372,0.5226743,0.34628922,0.36554623,0.29575175,-0.1678521525982569,0.1043355072637423,-0.0974020835743756,0.0656859173849244,-0.0327376848624109,-0.029598468983593,0.52267474,0,117.45383523,1.7235829074771385,1.5827715,1.5682210549961348,1.673691371718651,1.6082137452815672,1.5682210549961348,0.85854465,23.13399079285352,15.375532759273174,19.486028657367,18.84924994006277,18.822633966416284,17.777235691950537,48.012882585504144,0.021250842,4651.408147237387,0.13234894,0.087270916,0.60262465,82.64495,70.46478,0.414308768154922,0.6302331,0.29180348,1.0,0.3555547182583296,82.64495,70.46478,3851,8,26.97868480725624,0.4,0.3555547182583296,-0.9445539291616568
109.32873,45.070877,28.694614,19.55381,18.128645,14.817184,13.822085,14.982976,15.25165,12.782676,12.620556,12.251855,12.140166,0.00070301053,0.0010549794,0.00091792986,0.00050405215,0.00052126625,0.0007969709,-6.824013e-06,-0.0012100172,-0.0010394983,-0.0004697798,-0.00021607333,0.0003533696,6.3527095e-06,0.10636843,1009.0424488001594,788.9077357599764,0.0526605345914229,0.44518596,0.35589775,0.5400338,0.3864233,0.26022112,0.2719077,0.28789607,0.43937698,0.34056875,0.4176475,0.5373159,0.37158278,0.0167726864100318,0.3052016488805493,0.1474421656946349,-0.0824674582196295,0.0758008646009981,-0.0252946851865777,0.54003286,0,123.046875,1.9938029159152733,1.456,1.521461836757406,1.296240238618986,0.9349429015275708,1.521461836757406,0.91822857,23.5719290309742,17.137208416058666,21.1700142287962,20.017306844176705,18.711199926457745,19.41910267532201,48.58945617181167,0.016698241,4176.874225779111,0.13330095,0.062307455,0.6814649,58.201214,64.64749,0.3457224830464267,0.7525502,0.22191821,1.0,0.5355935682928636,58.201214,64.64749,2651,8,22.25646258503401,0.4,0.5355935682928636,-0.0426998892030086
111.93616,46.224354,28.687351,19.556519,18.060852,14.736195,13.899159,14.9922905,15.16935,12.862163,12.582678,12.281444,12.129193,-0.010238721,-0.0064506885,0.0028942006,0.0025111714,0.0013478984,0.0013685996,0.00021195943,-0.00049567746,-0.00048594354,0.00042885935,0.0015679691,0.0012418536,0.00019769085,0.10695016,1092.0152898551337,801.8169102446726,0.0656083870431133,0.44889817,0.3600821,0.5446657,0.39161053,0.26526502,0.27581036,0.29108438,0.44189516,0.34358925,0.4208009,0.5400558,0.37460262,0.0175149653155825,0.3050591453637956,0.1463080271635876,-0.0830378180037383,0.0758932329860168,-0.0250234413773718,0.54466516,0,123.046875,1.989436941882594,1.4550487,1.4259433968612878,1.3299109036719887,0.9792160087685746,1.4259433968612878,0.911335,23.62741990652955,17.177535182032262,21.16243949621593,20.013228482431657,18.69027300031543,19.360287891653385,48.40663423622754,0.017965399,4425.085851089785,0.13344418,0.06334127,0.6781167,58.69724,64.867546,0.3460437272254034,0.733374,0.23733589,1.0,0.4963956265934746,58.69724,64.867546,2659,8,22.30530612244898,0.4,0.4963956265934746,-0.0425619185285338
103.85229,40.720898,25.750536,16.741768,17.835348,14.056165,11.598544,15.170224,12.758357,13.269675,12.740383,10.028365,9.9293,-5.3135656e-09,-5.3135656e-09,2.2139857e-09,0.0,1.2176921e-09,7.74895e-10,-1.54979e-09,-4.4279713e-10,1.2176921e-09,-6.641957e-10,-6.641957e-10,-3.3209785e-10,1.7711885e-09,0.11864285,1026.6031701283373,866.3640686991131,0.0553622070460284,0.3576064,0.53910226,0.4352334,0.3051713,0.306477,0.30821955,0.48726654,0.34023163,0.35550076,0.4597289,0.34868225,0.43744773,0.1393079252562164,-0.1892202641961145,-0.109211855907414,-0.1476318355286753,-0.0126864020654074,0.0304668565457959,0.5391025,1,103.359375,1.5347410776957355,1.5355568,1.5711300142618183,1.899521137098932,1.9806833410469635,1.5711300142618183,0.8057882,23.14181589411138,16.64702733466225,19.967191906188084,19.034411328199845,19.82261996303339,19.945513495052985,48.49969593517653,0.015434995,4179.313532673752,0.14416277,0.0714022,0.66876405,63.62698,65.42432,0.3493150684931507,0.75246125,0.22512211,1.0,0.5488104707435404,63.62698,65.42432,3009,8,25.00421768707483,0.4,0.5488104707435404,-0.9359421956475024
95.79534,39.16342,26.024975,16.574509,17.858063,14.006812,11.495156,15.027861,12.691269,12.963355,12.666195,10.076951,9.989315,-0.0008760924,-0.000716812,6.2206214e-05,0.0001530836,-4.4934568e-05,0.00012856993,0.00039505423,0.00034572423,0.00019761456,0.00017482301,0.00014854285,5.2581017e-05,-5.8858237e-05,0.05605057,1032.5260313177505,860.1279985408271,0.0573488426648391,0.36450619,0.54506296,0.43368363,0.31155366,0.31395066,0.3159571,0.49143335,0.34696013,0.3643706,0.46452275,0.35286504,0.43227643,0.1354090210196546,-0.1864223126763998,-0.114004370054833,-0.1452354228168551,-0.0099735830988586,0.0312754772742022,0.5450632,1,103.359375,1.5814578641167365,1.5697196,1.54097433508729,1.8644392019549176,1.9655868611077048,1.54097433508729,0.821593,22.563693978978208,16.55392356706723,19.849451079294468,18.83599194756909,19.76664235104034,20.03768916648157,48.58543646152263,0.014728849,4269.791841302307,0.0696151,0.03488709,0.6661529,31.177637,31.964348,0.345773220460236,0.89291155,0.092241295,1.0,0.874756475915704,31.177637,31.964348,2900,8,24.344625850340137,0.4,0.874756475915704,-0.935889996785906
126.925644,42.589294,32.92216,25.916203,26.744947,18.354053,15.643785,16.712942,12.92732,11.914296,13.182225,11.4742985,10.332897,0.0,1.6396722e-09,-2.4595082e-09,-6.1487704e-10,8.198361e-10,1.6396722e-09,1.8446312e-09,1.0247951e-09,-2.0495902e-10,6.1487704e-10,-5.1239757e-10,2.0495902e-10,1.4347131e-09,0.10928255,1264.287846858185,891.7329094684804,0.0920013577230633,0.36443946,0.48567447,0.4040094,0.28337654,0.27290025,0.2974674,0.39222002,0.30571195,0.39946482,0.44708896,0.3956441,0.47572872,0.0442420542912174,-0.1283155205297071,-0.056102744305533,-0.1217837720871109,-0.0258140029415082,0.0042130900822152,0.48567405,1,69.83741554,1.0875957726542311,1.6135755,1.7541084748665934,1.5542141804002327,1.7050585852162532,1.7541084748665934,0.9909014,20.576472824625306,15.896841615105153,18.584871037592816,19.4415400528733,20.685565830454625,24.20434370876088,46.37086776491956,0.052833166,5424.6525836405945,0.10063147,0.07971787,0.55797774,66.16951,59.388916,0.3859215475550779,0.66926163,0.28611857,1.0,0.3970309059750326,66.16951,59.388916,3591,8,27.009115646258504,0.3142696805273545,0.3970309059750326,1.7464346350823429e-15
93.87067,34.80739,20.05768,18.240582,16.73572,15.257201,12.385637,12.94756,11.3930235,12.073914,11.940938,10.670707,8.583742,0.008520219,0.0070699533,0.0003226488,-0.00073388295,-0.00046985928,-0.0009383963,-0.0006748862,-0.0006577961,-0.0006508628,-9.64668e-05,-0.00012748248,-0.00069559185,-0.001043332,0.11252125,882.4549389970443,670.0857297813822,0.0468581345810318,0.3507996,0.45716658,0.31279,0.42587125,0.38207096,0.26545188,0.38015866,0.32017815,0.47976243,0.397513,0.29789186,0.34200224,-0.0268277504099354,-0.2766088007424654,-0.0492440338404857,-0.0127907636550806,0.008778700871827,0.0258405370311076,0.47976202,0,86.1328125,1.3912436088528894,1.6901524,1.4258995574620206,1.2519016099354878,1.0946935172493684,1.4258995574620206,0.9145772,25.48454169606297,15.981782402294977,20.333201717812,20.116183255185565,18.96135345022796,21.023116009864708,47.02748439691732,0.01100383,4389.236853024251,0.22301093,0.09040326,0.7115511,90.76227,67.20781,0.4211326491828202,0.73870975,0.227023,1.0,0.5135276066353981,90.76227,67.20781,3324,8,22.91115646258504,0.4,0.5135276066353981,-0.0584120973930947
93.48955,34.999912,20.01433,17.406538,16.498194,14.341553,12.31899,12.618417,10.930627,11.641031,11.511931,10.198655,8.365124,0.0073442534,0.0054057646,-0.00050678203,6.7048924e-05,0.0010354236,0.00017136965,-1.8881423e-05,-0.00021571486,-0.00025035843,0.00015971273,-0.00017377807,-0.00048457267,-0.00026381447,0.09862845,863.6128996998937,670.7685540310009,0.0409601990892447,0.34724993,0.45434412,0.31014934,0.4235017,0.38070476,0.26466802,0.3794783,0.31899574,0.47964174,0.39661235,0.29575086,0.33900228,-0.0272486744736784,-0.276661130890156,-0.0490579218125924,-0.0123181753756483,0.0082346630365969,0.0258479907014451,0.47964218,0,86.1328125,1.3966303521662022,1.6695787,1.444663177588287,1.3818785211744695,1.2547426369448518,1.444663177588287,0.8864809,25.487608766849792,16.023371084992778,20.3863315962801,20.19966262242795,19.01550645214117,19.818544539209785,46.09050390418057,0.012739604,4336.773472134262,0.1941891,0.0785476,0.7119995,79.23704,59.344727,0.4180390169749176,0.771925,0.20763397,1.0,0.5913365775711212,79.23704,59.344727,3300,8,22.912290249433106,0.4,0.5913365775711212,-0.0548414720836384
87.14349,35.060482,28.1312,21.847836,21.051699,17.923302,15.687095,18.589437,15.46509,14.260655,13.79384,13.398522,11.357834,0.002378141,0.0030321134,0.002143994,0.0009701796,-0.0001614959,-0.0009883028,-0.0013920014,-0.0014092828,-0.0011823453,-0.0008822262,-0.0006402145,-0.00051051576,-0.0004708089,0.14040174,918.3566762002126,660.6636941642486,0.051592000541216,0.33786976,0.30203974,0.37522754,0.30531844,0.40374443,0.39655614,0.31517217,0.40655372,0.42661536,0.5928511,0.4647045,0.32697842,0.088680867526935,0.1313834651605647,-0.0973825553690671,-0.0348772978778265,-0.0157523420352329,-0.0116265019925398,0.59285134,1,135.99917763,2.0494341752006946,1.6199014,1.7450335658795448,0.9048371913870676,0.5997221851350855,1.7450335658795448,0.9598429,23.722807087395573,15.823598983138144,20.45152691427694,19.31379165693716,19.604204749236683,22.406073054048345,48.04006745406266,0.014152536,4961.4946356566825,0.26383907,0.109462254,0.7067705,122.58987,86.25293,0.4303987960872836,0.6329947,0.26643416,1.0,0.3228618481176954,122.58987,86.25293,4576,8,30.8621768707483,0.4,0.3228618481176954,-0.0134832151665864
89.530396,38.14467,18.397867,13.680498,15.651733,10.331787,10.025648,11.58675,10.780766,10.195031,10.5093975,8.76077,8.015938,0.0014808201,0.0021133649,0.00078662456,0.0004399775,0.0008471347,0.00010904056,-0.00035790997,-0.00080964307,-0.0005520994,0.0003792322,0.000510441,0.000718945,0.0008997562,0.06925895,913.914579061068,644.9255720255262,0.0492752289570668,0.23328294,0.38428622,0.20025258,0.26665348,0.26416078,0.24353042,0.46284315,0.33418104,0.51085806,0.3205047,0.19136074,0.25210497,-0.0994249502795881,-0.3364634259697027,-0.0474108896625624,0.0234624802229803,-0.015330932781364,0.0065769622690445,0.51085824,0,151.99908088,2.4384006635103845,1.4669287,1.2826052536218004,1.1972492954033709,0.8163434967763588,1.2826052536218004,1.0882847,22.09711573193907,15.982403085786608,20.2523852163065,20.305081691088844,19.10883931119372,18.79988035697714,46.96053738828171,0.02970469,5626.96438721459,0.14022078,0.061529633,0.6950176,64.95975,36.569195,0.4624004718372161,0.7999921,0.14413528,1.0,0.6019322182188828,64.95975,36.569195,3136,8,19.68503401360544,0.4453617714151233,0.6019322182188828,-0.1362947214182318
107.9029,40.856773,21.513592,18.530632,17.117558,13.630292,14.168608,14.548022,13.229522,12.997508,12.810547,10.46855,10.372011,0.0058204117,0.0056558233,0.0008455141,-0.0014876329,-0.00074019143,0.00024358416,-2.1935626e-05,-0.00049173477,-0.00035941432,-0.00017134508,-0.00023642332,-8.031389e-05,0.00035588548,0.118486226,941.476575055,709.9778024003538,0.052016059839736,0.23692949,0.32554916,0.2678806,0.4145856,0.24227957,0.31909704,0.2929228,0.27842566,0.4690574,0.35000297,0.49238282,0.34938496,-0.2734577527484368,-0.0678947061299111,0.0360015485318,0.0015281383189536,-0.0201669965091684,-0.017468144287709,0.49238324,0,135.99917763,2.154591274232785,1.628405,1.324640457678079,1.0748216700186548,0.7199059670901996,1.324640457678079,0.8779889,23.42282102010113,16.421756579713087,21.92794517110699,20.112019534091548,20.75560426247922,19.54174235557074,45.73475859633407,0.013619392,3919.097976400346,0.1508895,0.07506653,0.6677796,77.99782,68.623024,0.4105812220566319,0.7573119,0.22948433,1.0,0.5627640193381315,77.99782,68.623024,3857,8,27.26735260770975,0.4,0.5627640193381315,-0.0115922495845716
100.77009,35.92856,28.350174,25.97776,25.531801,22.175568,16.430067,15.295347,14.827926,12.269652,12.292692,12.009075,10.223394,0.0027409664,0.0022975772,0.00024249115,0.00017408773,0.00046866387,0.00034037846,0.0005386636,0.00035024498,-0.00032824153,-0.00030133847,8.5150805e-06,-0.00012450483,-0.0003398522,0.13946033,1000.279341588396,548.512865042358,0.0682665092654564,0.31178108,0.29581514,0.37766844,0.3984303,0.2873553,0.38935596,0.3497008,0.28527796,0.3743652,0.3531617,0.5244357,0.40502074,-0.127867595903015,0.0199934642649145,0.0317965658300803,-0.1084018146376516,-0.0184920031113305,-0.0156771922933895,0.52443635,0,129.19921875,2.019295243974477,1.9749227,1.167946579817139,0.9895478577856917,0.6716375108563059,1.167946579817139,0.88661927,21.14274316199782,15.459377172540565,19.031730251621823,19.670479459715068,18.310393005865784,19.195713772336347,47.64693893644118,0.022532314,5417.655150272449,0.16704395,0.10171164,0.62154365,98.67764,75.12454,0.4198455949137148,0.530345,0.33150524,1.0,0.2279242682598387,98.67764,75.12454,3698,8,25.565850340136056,0.4,0.2279242682598387,-0.4713129913225941
99.979385,35.621952,27.767609,24.407763,24.681633,21.038355,15.857008,14.589209,14.051899,11.751634,12.017633,11.43463,9.796321,0.0013941454,0.0011551682,-0.00010852182,-3.2785694e-05,0.00059936545,0.0006742486,0.0010074093,0.00068691187,-0.00035986176,-4.80735e-05,0.00031867556,-0.00029265194,-0.0005855569,0.14000976,979.4412219660112,535.5364345530254,0.0662958694237171,0.3109194,0.29642257,0.37826145,0.3965616,0.2871424,0.3893463,0.34874797,0.28603938,0.37465847,0.35505348,0.5240816,0.40311605,-0.126292477017109,0.0196894412673211,0.0313118798381747,-0.1071829536898697,-0.0179655410639376,-0.015350277386318,0.52408093,0,129.19921875,2.053618946248004,1.9451402,1.582016841701548,0.8340866242263606,0.5670455546786025,1.582016841701548,0.8763894,18.771588871632503,15.0250058577679,18.75716494413444,19.331092957663166,18.08599509374632,18.023844998750167,47.88929484946107,0.023604857,5363.601127437415,0.16695252,0.102409065,0.6198059,99.28213,75.11426,0.4193255365050528,0.5463008,0.3241963,1.0,0.2403772404493974,99.28213,75.11426,3693,8,25.564625850340136,0.4,0.2403772404493974,-0.4110515993548748
99.92048,35.875,28.184305,25.061079,25.236277,21.791664,16.35687,15.064272,14.66132,12.205134,12.298857,12.050452,10.211694,0.0024718614,0.002096897,0.0002095875,8.937971e-05,0.00041416878,0.0004339072,0.00079354417,0.0006094155,-0.00028180366,-0.0002877798,0.00013812704,-0.0001370499,-0.00051427586,0.118075386,984.3963249350044,538.1775974800219,0.0664610152775491,0.3093482,0.29480588,0.37719673,0.39569014,0.28536594,0.38840878,0.34752902,0.28380793,0.37281388,0.35202694,0.52318084,0.40210375,-0.1280948161199612,0.0196932316868892,0.0320909667487308,-0.1087093261998652,-0.018568116715109,-0.0156675448730926,0.5231808,0,129.19921875,2.019348976072888,1.9545398,1.411100401530465,0.828011345766835,0.555713941457245,1.411100401530465,0.87427413,21.47747672092856,15.620764144751272,19.092909601960105,19.79608580818748,18.367261433950127,18.325130545653863,46.7207056404483,0.022600116,5355.135772008741,0.14174977,0.085465066,0.6238551,83.411255,63.606792,0.420299727520436,0.594397,0.30356932,1.0,0.2882094173982606,83.411255,63.606792,3702,8,25.56517006802721,0.4,0.2882094173982606,-0.4511704571586406
96.1851,44.095127,27.755407,21.121775,18.079285,13.506302,12.567204,14.905084,15.29811,12.956662,12.025103,11.754921,10.618328,-6.281922e-09,-1.4657818e-08,-5.234935e-09,2.8792144e-09,2.6174676e-10,2.6174676e-10,1.7667906e-09,-3.9262016e-09,2.6174676e-10,1.3087338e-09,2.7483409e-09,3.599018e-10,-6.543669e-10,0.13445692,1300.6717871773735,707.0679939088254,0.0815338580038256,0.4729093,0.5833436,0.31203148,0.2896568,0.28992465,0.37402987,0.37034494,0.41622958,0.48032695,0.408502,0.46084067,0.34383675,-0.2014738875580112,-0.1166151005212817,-0.0978903711464937,-0.0810934704558701,0.0386021816000316,0.0093547239508965,0.58334464,1,117.45383523,1.891307704184036,1.7311676,1.4746771342874545,1.3235365572881514,0.9932605714658104,1.4746771342874545,0.83662236,24.623091284894404,15.821136540308968,19.792385252438763,18.20513658743388,18.551878754819285,18.246637799461524,46.47435592943709,0.026635692,5165.618034604647,0.1560728,0.09537297,0.6206991,81.17424,75.65777,0.3889651386220148,0.6634839,0.28650674,1.0,0.3881180750363524,81.17424,75.65777,2834,8,21.14938775510204,0.4,0.3881180750363524,-0.9641689226750948
105.2832,46.488102,31.549444,19.799025,21.557756,16.59695,14.548933,15.97718,13.644394,12.921175,11.6359005,11.224677,8.876805,6.7719026e-09,-2.5394633e-09,-3.3859513e-09,8.464878e-10,0.0,5.2905486e-10,-3.4917622e-09,-2.0104085e-09,1.9045976e-09,1.0581097e-09,-1.1639207e-09,1.1639207e-09,-2.1162194e-09,0.15606274,1364.859051937009,710.0046680500104,0.1072278450619047,0.37694144,0.3311679,0.38416848,0.5409285,0.420393,0.37721923,0.3927789,0.37479293,0.46670386,0.53366095,0.5890906,0.48238665,-0.1696210475176169,0.0035086515414116,0.118215482732983,-0.0319939148797287,0.0005973762143089,0.0350336331611181,0.58908945,0,89.10290948,1.4670258082636376,1.9360281,1.588990687064949,1.0499392676370956,0.8372967391444097,1.588990687064949,0.8759712,21.04593234582966,15.379738944738438,18.484500990085674,18.12854962045021,18.011389424692997,19.463153814418835,47.65273750492982,0.035972454,6043.401087209968,0.17303312,0.13347289,0.56453234,116.02983,86.138916,0.442410119840213,0.4980431,0.34558684,1.0,0.2032377163850842,116.02983,86.138916,3987,8,26.15836734693877,0.4,0.2032377163850842,-0.971713181739312
104.89263,44.226715,31.723099,25.114265,22.93708,19.985262,16.387728,18.232033,17.718264,14.609691,13.628024,13.009354,11.981696,-2.6592522e-09,-2.6592522e-09,-9.972195e-10,1.8282359e-09,-6.6481304e-10,8.310163e-10,2.1606423e-09,-1.6620326e-10,-3.3240652e-10,0.0,1.0803212e-09,1.8282359e-09,8.310163e-10,0.17545027,1262.2914476410474,842.115021524342,0.0868682327892984,0.3781964,0.30950603,0.3916667,0.35663953,0.4660346,0.35106966,0.41644907,0.39459938,0.3182615,0.36574823,0.35387182,0.5203165,0.1756250676549961,-0.0153921727379184,0.0615338918407713,0.0639906653230191,0.0048733812648012,-0.0009109078186214,0.5203158,1,135.99917763,2.1505055147058822,1.7057184,1.6147107321695988,1.0112025364286048,0.6674384663122639,1.6147107321695988,0.883186,21.577732855501704,17.913737048328162,20.269014405064954,20.86039954784522,20.46851063690434,22.6087117545454,47.08634326139515,0.020039653,4289.306734230677,0.16501713,0.09400314,0.6370794,83.66676,85.70463,0.3873638344226579,0.64753664,0.29525268,1.0,0.374196164429295,83.66676,85.70463,4445,8,33.30612244897959,0.4,0.374196164429295,-0.9700672485283472
91.52692,39.623684,21.407557,18.387344,16.994127,12.789617,11.435691,11.695762,12.288967,11.1045475,11.864896,9.798807,9.263,7.4889766e-09,-9.36122e-09,8.776144e-10,-1.8722441e-09,2.340305e-09,0.0,3.5104575e-10,3.5104575e-10,9.361221e-10,-1.7552287e-10,1.2871678e-09,-1.9892592e-09,-8.191068e-10,0.12278625,1099.3766453324072,547.030450179212,0.0745106053065472,0.34964532,0.43909523,0.29203847,0.35328197,0.40712908,0.36403874,0.45899886,0.3832057,0.49454096,0.4026274,0.3725797,0.42465916,0.0105099215165172,-0.2292300792655131,-0.0736604343266432,-0.0077692181815004,0.0051124387635317,0.0156707486109893,0.4945404,0,112.34714674,1.7280464867476533,1.8077013,1.6510155129233894,1.477596272274221,1.3982212882438942,1.6510155129233894,0.81860036,23.461207111100688,15.449725283313864,19.6535742853443,19.07246099314884,19.10552218586925,18.28235300449476,47.6579174003496,0.023250287,4724.901298288919,0.20945382,0.10904336,0.65762955,102.72906,77.5579,0.4209105411706958,0.658418,0.29344198,1.0,0.4170125484587301,102.72906,77.5579,3430,8,23.653877551020408,0.4,0.4170125484587301,-0.9481233531452228
96.53837,46.027832,32.60283,20.711655,18.424551,14.06478,13.627528,14.171042,12.780914,11.740533,11.162933,9.935279,9.170592,-7.580124e-09,3.790062e-09,2.8425464e-09,8.2907603e-10,-4.7375776e-10,-9.475155e-10,7.106366e-10,1.1843944e-09,-4.7375776e-10,3.553183e-09,-2.3687888e-10,1.7765915e-10,-1.2436141e-09,0.12852225,1282.4098657505351,792.0870293456687,0.0738658463638744,0.29033074,0.41971642,0.3759612,0.46640354,0.42555815,0.39452234,0.43342865,0.43292263,0.5092983,0.3696649,0.42740917,0.38813472,-0.0968376883075153,-0.1929544827112016,0.049697538746242,0.0286766570849111,0.0104366534675189,0.0109388591500505,0.5092985,0,161.49902344,2.5674165152997066,1.7825549,1.4709062801955326,0.9021744859123868,0.6016221898224011,1.4709062801955326,0.7860829,24.36774901370742,15.377494073407473,20.283183304565924,18.81364680587256,18.726693932446288,18.585654374513226,47.44619980291883,0.018663215,4653.374134410511,0.20406637,0.105062954,0.6601305,95.52543,74.328064,0.413240591230903,0.667611,0.2572626,1.0,0.3814713490478802,95.52543,74.328064,3327,8,23.36979591836735,0.4,0.3814713490478802,-0.9575277229699368
113.23189,44.03968,23.332136,19.740755,19.081861,14.470761,14.136375,14.498686,12.105027,12.575432,13.630503,10.629166,10.523759,-3.24069e-09,-3.24069e-09,0.0,-1.620345e-09,-2.531789e-09,-1.2152588e-09,-6.076294e-10,0.0,2.8356038e-09,-6.076294e-10,-1.620345e-09,4.0508624e-10,-1.0127157e-09,0.12978229,1159.1072563504592,700.7523122768528,0.0846414445088354,0.5115679,0.32464543,0.29622966,0.31476104,0.35324976,0.53093004,0.35149863,0.3923176,0.41812545,0.35405836,0.44840366,0.3851154,-0.1617273620967873,0.1804511254155005,-0.1012268486491505,0.0509048840877588,-0.0340022747554906,-0.0128707886269777,0.5309305,1,123.046875,1.989527329749104,1.7030153,1.3482405045990815,1.6761282994972813,1.434418315825639,1.3482405045990815,0.75955915,23.03075458356285,15.546083833774498,20.356131488421216,19.0102033371701,18.221913794997416,17.377968065431645,47.67397302404776,0.020453077,4264.6054892830125,0.14589679,0.09270585,0.61146086,80.07269,75.02435,0.423428207306712,0.7032005,0.24262962,1.0,0.4437612794034958,80.07269,75.02435,3987,8,27.33061224489796,0.4,0.4437612794034958,-0.9709093500621968
110.47924,42.1661,26.555874,20.420462,20.76624,16.505733,13.302473,14.897054,13.159798,11.807958,11.158465,10.787032,9.466884,0.0,8.467697e-09,-3.8104635e-09,2.1169242e-09,-2.3286166e-09,3.598771e-09,0.0,-1.7993855e-09,-2.1169242e-09,2.2756934e-09,9.526159e-10,-8.4676965e-10,-7.4092343e-10,0.17734587,1366.8463010839696,730.052061885497,0.1016802154851065,0.546584,0.4477053,0.5217307,0.46468675,0.3465864,0.30589968,0.32545626,0.41499642,0.38559026,0.40425122,0.3924086,0.41639525,0.0126804611318189,0.0998348972945751,0.023831031760035,0.0588032303351365,-0.0029366526162567,0.0265423324565286,0.5465837,0,117.45383523,1.9647344842657344,1.7658535,1.1589667943192976,1.0747165329102335,0.7680255052278844,1.1589667943192976,0.8023758,21.589886412536657,15.264121056010625,18.54127817228986,17.094140924044932,17.959595782496528,18.81537119405728,47.03524530225229,0.027940812,5067.013637191315,0.15994126,0.10549765,0.60255164,101.634445,95.88071,0.395049395049395,0.6312635,0.30969188,1.0,0.3655744942418154,101.634445,95.88071,3559,8,26.14857142857143,0.3142696805273545,0.3655744942418154,-0.9796105021881668
96.60054,41.8794,29.555592,19.932049,18.624878,16.021385,14.14461,14.612485,12.557994,13.208003,13.466233,10.949289,9.901066,-1.0457194e-08,-1.7428656e-09,1.7428656e-09,-4.357164e-10,6.5357464e-10,1.0892911e-09,-2.178582e-10,-1.089291e-10,1.0892911e-09,-1.1982202e-09,2.178582e-10,4.357164e-10,2.2330466e-09,0.13527232,1169.502065504873,905.2437957645848,0.0606555571113718,0.30675185,0.4278864,0.40721878,0.5849606,0.51520246,0.42582324,0.39526504,0.3670215,0.44675264,0.31666142,0.3331187,0.42874175,-0.0083743184307951,-0.2309840593303453,0.0758753528697476,0.1560215256281135,0.0381868311846889,-0.019364916352758,0.5849607,1,151.99908088,2.5137135376509896,1.7173592,1.642214782680355,0.9743650191352852,0.6416889479197478,1.642214782680355,0.78013945,26.4354657324004,16.519215713208798,20.23429889370892,19.945185798775515,18.52976358525764,19.50891076418237,46.731003885972,0.014601896,4633.501366964413,0.17749952,0.10904698,0.61944187,86.55339,84.47062,0.3310486634681288,0.7556807,0.18487741,1.0,0.5102416209257596,86.55339,84.47062,2898,8,25.41061224489796,0.4,0.5102416209257596,-0.9807358190997308
95.12736,45.31144,32.98746,22.02371,18.413145,15.579214,14.861139,14.077184,13.245902,11.676085,11.470717,9.766829,8.992276,-0.008599508,-0.00914818,-0.0011526063,0.00062189746,-0.0017644315,-0.00029273247,0.00013340503,0.00028655777,0.00020230377,-0.00041591068,-0.0007564298,-0.00035243516,-0.00019968738,0.08896569,1083.480369448948,740.471867456604,0.0657332478553616,0.30966365,0.3537474,0.33402973,0.524995,0.31736732,0.36570892,0.36813885,0.30864492,0.42281696,0.37190264,0.54330903,0.3689625,-0.193818572021363,-0.0511652475178739,0.1024042944833793,-0.0284764090369922,-0.0018018331557644,0.0270984116473833,0.54330975,0,123.046875,1.8552170586340209,1.5745741,1.4423804112426073,0.9604150293609264,0.638948624925988,1.4423804112426073,0.8771094,19.792702006798656,16.001079575140608,19.38597511589237,19.2103721728841,19.215317182308365,19.83496733146257,47.69812624865745,0.014538316,4119.56237596353,0.09155399,0.067619495,0.57518005,58.1739,54.26121,0.3632179675994109,0.79463726,0.20456481,1.0,0.6487357264372251,58.1739,54.26121,3946,8,31.53269841269841,0.4,0.6487357264372251,-0.0428417918729913
110.11899,43.97906,31.09757,20.785538,17.891472,15.3093605,15.810379,14.865302,14.21368,15.770695,13.535242,12.1982765,11.406818,-2.1034516e-08,-1.7528764e-09,-2.4102051e-09,-3.2866432e-09,2.7388694e-10,-2.7388694e-10,1.3146573e-09,1.0955478e-09,2.1910955e-10,-3.040145e-09,-1.4242121e-09,-2.1910955e-10,-2.7388694e-11,0.13109991,1186.7776181902636,785.5954480192871,0.0700223135426825,0.31794065,0.44582623,0.3618297,0.49826938,0.37965906,0.33011988,0.3538011,0.30673414,0.40021548,0.2877587,0.34094566,0.4077068,-0.0990232012302111,-0.240752067913198,0.0055725627229742,0.0807393691290407,0.0269121221600806,-0.0267698388051957,0.49826968,1,107.66601562,1.4497099974150187,1.6406567,1.358895477688707,1.8490650024978548,1.997239016554481,1.358895477688707,0.7799532,23.15797879432568,16.777672575731973,20.881575507743555,20.486719541069817,19.85228079799286,20.494401774669623,47.75129037882292,0.017445292,4944.897876018632,0.16281602,0.069548726,0.70068854,66.71342,67.38653,0.3810891544117647,0.6901787,0.30486166,1.0,0.4749808665621275,66.71342,67.38653,3317,8,25.263673469387754,0.4,0.4749808665621275,-0.9755637462389772
103.55878,46.438686,27.797785,21.01895,18.367142,13.740609,12.184398,12.957967,13.03602,10.981166,11.670521,10.751676,9.519543,0.0,1.8971515e-09,-4.7428785e-09,2.3714394e-10,-2.3714394e-10,-4.0314467e-09,-1.1857196e-09,-3.557159e-10,1.8971515e-09,7.114318e-10,-1.5414355e-09,-5.928598e-10,1.4228636e-09,0.14200176,1157.0054733512843,736.8103816545239,0.0770875745150773,0.4218973,0.61627954,0.38012645,0.28595355,0.31880835,0.30934775,0.36040542,0.3166399,0.4304899,0.38049725,0.33710563,0.40542358,0.0437474209069767,-0.1618929172911797,-0.0899629310368713,-0.0263627429569879,0.0189822963586429,-0.0046802185262047,0.6162783,1,135.99917763,2.1793913484403413,1.7946703,1.519062572767127,1.0968154568587394,0.762549006400899,1.519062572767127,0.8858193,20.30485313864657,16.03396937290399,19.738257535873323,18.62196210112271,19.38466662977756,19.948753717324,46.59232845190329,0.027016826,4681.467750489556,0.15987712,0.115609236,0.5803428,101.23662,79.30333,0.4380751056951007,0.61228687,0.2979606,1.0,0.3162632672090485,101.23662,79.30333,3523,8,23.34367346938776,0.4,0.3162632672090485,-0.971192219949971
89.71576,35.502552,24.83278,19.190643,17.44468,15.320772,15.576587,14.471083,13.446298,12.748554,13.166672,11.308645,10.676057,0.0016334032,0.0021025627,0.0016016437,0.0010396051,0.0005456592,0.00011738089,-0.00024709103,-0.00048535006,-0.0005467072,-0.0004646086,-0.00032609652,-0.00020209768,-0.00012381711,0.13463368,1011.0927536218462,623.8562147126738,0.0621780531868213,0.4095906,0.29826975,0.31964725,0.35615954,0.48970526,0.33955628,0.36979333,0.3436515,0.26508957,0.32645714,0.31617358,0.50935674,0.1782468750049943,-0.0304468938989149,0.0606836972561338,0.1443444790424014,0.0237472396662266,-0.0058678508000024,0.5093576,1,123.046875,1.9899871276641223,1.622929,1.684492932300059,1.6743635811178623,1.344609564989256,1.684492932300059,0.9725057,25.113249457343315,16.428335891010754,20.83561820805916,18.800164678587564,19.389583247087888,18.44698615008306,46.64141042389816,0.021733738,5747.3862481317765,0.18278013,0.11615373,0.611438,107.37114,87.51098,0.3607620591811917,0.62381107,0.27998623,1.0,0.3018198343584162,107.37114,87.51098,3560,8,28.643401360544217,0.4,0.3018198343584162,-0.0160288052619541
120.46908,34.683388,22.980213,15.384921,15.521892,11.115908,12.07456,12.368687,11.361073,10.676672,10.486817,8.737085,9.115827,3.9850585e-09,-5.9775878e-09,-2.9887939e-09,1.8679962e-09,3.7359923e-10,1.2453308e-10,1.1207977e-09,-1.1207977e-09,-1.9925293e-09,4.981323e-10,9.962646e-10,1.5566635e-10,1.4321304e-09,0.11363985,1021.0473462035136,692.0637858620797,0.0541220577281438,0.3800569,0.36198997,0.311621,0.33629552,0.30722597,0.45116934,0.3026087,0.31221938,0.4704437,0.38279733,0.47585502,0.35344446,-0.2288803521628999,0.0683009968447654,-0.0996619843761473,0.050893449957227,-0.0210997083332832,-0.0448428341570013,0.47585467,0,99.38401442,1.6309916209702495,1.6039052,1.5913875622827824,0.9810866636377396,0.8698689411129394,1.5913875622827824,0.9037951,24.623423193853647,17.08186283934452,20.68529038063045,19.568606894667383,19.0218092046527,17.943400340222933,46.92925632947219,0.025011582,5709.327198426074,0.18789975,0.09702347,0.6594727,96.58951,72.94907,0.4334595794697662,0.582695,0.32893708,1.0,0.3005441012803759,96.58951,72.94907,3319,8,22.225742630385486,0.4,0.3005441012803759,-1.0165020023897369
112.11833,35.21965,23.60563,16.45946,16.733126,16.702875,13.8648205,17.844173,13.790679,12.647323,13.532579,11.800646,11.724978,0.005560965,0.0045971656,-8.243362e-05,-0.000885434,-0.000106867614,-6.013269e-05,-0.0005391009,-0.0013019884,-0.0011651012,-9.600704e-05,-6.690618e-05,-0.00084356224,-0.0007408158,0.14503999,1017.1019848130272,710.9046715484201,0.0612608499426841,0.4305443,0.2910383,0.26996425,0.37365076,0.27099407,0.37062725,0.25037733,0.39105293,0.44862285,0.3282904,0.44608045,0.31723347,-0.1948449265258425,0.1281052777888061,0.0008882101232277,0.0252698042885937,-0.007014288225007,-0.0095012634517803,0.44862232,0,123.046875,1.9587912241241705,1.6720726,1.750492349757858,1.4058423383536347,1.1999086037440905,1.750492349757858,0.90435207,23.79998327346405,15.901337532300351,20.838156116641656,19.9528861266444,20.723913935361388,21.468801275156512,47.26999424838978,0.044051804,5212.905435054582,0.1817624,0.09422102,0.6585966,98.04089,83.12384,0.3904501071683734,0.6179696,0.29894504,1.0,0.314615082465566,98.04089,83.12384,3279,8,24.377278911564627,0.4,0.314615082465566,-0.0804154130969366
94.080925,33.71131,22.727037,15.457395,16.067928,15.318165,12.8853655,16.544044,12.393187,11.63904,12.536817,10.967738,10.718376,-0.020280674,-0.015082844,0.0013168408,0.0013815368,0.00030720804,0.0008586603,-0.0010528752,0.0005129592,0.0023456155,0.0008950316,0.000853905,0.0014006943,0.0009665776,0.13786109,927.5320983896098,609.5918836249431,0.0583435526415773,0.43858838,0.2977888,0.27692693,0.38285565,0.28088182,0.38276047,0.2621107,0.40374702,0.46083802,0.3381028,0.45590487,0.32465634,-0.1935988927369009,0.1265721713875484,0.0001427746327346,0.0264842864588098,-0.0069008335187486,-0.0090006478136643,0.46083802,0,123.046875,2.0187892938743697,1.6524194,1.7504393497971305,1.3179425250902843,1.1590160380902366,1.7504393497971305,0.9257095,19.78182000444486,15.32006715533378,20.057890219096603,19.13637099570797,20.28646824418394,19.90953193574827,48.34354672925367,0.021173675,5265.851247310638,0.17790887,0.09634814,0.6486916,98.20782,79.896194,0.3890855817360518,0.6572881,0.27308145,1.0,0.3665757775306701,98.20782,79.896194,3187,8,23.776626984126985,0.4,0.3665757775306701,-0.0940400384651294
81.09754,38.058804,23.272379,18.343275,18.456232,15.427026,14.202791,13.962889,14.748676,13.865908,12.975152,11.685871,11.231182,-0.0041907984,0.00031983515,0.0012245055,-0.00021490047,0.00035766806,-0.00010467031,0.00055158883,0.0002867761,0.00072481047,-0.00013144586,-0.00086207007,-0.00052932266,-0.000637241,0.16325156,980.033931872309,632.2433539990375,0.0575313102441021,0.5349846,0.348301,0.31302086,0.37290734,0.36672968,0.51961833,0.3396945,0.3842528,0.41959375,0.34490427,0.43417013,0.3905305,-0.2070065966232636,0.0480022357090775,-0.1561985772197776,0.0671516775351033,0.0055461895626759,-0.0247878571561702,0.5349847,0,95.703125,1.536330131635274,1.6868793,1.6685119735976484,1.5995103599452076,1.4815946892020988,1.6685119735976484,0.94855237,23.629715046342785,15.224606382094324,19.98355030363785,19.74015496467484,18.90318814922795,18.892511692079225,46.62955166851843,0.012157047,3788.9046295174726,0.20350623,0.10448917,0.66074216,90.19894,87.14311,0.3176369863013699,0.7754655,0.19100428,1.0,0.5808912609083802,90.19894,87.14311,3339,8,30.511020408163265,0.4,0.5808912609083802,-0.0634728031927587
105.7932,44.899242,29.969194,21.49226,17.928942,14.677781,16.637712,14.2140255,15.815216,13.713743,12.256374,12.461361,9.741574,-5.4843343e-09,4.7987925e-09,8.5692725e-10,-2.2280109e-09,1.4567763e-09,1.542469e-09,-1.0283127e-09,-1.0283127e-09,-1.071159e-09,8.5692725e-10,8.5692725e-10,-8.5692724e-11,-5.9984906e-10,0.14774619,1322.879368758218,820.8431374090343,0.0873950795349517,0.36257032,0.36768305,0.481474,0.3842911,0.378397,0.35851228,0.30662778,0.38656643,0.33616933,0.41919506,0.38076466,0.33619907,0.1238934016246614,0.1700186160993344,-0.0073637753397096,-0.1376081351316128,0.0018909022270313,-0.0251457432407452,0.48147383,0,86.1328125,1.2151549231702388,1.8596315,1.594434784667908,1.1181947003346857,0.9377418607948352,1.594434784667908,0.8122932,24.422005149487028,16.24435240994707,19.47232322763262,19.422891571088496,19.51687510101912,20.292445055318137,46.17235920692143,0.023752196,5309.947805809989,0.16152619,0.09160488,0.63811034,85.86847,80.97128,0.3791337167505392,0.6490822,0.29929098,1.0,0.364765846763869,85.86847,80.97128,4219,8,32.3004081632653,0.3142696805273545,0.364765846763869,-0.9997859204734748
107.67964,43.194153,28.395065,19.18694,19.536287,17.004665,14.152543,15.929381,12.964244,12.997716,12.890779,13.080129,10.522134,9.926103e-05,0.00013840456,0.0001328506,0.00012460609,0.00011477968,0.000104280574,9.3497285e-05,8.224112e-05,6.99244e-05,5.597498e-05,4.0271087e-05,2.3465149e-05,6.998722e-06,0.13272944,1245.404432114252,831.7485043830648,0.0650320761873923,0.38747346,0.35316953,0.44760716,0.3563216,0.28865215,0.29150185,0.31335193,0.47012693,0.31630537,0.37460536,0.3623263,0.32062197,-0.0023608943166912,0.2101267952483436,0.0478808830818356,-0.0078217842921161,0.0213872053061254,0.0016644722191625,0.47012746,1,143.5546875,2.2029200561404,1.6696258,1.6508409831541515,0.8050566674843374,0.5443916261485477,1.6508409831541515,0.8578431,21.259438294564905,16.53782649495677,20.600817629093232,19.52021449450861,20.378910153700133,18.98401455276671,48.15543225304418,0.015666744,5114.566599893913,0.20827805,0.10394535,0.667078,105.71358,87.22913,0.4102304665542439,0.65372354,0.27858248,1.0,0.3581231996192614,105.71358,87.22913,3649,8,25.81800453514739,0.4,0.3581231996192614,-0.1213948920234617
90.27454,35.037136,27.926476,21.848925,17.88452,15.296249,15.567899,13.230721,14.248907,14.008072,12.751427,10.731442,9.2036915,-6.2459224e-09,0.0,9.759255e-10,-1.951851e-09,1.951851e-09,-9.759254e-11,-2.7325913e-09,3.9037015e-10,1.951851e-09,4.879627e-10,4.147683e-10,2.0982396e-09,-7.3194406e-10,0.14146408,1014.9311354927572,476.6089321943703,0.0701712847619727,0.33211586,0.31984097,0.50494164,0.35539326,0.4383683,0.38643533,0.24731453,0.24652492,0.30449888,0.46355474,0.32056823,0.3364747,0.1240445346114249,0.1591481051356186,-0.0789554301417792,-0.086400898901441,-0.0149150434715137,-0.0332700239030817,0.5049416,0,123.046875,1.930369272392356,1.6242621,1.0227802791580527,1.8305672752785296,1.5899296374892136,1.0227802791580527,0.9253523,23.96839503252897,15.988624917434755,20.332533508469623,19.823510365935185,19.459687926919443,17.80219424559639,46.17307781342471,0.02457384,5606.713272575663,0.15826535,0.10517421,0.600763,96.31596,80.80619,0.3965817214205301,0.6211391,0.29191718,1.0,0.3206498463787285,96.31596,80.80619,3875,8,28.36244897959184,0.4453617714151233,0.3206498463787285,-0.9721641050193064
100.671974,45.29114,32.3945,22.276434,19.984316,16.004362,15.6523485,13.443114,12.326913,11.450071,11.900645,11.220952,8.980536,-0.012991778,0.00606815,0.009281027,-0.0071335663,-0.00028622613,0.0017009038,0.00045561465,-0.0018369236,-0.00018848668,0.0019312942,0.00010454225,-0.0010707402,-0.00055490434,0.12314849,1155.3439685561148,614.0368066147656,0.083468178360145,0.42842844,0.44149783,0.42810467,0.40611374,0.46699837,0.44852605,0.6053584,0.479129,0.39362475,0.3845993,0.4428179,0.56452566,0.0307883938077672,-0.152919619662966,0.0712959697501268,-0.1114536068140863,-0.0065696720841547,0.0409612389509009,0.60536003,0,123.046875,1.872037914691943,1.7305486,1.5207663942962897,0.9541647432659752,0.6293802164248767,1.5207663942962897,1.0212672,19.98417163387512,13.82512416342559,17.154030531001908,17.077992775295282,18.55621907676582,18.13658258263063,48.69870672499589,0.025965953,5795.046285172583,0.17064986,0.0933377,0.646429,89.63906,66.52071,0.3638164410696599,0.5931204,0.30482084,1.0,0.2908452932050932,89.63906,66.52071,3306,8,26.375,0.3142696805273545,0.2908452932050932,-0.3144329477602411
102.708115,36.546486,22.98849,21.08059,21.384447,16.611483,16.027046,16.940392,14.341746,13.650953,12.708516,12.569284,11.368053,0.0015348875,0.001828601,0.0009972482,0.00011883315,-0.0004266044,-0.00055025495,-0.00043743485,-0.00033374183,-0.0003384137,-0.0003731673,-0.0003187833,-0.0001646065,-2.6433036e-05,0.1332614,1198.608556517799,722.8221502342907,0.0767563146314533,0.36421347,0.29292238,0.39263344,0.3857537,0.55102545,0.32612425,0.25458387,0.29408944,0.40146956,0.550939,0.35859606,0.32171765,0.1880382091629103,0.073691442509078,-0.1161285177777535,0.0800860533887969,-0.0043493392314632,0.0076951719971025,0.5510252,0,107.66601562,1.6814861980792075,1.6768782,1.6541726482064,1.6645697711463958,1.4727023607377905,1.6541726482064,0.9589207,25.31035340010084,16.813448666941596,20.23741529927124,19.93913575970497,18.3031174702746,19.22397011952182,47.24242216839142,0.021917261,5710.382950660755,0.14814277,0.08860828,0.6257296,79.342926,68.680916,0.4077319587628866,0.7244776,0.21656714,1.0,0.4421121229962498,79.342926,68.680916,3164,8,22.52471655328798,0.4,0.4421121229962498,-0.0401252018939776
96.11344,35.523884,27.502092,16.237434,18.025791,12.135779,11.855013,14.047374,11.5592,11.940807,10.063449,10.876791,10.117511,-0.040444303,-0.009942516,-0.0019147467,-0.00092535326,-0.0005101826,-0.0016318649,0.00063045474,0.00014948884,0.0015781139,0.00063378713,0.0010729881,0.0015430858,0.001100764,0.1407774,1092.0032694738495,572.6653651129232,0.0679131468590311,0.37508705,0.33033264,0.33442163,0.33812225,0.460258,0.43670005,0.4953313,0.34075314,0.26254275,0.30275017,0.25389257,0.3334448,0.0671355183124504,-0.0237083376241124,-0.0525395376815147,-0.0213443995587044,-0.0105988831083042,0.0191024597209177,0.4953316,0,123.046875,1.958644493652012,1.9332435,1.5783502470453823,0.8774083095762554,0.591617391848955,1.5783502470453823,0.84525025,20.14134608106072,14.637409071386212,19.744286462172862,20.01324924702289,19.472188589531896,17.847368322309258,45.807358986664745,0.018560916,5738.082745298541,0.21217495,0.17358811,0.55001223,158.40495,97.7577,0.4256125626099905,0.5750457,0.32050356,1.0,0.2780433979039159,158.40495,97.7577,3144,8,21.44340136054421,0.3142696805273545,0.2780433979039159,-0.3291194258761229
107.66687,41.828186,26.66496,18.649237,21.841948,14.744474,16.203012,14.405609,12.475427,14.738767,11.902827,11.603272,9.826929,-0.008281684,-0.0074013816,-0.0025413341,-0.0006750544,0.0006209898,-0.0006661553,0.001140388,0.0012964302,0.0012262624,0.0014058856,-0.0012682796,0.001434386,0.0017683819,0.15034531,1094.6862063037188,668.4996747468826,0.0686187377100828,0.48907405,0.335427,0.5040961,0.28532034,0.34137955,0.24311264,0.21298195,0.28599083,0.23938055,0.35899517,0.26416373,0.37282163,0.1551354754470445,0.1090411252548118,-0.0485376506236747,0.0152265753841767,-0.0204582533489812,0.0092766071514409,0.5040961,0,135.99917763,1.9681501337475675,1.7013502,1.2878091063004886,1.04644537746971,0.7681191039101251,1.2878091063004886,0.7618634,25.13115552554924,15.632886671499856,21.053341911245067,21.723628078457462,20.3041312402229,19.263894280630826,49.310190250078165,0.016437624,4630.2054029059245,0.14010708,0.11966925,0.53933525,101.48327,93.15753,0.3723378798755683,0.6940395,0.3279691,1.0,0.5119163899939949,101.48327,93.15753,3112,8,24.261360544217688,0.4,0.5119163899939949,-0.3141107016672784
118.589874,39.196964,29.851912,21.49248,21.731829,14.764223,14.818707,14.268992,12.683613,13.000855,10.873244,9.852325,8.994404,-0.030901916,-0.005133377,-0.0054301526,-0.0034016813,0.0032476967,0.0044260533,0.004248999,0.0045884443,0.0032391238,0.0011250043,0.00066833885,0.0009364927,0.0014910414,0.12781832,1109.9814535168678,799.8257146040627,0.0710655648238702,0.36073288,0.32782072,0.37190664,0.44486833,0.4801903,0.42678705,0.40743887,0.43000707,0.46794227,0.50792515,0.39148307,0.38899228,0.0787108819135106,0.0073381168861965,-0.0604850715329462,-0.0297438057561598,0.0050981841959618,0.0002908013791269,0.5079251,1,123.046875,2.0040270526362645,2.0351794,1.437304646241892,1.064521645004252,0.8082508162891506,1.437304646241892,0.7925041,24.05131875256019,17.689770538316782,17.890258734500545,18.744381419733507,19.453113967077392,16.888444018683813,46.49486001443504,0.015084148,4736.445929806192,0.27779242,0.10251429,0.73044115,117.31502,66.86265,0.4889431556098222,0.60952675,0.30025467,1.0,0.3180829105391814,117.31502,66.86265,3604,8,21.394421768707485,0.3142696805273545,0.3180829105391814,-0.7304488156442491
122.29295,40.232048,30.241596,21.214262,20.792086,16.361418,16.220848,16.699749,13.377664,14.168927,11.536008,9.767413,9.933834,0.0036009252,0.0042075505,0.0020728097,-0.0001280562,-0.0013715801,-0.0014143948,-0.00077155145,-0.00017063103,6.069538e-06,-0.00013711672,-0.00028729238,-0.0002762684,-0.0001858058,0.15909223,1407.9143687642506,826.0381272045037,0.105138641851832,0.3785011,0.38030267,0.4774862,0.4757026,0.438447,0.44497153,0.39164472,0.3458619,0.29978442,0.3450888,0.34196934,0.3052441,0.0276042959522114,0.0645918252304185,0.0125035935561507,-0.0732725923576032,-0.0008955642092869,0.0153646140946534,0.4774869,0,151.99908088,2.317812759654637,1.750565,1.5415979497765082,0.8702016887355748,0.5829520633949132,1.5415979497765082,0.88203835,17.136583058810228,16.423446373464166,18.702851449069136,18.983821154746305,18.78715902706116,17.325672011973513,45.51502559768617,0.057289664,5979.147687706701,0.11308203,0.14092804,0.4451854,116.304756,108.22861,0.3651894669235709,0.5095296,0.377079,1.0,0.2531271095960271,116.304756,108.22861,2843,8,22.59673469387755,0.4453617714151233,0.2531271095960271,-0.0304434652483448
98.5614,39.09862,31.203705,21.71859,22.79505,18.483772,17.012247,17.652136,14.565482,14.225073,12.663113,12.335942,11.336225,-0.0420123,-0.0052803117,-0.005448138,0.004568222,0.0026718497,0.0015727261,0.003102075,0.00070156134,0.0015900095,0.0009850622,0.002591666,0.0037339183,0.0033018219,0.1300914,1081.4801081419548,535.3810558869804,0.0826146792677463,0.4564027,0.35856813,0.29035613,0.34851727,0.3463651,0.4387299,0.30923286,0.4555494,0.5151692,0.3102774,0.34081528,0.31431633,-0.1241536461445717,0.1317550952063017,-0.0359044741750125,0.0581222795124421,0.0058857562233544,-0.0215167902065387,0.51516855,0,143.5546875,2.2495982860203534,1.6842117,1.4550968550298589,0.9137565217102332,0.610994254315696,1.4550968550298589,0.84253687,25.07923559259136,16.315676906154817,19.973775859183625,20.04921824818456,19.139759286214115,17.594583726301693,48.24662410936698,0.026458247,5567.442924924857,0.18110256,0.115186304,0.6112344,106.52884,83.908615,0.4179329398467914,0.53607804,0.34550703,1.0,0.2538310897279848,106.52884,83.908615,3328,8,23.11523809523809,0.0,0.2538310897279848,-0.8792974634038584
107.97451,39.184948,26.35545,19.906088,19.908068,15.16486,14.266087,13.129829,11.0699215,12.013927,11.928771,11.794287,10.139204,-0.0021684056,-0.0050330474,0.0016190762,0.0043044663,0.00055297697,-0.00086526613,0.0006001477,0.0015863617,0.0039528715,0.004476426,0.0016441988,-0.003767162,-0.0057764486,0.12571828,1045.4933272949056,538.3839688767985,0.0757428125206485,0.28695196,0.41060147,0.40500855,0.37520188,0.35051638,0.38029352,0.5860155,0.44843054,0.41919008,0.46800452,0.3131409,0.296013,0.0390544884187987,-0.1272877417416897,-0.0955080103594125,-0.1380035764048562,0.0047470602197717,0.0632228510428256,0.586016,0,123.046875,2.0332390995178464,2.1368294,1.670246825666071,0.9328110112807472,0.7298917591966569,1.670246825666071,0.8231875,23.240128558307603,15.91139430743471,19.34186394969208,19.33157524887252,19.363914452661792,16.996565811984794,45.695659825207215,0.033535093,5632.081458348749,0.1316892,0.14070325,0.48345214,110.67101,75.96809,0.4021610420367081,0.5172638,0.3629096,1.0,0.2603439613453773,110.67101,75.96809,2717,8,19.61156462585034,0.4,0.2603439613453773,-0.0522428109805735
107.75247,32.211727,37.360645,22.596386,25.397861,19.968609,16.264194,18.636889,13.801601,12.975361,12.9461,12.187593,10.651865,-0.030075328,-0.009200645,0.0047513084,2.102488e-05,0.0024143367,0.002901996,0.0025935129,0.0019378724,0.0024638597,0.0018496092,0.0023677316,0.0021076659,0.002454869,0.1334989,927.8197316595264,523.4099425410602,0.0797308643805022,0.42771915,0.29652634,0.3185165,0.36758888,0.38792992,0.3995369,0.37008286,0.36801746,0.35140434,0.33350104,0.24386084,0.34653744,0.1138278809211265,0.0156969149571622,-0.0348238525955002,0.208194257448951,0.0071630826963854,0.0082011003387892,0.42771956,0,143.5546875,2.2420768712070127,1.7230884,1.6093613461198166,0.975931440381614,0.6510786717301523,1.6093613461198166,0.9291001,22.41390518049422,15.96125810029019,20.012502389997337,20.73401021995638,20.28556279216108,18.308160941916693,49.01106789303253,0.02801421,5645.9033203125,0.17391992,0.10434411,0.6250154,99.40123,73.10829,0.4699895615866388,0.47506446,0.36265373,1.0,0.2062775494885513,99.40123,73.10829,3602,8,22.245,0.3142696805273545,0.2062775494885513,-0.1996957064466545
111.89923,46.0541,29.636047,21.674444,20.53679,15.0210085,15.693599,14.450589,12.38008,12.749167,11.16425,11.274599,11.983744,-0.015574332,-0.01391703,-0.0029642752,-0.0010444239,-0.0005357817,0.0011661483,0.00020024387,-0.0006779984,0.00054330874,0.0016164654,0.0016827359,0.0010819627,0.00023232147,0.15019183,1267.658089835128,834.2465769640894,0.0749136218649424,0.4256159,0.4034013,0.5026383,0.39431673,0.43713537,0.35968736,0.31842408,0.35897556,0.40326452,0.5165973,0.3953015,0.38907167,0.3493708064560459,0.0980476190760113,-0.219552234230237,-0.122137351965891,-0.0584627616776493,0.0465975496190925,0.5165964,1,129.19921875,2.0039806963492106,1.8949145,1.1864404816173018,0.892065359058737,0.6230780084461877,1.1864404816173018,0.6577415,24.839171430511342,17.089850669540894,20.598017948273803,20.54041184521003,20.010492409146305,18.501759783555936,46.40771481787872,0.017538913,4391.712682408289,0.21716648,0.10181509,0.6808098,91.08031,93.46173,0.3913448115402513,0.6387062,0.32736355,1.0,0.3918205707824126,91.08031,93.46173,3364,8,24.95034013605442,0.3142696805273545,0.3918205707824126,-0.051238947334429
104.88885,38.058224,29.186993,18.229132,19.172495,14.110503,11.052392,12.122402,10.358586,11.197009,9.745982,11.836386,10.205994,0.0070686336,0.007372862,0.0024096924,-0.00032735744,-0.00033463235,-5.4332948e-05,-0.00046365373,-0.0006618136,-0.00029289516,3.1071188e-05,-2.3429315e-05,-0.00027426003,-0.00053035637,0.13719513,1184.0649713791058,832.6825052866525,0.059305883383397,0.30672196,0.3279347,0.34203857,0.55623657,0.5273272,0.38831994,0.36474258,0.3483891,0.46997765,0.35868326,0.38294798,0.3995029,-0.0579676981432974,-0.0592995095348922,0.0406541478790971,0.1422261245473695,0.0116692661786557,-0.0091574679444719,0.556237,1,151.99908088,2.3782798493525896,1.7402235,1.6390977289107704,0.8237954665964802,0.5524862391945,1.6390977289107704,0.8342608,20.84125238346111,16.136840934527235,19.30292104738321,20.28163125060267,18.90257507025625,18.72018742072518,46.57439640119937,0.037956208,5243.177697309498,0.16513297,0.09274933,0.6403399,87.59766,86.572624,0.3202744577246569,0.7297847,0.2267417,1.0,0.4921080658298175,87.59766,86.572624,2894,8,26.2269387755102,0.3142696805273545,0.4921080658298175,-0.018398458361319
103.1078,39.87373,34.252193,20.729603,19.871618,14.811899,15.0689,16.725252,14.73089,14.571383,12.621169,12.7094145,10.81766,-0.03993071,-0.016726732,0.0016761519,-0.005307573,0.003162344,0.0015717322,0.0043130554,0.0021212152,0.0032443,0.0040787687,0.0031677189,0.0017643487,0.002843513,0.13605025,1160.8664682101398,758.7692336694046,0.0539161232210953,0.37205756,0.3650913,0.37011722,0.49434367,0.35832024,0.38886985,0.42578164,0.35436732,0.49837625,0.34086236,0.39579773,0.47440237,-0.2201292224447491,-0.1482420004686498,0.0179217867691504,0.0402941129628531,0.0086704949899652,0.0186958891940604,0.4983763,0,143.5546875,2.179071399746148,1.7866017,1.604848487743369,0.9739374413053816,0.65345069333457,1.604848487743369,0.836798,22.63910616559165,16.926408406343356,21.314260279454256,18.69892281251867,18.87789690681081,17.692306196458475,49.10862466764663,0.013043011,4644.334282817188,0.26141983,0.090815745,0.7421711,83.67341,75.469574,0.3749318057828696,0.66172594,0.29929966,1.0,0.4074533730185112,83.67341,75.469574,2749,8,21.28200113378685,0.4,0.4074533730185112,-0.0184308302142949
109.21702,39.75361,28.495914,21.639904,19.88884,18.55911,17.957691,17.684254,13.284468,14.094392,13.96064,11.831904,10.620125,2.5858876e-06,3.503262e-06,3.0037854e-06,2.2225038e-06,1.2365058e-06,1.336555e-07,-9.806106e-07,-2.0005996e-06,-2.8401153e-06,-3.412448e-06,-3.6605188e-06,-3.572142e-06,-3.1477025e-06,0.1283017,1248.3511591160902,616.7645998392846,0.0787204121699418,0.33284888,0.6125364,0.3222862,0.36962226,0.46566173,0.2895957,0.3600315,0.28442028,0.4078938,0.30899948,0.24674241,0.3019448,-0.0076075131879482,-0.2042631755218536,-0.0706675420686228,0.0981755232294076,0.0429151524305736,-0.0094277743053235,0.61253583,1,107.66601562,1.755178461467329,1.9672947,1.530412907646211,1.4420686882923206,1.1907691762412882,1.530412907646211,0.7579529,24.289206958225463,16.0007223370396,20.334010955551115,18.805065330338675,18.540295744332912,17.01490118493591,48.9824861067808,0.029889138,5404.690622767107,0.119641334,0.11320594,0.5138167,90.80589,82.74818,0.3401937046004842,0.59380037,0.38621557,1.0,0.390202811273132,90.80589,82.74818,2529,8,21.579002267573696,0.4,0.390202811273132,-0.6434504477137987
140.98318,51.985523,36.513664,27.621761,26.313904,22.570045,18.144712,18.25648,15.9553795,15.810905,14.632649,12.595579,12.398912,-0.024982523,-0.019448934,0.000857819,0.0032008006,0.004091336,0.006950754,0.0051193493,0.0036787938,0.002503238,0.0017097795,0.004307517,0.0042895745,0.0018836622,0.1519306,1482.544559982333,976.8309624937436,0.0888254937563702,0.3972879,0.33642238,0.33905622,0.29788154,0.4488104,0.41563597,0.3630613,0.42239344,0.332578,0.33959752,0.27079436,0.2602055,0.1250188866288716,0.0914458875624786,-0.0809607456584029,0.1097997939482275,0.0216313008390459,0.0241756210085334,0.4488091,0,123.046875,1.7933659997459772,2.1301227,1.3988943884618392,0.9349288128174892,0.6821457319983159,1.3988943884618392,0.7087651,21.29604186911624,18.15035139647316,21.227101731186693,22.745482560318248,19.15027404083952,17.651962814620152,43.81861307023076,0.037639733,5204.267841308107,0.12667257,0.13517997,0.48375347,112.560165,93.10221,0.4423844837421563,0.45741603,0.43148285,1.0,0.2544683013065162,112.560165,93.10221,3102,8,20.35278911564626,0.4714045207910317,0.2544683013065162,-0.0125320143816725
91.115746,35.4714,35.662636,21.23334,23.86701,19.844292,18.52103,20.796135,14.891028,16.109032,14.511625,13.549494,11.679383,-0.03211964,-0.01072407,1.0758782e-06,0.004396379,0.0018710868,0.0029258674,0.00526928,0.0041085077,0.0037044236,0.0014730064,-0.0010013602,-0.0028489467,-0.0019706315,0.11727067,978.7761733719684,451.1785709551706,0.0695048860339517,0.31563875,0.39203027,0.28644764,0.35634446,0.49429035,0.34290266,0.45669666,0.3070716,0.43082148,0.29717898,0.25241765,0.3040127,-0.0342794552864443,-0.2202680990474028,-0.1021832328070896,0.1408899995467693,0.0498293925120614,-0.0166839840191954,0.49429062,0,135.99917763,2.267574117577091,1.7353075,1.6897411349065166,0.9327097067633532,0.6189987616832444,1.6897411349065166,0.8774468,21.47786316932135,16.354164495618598,21.2174756108518,21.039869991038305,21.56856564533073,18.856856334751097,47.25587890580432,0.021993253,6307.547002490842,0.18881921,0.103094496,0.64683,94.193565,73.01274,0.3946199720847608,0.49054003,0.36527717,1.0,0.2270987229099401,94.193565,73.01274,3110,8,22.87687074829932,0.4,0.2270987229099401,-0.2144961344365437
88.18278,36.664356,23.498913,18.509409,19.596037,16.914667,15.740549,14.530402,13.980049,12.210164,11.78652,11.005395,10.157629,-0.001422417,-0.0016689916,-0.00073582446,1.2226645e-05,-7.709617e-05,-0.00038779146,-0.00041312605,-0.00035353427,-0.00029022415,-0.00025835307,-0.00021676501,-0.000104173305,-6.899737e-05,0.10557253,1058.6177861974827,505.16211370057744,0.0737006700180196,0.41567534,0.4071942,0.39142534,0.44819856,0.3260644,0.3482134,0.28751707,0.38843244,0.4934295,0.36473373,0.45259687,0.35825413,-0.1486140987044125,0.0580242802037662,0.01997000004496,0.0183519183957036,-0.0039208738055943,-0.0083075903656249,0.49342972,0,83.35433468,1.3425346691625917,1.612146,1.5061590717853863,1.2334181279333578,0.8356218687610645,1.5061590717853863,0.93454015,21.06039646361275,15.657666972486895,20.08561945223775,19.38044546978144,19.472695994165985,17.590047870359886,48.14301245745112,0.028005086,6051.33676753336,0.12828092,0.06440216,0.6657578,70.22708,59.460835,0.3654237978810106,0.71834195,0.25121078,1.0,0.4691999788448045,70.22708,59.460835,3587,8,28.490884353741496,0.4,0.4691999788448045,-0.1782326163110315
115.01388,34.73451,24.164965,17.126133,19.328007,15.058518,13.670507,14.953641,11.779251,12.421815,10.950341,10.688093,10.355392,-0.025345353,-0.011118166,0.0066484716,0.0023590694,0.0030076453,0.0009615261,0.002916445,0.0027896226,0.002670417,0.0018750909,-0.00017513931,0.00021808837,-0.00017720001,0.16285175,975.8380942538053,510.7050209277343,0.0716614826604523,0.38773465,0.3399157,0.46644372,0.3260874,0.45153412,0.47830236,0.30693278,0.37658247,0.31228152,0.43255264,0.421527,0.3206046,0.0988288302319122,0.1679193484635268,-0.0758810089062721,-0.1074149547142443,-0.0100242141630728,-0.0348306398271342,0.47830254,1,151.99908088,2.2043682326096232,1.7197775,1.3780610089002905,0.6781926346417384,0.4768264601318591,1.3780610089002905,0.73086923,27.377863851619825,16.36281037620624,20.322171697992705,20.51173493137186,20.044393085158188,19.15085385807584,48.08928401824271,0.018266736,4656.891055120325,0.18597959,0.10948879,0.62943774,99.53802,89.48929,0.3781002638522427,0.6287958,0.3075303,1.0,0.3504766992495645,99.53802,89.48929,2866,8,22.00176870748299,0.4,0.3504766992495645,-0.062320638889075
100.58745,38.457504,31.349337,25.11024,22.71814,19.445387,17.049152,15.419213,12.436319,14.844838,12.44916,10.258383,11.056445,0.004279222,0.0042790975,0.0006044445,-0.0019954708,-0.0024227293,-0.0018703019,-0.0015929454,-0.0014828644,-0.0009223694,-1.0629456e-05,0.0005955913,0.00057596364,0.0002182921,0.13489626,1071.390571777181,736.0977827212146,0.0515675657367303,0.34017098,0.38732544,0.48844814,0.46762952,0.6956567,0.4696468,0.25166672,0.19949701,0.23620327,0.29913437,0.21662922,0.24627851,0.2450753256201144,-0.0762006054354601,-0.1667086337038061,0.1615784211151415,0.0617234343461759,0.0224703470019688,0.69565713,0,129.19921875,2.0829664315522898,1.8490845,1.6426144112629155,0.8964374704258183,0.5943800972530152,1.6426144112629155,0.7986138,17.8270795630958,15.066501658192104,21.11376430078561,19.934594725093365,19.589930818844497,17.958369344659666,46.0593274356013,0.017071236,5399.287879062277,0.16884051,0.09476667,0.640498,89.46629,78.833595,0.3297189328006848,0.6721762,0.2943885,1.0,0.4249053624229499,89.46629,78.833595,2311,8,20.34358276643991,0.4453617714151233,0.4249053624229499,-0.017038713542855
115.37081,43.037914,27.840523,20.727524,21.050457,17.47723,16.206375,16.725939,13.688309,14.409875,14.008094,14.305539,11.698427,-0.016103048,-0.016356632,-0.0044893147,0.0014814162,0.0009636808,0.00064929493,0.0025334735,0.003526353,0.002789526,0.002147122,0.0017520718,0.00074329396,5.115529e-05,0.15830508,1369.5571023587054,842.9575682536677,0.1055746942948556,0.4275733,0.33265316,0.419346,0.477754,0.5459782,0.44728056,0.33390284,0.34531727,0.3734353,0.44083592,0.37338603,0.40543547,0.154661193598275,0.0079737735685457,-0.0817925011512979,0.184816635764053,0.001581782422867,-0.0041667560936589,0.54597807,0,129.19921875,1.9231138046104868,1.7925265,1.3642601594841903,1.130136651371639,0.7755539114944917,1.3642601594841903,0.8112462,27.539232455456258,16.368301248801775,19.76737265971966,19.665603232215748,19.74997639824833,17.32819154494494,47.077193162224255,0.028362274,5459.286181897465,0.21112245,0.08538875,0.7120194,83.40335,63.577175,0.422609305588029,0.59551495,0.28579468,1.0,0.2577801081529389,83.40335,63.577175,3615,8,24.82952380952381,0.4714045207910317,0.2577801081529389,-0.0077193141493363
102.236305,43.17953,31.535145,26.9323,18.726004,15.6893215,14.421764,15.121048,13.278029,12.959096,12.116126,12.297389,10.258537,-0.038342394,-0.016806846,-0.0018322411,-0.0021401176,-0.0042964504,-0.004074126,-0.0010236108,-0.0021733223,-0.00053478556,-0.0018393851,-0.00025493966,-0.0019833157,-0.001120952,0.10539104,1355.855875951185,747.1153408408114,0.0945686176478169,0.44443464,0.46632737,0.5056816,0.46699947,0.43279952,0.46967736,0.5685586,0.48737118,0.42133144,0.38951823,0.43174654,0.55803525,0.0172756625985245,-0.1019245512523471,0.0613075058358872,-0.0972651040029683,-0.0028961811652281,0.0548504531263906,0.56855994,0,143.5546875,2.441800893185158,1.8802502,1.4169149948779018,0.9242023239496404,0.6109880091559257,1.4169149948779018,0.8473433,21.59962477571396,14.68508455790308,18.486331923918087,18.3045638798768,18.719530821236862,17.03693140807819,46.11409643618586,0.025881866,5814.522487004676,0.12827815,0.073275924,0.6364422,66.73578,57.34292,0.3744795493509674,0.7005135,0.24559464,1.0,0.4288468156221369,66.73578,57.34292,3058,8,23.701768707482994,0.3142696805273545,0.4288468156221369,-0.2389533201120325
94.89835,35.207336,45.847424,24.665033,24.605114,19.048912,17.827557,15.232855,14.658083,15.263663,14.518209,12.852155,11.944514,0.0049503376,0.006831696,0.006366381,0.005713183,0.0050034546,0.0043455935,0.0037972238,0.0033619876,0.003005126,0.0026767761,0.002334226,0.001957821,0.0015570056,0.08204111,1277.912610826405,766.5029602297201,0.0838525071390716,0.44380882,0.4458796,0.50198674,0.46758646,0.5247973,0.458019,0.4134077,0.49777973,0.48985264,0.5971197,0.55321914,0.43808293,0.1190011777124507,0.0820663903670542,-0.046186648751223,-0.1239435271592244,0.0290873585766201,-0.0385420542768552,0.59711975,1,151.99908088,2.472298924561312,2.1490989,1.8195327557031664,0.911007462532334,0.6143526098988616,1.8195327557031664,0.98981965,20.787727782631343,14.996083373246424,18.59168413957232,19.21948431749609,22.877108868847515,22.34365687717716,50.1489782701723,0.017200701,6509.659358553895,0.13426962,0.06126964,0.68665975,54.639347,48.487564,0.332431767887878,0.7377598,0.21058416,1.0,0.4835332014420151,54.639347,48.487564,2704,8,23.611626984126985,0.0,0.4835332014420151,-0.0044327105235964
119.37657,44.887882,25.110264,18.60862,16.824514,14.910109,13.216346,11.832228,11.54329,12.043811,11.116816,11.210538,10.777633,-8.083056e-09,-2.020764e-09,0.0,-4.041528e-09,8.8408425e-10,-1.010382e-09,-2.525955e-10,-1.1366798e-09,-1.0735309e-09,-1.2629775e-10,1.2629775e-10,-7.577865e-10,-1.3892753e-09,0.1406225,1346.800830371672,813.7561934191987,0.0911478981022311,0.40676853,0.4819308,0.41409522,0.49119562,0.49792057,0.39677867,0.44377,0.4066963,0.4783565,0.4471222,0.416948,0.43759647,-0.0845427519431933,-0.1691215829107233,-0.1506494743229606,0.0545805804864657,0.0420213832325757,-0.0226659642572991,0.4979216,0,143.5546875,2.253143108443709,1.7319975,1.532034931905062,1.1229858086587354,0.7785096008322289,1.532034931905062,0.8053076,20.786204053903383,15.248304429459155,18.937703714602787,18.068799290643632,18.8453152169697,16.839365030631413,45.00841963621626,0.032422755,5285.963630903606,0.18919143,0.08264095,0.69598305,76.17369,58.679264,0.4333774834437086,0.594716,0.32127362,1.0,0.319532647471436,76.17369,58.679264,3272,8,21.913832199546484,0.3142696805273545,0.319532647471436,-0.8177704425555391
82.50764,44.683033,30.50611,21.817696,19.725359,17.847553,16.137394,16.25011,19.756289,15.827273,15.714942,14.31032,12.447034,0.019545702,0.009516816,-0.002257515,-0.00026687284,0.0006726134,-0.0009259217,-0.0009951731,-0.00015940584,0.00010458641,-0.001743829,-0.002667876,-0.006786881,-0.0034199278,0.13240246,1165.4712494283592,688.1505696963894,0.0801763343520326,0.49708432,0.35417572,0.3506638,0.44527268,0.4009382,0.56932575,0.3578665,0.4325959,0.43963543,0.37842742,0.44273606,0.37077114,-0.1282201755805688,0.1237640280853853,-0.0549252252846214,0.0168113474053468,-0.0054327233158039,-0.0069184945714642,0.5693257,1,135.99917763,2.2511735645190387,1.9239844,1.5065623964129822,0.9225809259051106,0.6318981457180263,1.5065623964129822,0.96527576,20.08132133576639,15.168064245863096,18.692368737511824,19.01946828510332,19.573971967742448,24.6833647811454,52.5021229190499,0.022693904,5344.968716271958,0.16287456,0.104427524,0.60932535,101.83809,74.28038,0.4126521969295924,0.5052075,0.3213382,1.0,0.1830077998013912,101.83809,74.28038,3118,8,21.9330045351474,0.4,0.1830077998013912,-0.6001657384967541
103.96095,42.281162,31.141405,20.69589,16.574554,17.976944,13.114316,14.705134,12.749661,12.537664,11.4522,12.641239,11.902282,0.00033564915,0.00044087792,0.00034803356,0.00021994891,8.98539e-05,-8.5030715e-06,-5.114464e-05,-3.2576325e-05,3.06441e-05,0.00010416869,0.00014764939,0.00013071111,4.6675534e-05,0.12870795,1147.667042996102,631.3000974231945,0.078217760822173,0.33047,0.4296598,0.3321259,0.41281927,0.3417536,0.29196042,0.31285483,0.3375526,0.53660226,0.34098658,0.38813493,0.39806485,-0.169449432845115,-0.1364249060248801,0.0210537147197509,0.114776175081696,-0.0055730965855547,-0.0339778765862169,0.53660214,0,161.49902344,2.6630434782608696,1.6218984,1.4783629285842064,0.8824433483937145,0.5862418316439929,1.4783629285842064,0.8569372,21.199647024713304,16.990156692507277,20.0838066461112,20.26874455187749,19.534351671856893,18.4736037315326,48.1310302387522,0.030244406,5773.387704903598,0.1409936,0.09420715,0.5994581,82.436646,73.28941,0.3719806763285024,0.55553883,0.32259363,1.0,0.2492426157350996,82.436646,73.28941,2310,8,18.024489795918367,0.0,0.2492426157350996,-0.6578118271089112
103.374756,36.094585,22.957256,19.884174,16.350912,15.516985,13.841373,12.836057,11.389829,11.59045,11.217922,11.340749,11.087995,-0.003988429,0.004243584,-0.0006315413,0.0047965907,-0.0021814024,-0.001289399,0.0024887277,-0.00033948498,0.0011035337,0.0010133508,5.9086433e-05,-0.0001870946,0.0001626386,0.094146945,973.3234979155204,682.7043992698249,0.0487132491458432,0.26832017,0.3877702,0.41731024,0.26497766,0.311779,0.21741812,0.2603724,0.17443939,0.2903454,0.38398975,0.24717227,0.35768062,0.1817763791799147,-0.16164290891224,-0.0325246170177987,-0.1216130378535043,-0.0565513945637369,0.0025076035380947,0.41730988,0,103.359375,1.7244365265672954,1.5088959,1.255996832323112,1.4977973788176333,1.2336000095208757,1.255996832323112,0.89039934,22.72648726329768,18.37156966314788,23.0520524516245,21.861153170154083,20.189515384088097,19.56406884790852,49.72758929212648,0.010541561,4307.316689764632,0.18140584,0.05755019,0.75915676,62.74471,47.216938,0.4323480200780814,0.764872,0.20466195,1.0,0.5760959351283649,62.74471,47.216938,3876,8,26.02299319727891,0.4,0.5760959351283649,-0.2149329528547159
118.06518,40.42207,28.852373,20.174349,21.089663,18.203125,15.415457,16.708223,14.279343,14.070624,12.23522,12.439397,10.689119,0.002434263,0.0022634356,0.00036183777,-0.00029214533,-0.0001971887,-0.00028195354,-0.0003908002,-0.00037603255,-0.00038062857,-0.00046134013,-0.00062581064,-0.0005833858,-0.00011577904,0.14088711,1222.2309222257522,676.3188168959363,0.0865176370259887,0.4396964,0.36863554,0.45053494,0.40444586,0.48556176,0.398764,0.34483618,0.31797206,0.35432982,0.41120458,0.362845,0.44308093,0.0435295374246059,0.022526790426635,-0.0578410864952719,0.0181015468159052,-0.017139755298691,0.0169594574363769,0.48556092,0,151.99908088,2.298514827724816,1.7750999,1.6690264323997823,0.9633484420284738,0.6500837380630919,1.6690264323997823,0.85726506,23.593074373118448,16.024537249768006,20.35000583327694,18.75870997427176,19.11894049150924,18.354133926100715,47.25756187507858,0.02956933,5432.505555808285,0.16101821,0.109250285,0.59576905,97.799736,77.4778,0.4173812875975937,0.51654476,0.3487958,1.0,0.2272597620816567,97.799736,77.4778,3261,8,22.677687074829933,0.4,0.2272597620816567,-0.056656032040094
108.1314,37.0815,23.28364,17.657549,16.276697,12.52246,13.129099,14.433947,11.95384,11.540567,10.402906,11.398238,9.872016,-6.7471984e-09,-3.3735992e-09,1.2650997e-09,-2.1084995e-10,-3.5317367e-09,-6.3254985e-10,-3.1100367e-09,-1.3705247e-09,-1.0015373e-09,5.7983734e-10,-1.844937e-10,1.4759496e-09,3.1627492e-10,0.12395439,1064.5210681155354,544.7076620729101,0.0746433679049812,0.36642188,0.31660122,0.4451416,0.5965452,0.3639212,0.39622796,0.34489217,0.46003845,0.35673046,0.323398,0.35814646,0.32281494,-0.0733836937939377,0.0814976235006256,0.04751851930804,-0.0060575414828779,-0.0059723654202129,0.0098353872312883,0.5965445,1,123.046875,1.990233777810024,1.9184403,1.5110152969623711,0.922958054633448,0.7091431616509312,1.5110152969623711,0.80095047,25.82236550234076,16.1384575484996,19.46171253501784,19.021664382884587,19.42241583177817,17.633252173549245,46.26629626974163,0.032732833,5713.973275049055,0.17517096,0.10324449,0.62916887,100.415504,64.450134,0.4132669983416252,0.5277028,0.3690148,1.0,0.2778445040943116,100.415504,64.450134,3738,8,26.253197278911564,0.4,0.2778445040943116,-1.0328057293363266
85.73586,32.050465,25.514963,18.027058,14.205949,14.6757555,12.691728,11.417877,11.223517,11.782843,10.005467,8.775463,9.334057,0.0,6.2568075e-09,-3.9105047e-10,0.0,-1.4664392e-09,-9.776262e-10,4.888131e-10,1.270914e-09,-5.865757e-10,-1.1731514e-09,1.1731514e-09,-8.798635e-10,1.1242701e-09,0.10329888,945.0445572036376,575.1826201271374,0.0673113970142029,0.31141102,0.34185943,0.3944094,0.31528375,0.39208534,0.4458121,0.43386546,0.354285,0.32004076,0.3306151,0.31715643,0.41977245,0.075425911431106,-0.035848400139335,0.0065258826226992,-0.0528708938319243,-0.0202722973580266,-0.0117584546768621,0.44581303,1,129.19921875,2.1191327413216468,1.9517323,1.0570072592855029,0.6767792269465097,0.5586570177234028,1.0570072592855029,0.81873196,19.3235286546866,14.38574903732887,17.566255556843974,17.762082474501945,18.097960298313915,17.568808969682596,45.17305728418446,0.055601828,5469.0815131863465,0.15824057,0.17107072,0.48051822,147.27904,67.32086,0.5035882714783678,0.5265167,0.31986022,1.0,0.1998431904573375,147.27904,67.32086,4912,8,28.313469387755102,0.3142696805273545,0.1998431904573375,1.7464346350823429e-15
89.53814,38.497963,33.42089,21.839458,17.519352,17.20673,14.153614,13.32801,16.777979,12.950963,12.305644,11.511112,10.16343,-0.061497096,0.0009516752,0.007931629,0.0038505539,0.003533667,0.0008471473,-0.00029290165,-0.0018341764,-0.0009185825,-0.0023307414,-0.00080048415,-0.0032955594,-0.0012458217,0.19050187,1068.0228875692449,627.9269514862019,0.0621017399691278,0.42703795,0.39763102,0.47224975,0.47073877,0.4621947,0.5459146,0.48280904,0.52244,0.42648312,0.4309984,0.4150823,0.39332587,-0.0345675593661671,0.1291175630977396,0.0080177405832163,-0.0261229551671706,0.0082393030190866,0.004508016690816,0.54591453,1,198.76802885,3.3301367794156014,2.1127355,1.404349045342928,0.6992647555214015,0.4941684088046621,1.404349045342928,0.7062461,23.515488647541343,17.264489776119298,20.764639031987763,18.1013396670733,17.438093170393273,19.22801902928825,47.890338002634415,0.012416086,3934.9833022068888,0.22058673,0.11971433,0.6482086,100.298416,99.68885,0.3191834527511153,0.7500842,0.23429294,1.0,0.5649830759517142,100.298416,99.68885,2361,8,21.470589569161,0.3142696805273545,0.5649830759517142,-0.5115738128380616
96.640915,48.4057,27.20356,24.219322,20.431322,17.538914,16.674942,15.683365,12.738761,12.644484,11.134945,10.073043,10.4807625,-8.745545e-09,-2.1863862e-09,-1.0931931e-09,1.6397896e-09,1.913088e-09,9.56544e-10,-1.4348159e-09,3.006281e-09,5.4659655e-10,0.0,6.149211e-10,-1.6397896e-09,5.4659655e-10,0.109474115,1021.750461549866,715.1967709598521,0.0504677147139349,0.33161113,0.45755753,0.35704163,0.48462987,0.40701196,0.21219738,0.28843454,0.30759674,0.46810693,0.3137493,0.26645464,0.39447597,-0.2323406787974166,-0.3243727286289291,-0.0656074075860548,0.2122632027207347,0.0053497541686768,-0.0737395369409102,0.48462945,1,143.5546875,2.308231002794497,1.7030307,1.484822774863485,1.4090553802476486,1.1979145100669646,1.484822774863485,0.7652528,24.869929564083,18.981455790104025,21.582396358026127,19.225815203762444,18.40635933416046,19.71785065496747,45.30491076679879,0.020855285,3264.0389674884027,0.17635146,0.060491454,0.7445893,56.302975,57.235336,0.3492404700487245,0.7904688,0.19327518,1.0,0.6202475972325714,56.302975,57.235336,2437,8,20.25360544217687,0.3142696805273545,0.6202475972325714,1.7464346350823429e-15
86.25458,37.616108,37.431595,26.512156,22.885109,17.135172,14.000377,15.606174,18.424519,15.080611,12.729733,11.3656645,12.617487,-0.0101665165,-0.012929672,-0.0086182095,-0.0027084558,0.0016084684,0.0023180568,0.0013853563,0.0014197202,0.0015385331,0.00035890876,-0.00026713766,0.0010743738,0.0020427338,0.12146508,687.126338155458,596.6983600075292,0.0327140428066957,0.39715713,0.31389976,0.46002722,0.395273,0.25951308,0.2644969,0.33886257,0.60379505,0.48743957,0.39577055,0.41292953,0.3507321,-0.0194171308053931,0.1599041846957121,0.1423644249403851,0.0058572718670595,0.0146297399678188,-0.0197924595204117,0.6037948,1,123.046875,1.881542020631068,1.7774843,1.349811076820341,1.5351013606627069,1.192499984493816,1.349811076820341,0.68143356,22.88818507180824,17.43142167481719,21.328223940181424,19.78603935446213,19.212775876236144,23.59302582914311,47.56896372098333,0.0018455855,1961.5576784780333,0.08086569,0.094357826,0.46149758,67.464096,71.73259,0.333947104117844,0.8959907,0.08063582,1.0,0.8800798025244656,67.464096,71.73259,1995,8,17.339501133786847,0.3142696805273545,0.8800798025244656,-0.0076406405350595
91.85042,36.31352,24.748823,19.007687,13.599574,12.97105,11.760154,10.599233,9.695712,9.906919,8.905947,7.864638,8.255995,0.002042059,0.002942965,0.0027870862,0.0020700903,0.0010499153,0.00014565546,-0.0005234087,-0.000899572,-0.0009420717,-0.0008877567,-0.0009804852,-0.0010941591,-0.0010867948,0.11404094,801.0417774192857,604.4876691848016,0.0293569362645485,0.37864622,0.38145638,0.53527606,0.38286152,0.49703333,0.48231474,0.33245787,0.38902983,0.41420972,0.4955528,0.3706285,0.34501064,0.0419377886221138,0.130786360969833,-0.0604737414478993,-0.0235395484950734,-0.015371390198109,-0.0309024782757841,0.53527564,0,135.99917763,2.2278251334734422,2.2353408,1.503274468941947,1.266585282019083,1.003353527507851,1.503274468941947,0.6941403,22.778767646993582,15.936647555379777,19.283613595380416,17.62573706708473,17.026916055468813,19.154055874098898,47.659397806246496,0.009172466,3414.3092347415045,0.16348132,0.12649718,0.5637685,96.419365,69.579475,0.3871140221895468,0.77032614,0.2545558,1.0,0.6656605631650149,96.419365,69.579475,2896,8,21.714002267573697,0.0,0.6656605631650149,-0.8350105172411916
112.606804,52.33788,21.940012,23.847765,19.816288,21.67527,15.053446,15.817731,13.166211,13.882556,11.279178,10.525975,11.171929,-7.566029e-09,4.728768e-09,2.364384e-10,3.3101377e-09,4.728768e-10,-3.428357e-09,3.3101377e-09,0.0,-7.093152e-10,-1.182192e-10,-1.6550689e-09,0.0,1.3595208e-09,0.13254233,1069.685834800208,824.5002110497229,0.0554924812030706,0.49795058,0.2975135,0.3380325,0.5223327,0.37485856,0.36753717,0.32792556,0.42530954,0.4126919,0.33470246,0.40833116,0.3584429,-0.1277818538822754,0.0904144653154838,0.0417798253353675,0.0777160965904378,-0.0003807116457324,0.0238421963152678,0.522333,1,117.45383523,1.8740774353768908,1.559858,1.4632614683189076,1.0862346057831056,0.8236751886068505,1.4632614683189076,0.74908024,22.29570913340635,16.32438133805217,19.04641228075632,18.2018143291412,17.450862961847545,17.688069786680483,47.34636928395909,0.045525853,3682.774321817474,0.14293166,0.10619587,0.5737266,90.305664,87.10853,0.329903297793206,0.74040914,0.20449959,1.0,0.4798214144589146,90.305664,87.10853,2661,8,23.411519274376417,0.0,0.4798214144589146,-0.5206550679849579
85.96382,38.19056,23.605736,20.251465,17.613201,14.320702,15.322168,14.455549,10.635805,12.269658,10.685636,9.932782,9.734784,-0.012897413,-0.0067455694,0.00035583277,-0.0057829604,-0.0025883534,0.0006208355,-0.0014799379,-0.0011608762,-0.00029966672,0.00097230764,0.0016381835,0.0012374274,0.0008920569,0.09214484,1065.697697751003,585.8312195778539,0.0651521350252893,0.34358084,0.47090164,0.4189104,0.30119923,0.33406729,0.29578024,0.4244742,0.28649122,0.33261317,0.47692955,0.38474947,0.40320617,0.2572023992031801,-0.1612760449366681,-0.076510892218421,-0.1417819583387634,-0.0423086530265247,0.0367628076931204,0.47692922,1,161.49902344,2.6282083545865187,1.5363494,1.3651571948409291,0.9108015548838372,0.6103956302962568,1.3651571948409291,0.9046009,27.666251675492106,17.807846365635967,21.59213200037913,19.220711637470053,20.27067762465514,20.00405878643228,47.75641304526017,0.013763075,4451.807542067308,0.15541503,0.059705388,0.7224526,56.80915,49.362137,0.375432747788178,0.78514785,0.20338602,1.0,0.6386770216962525,56.80915,49.362137,2928,8,22.63899659863945,0.0,0.6386770216962525,-0.0703866976144639
76.1748,32.542877,24.024025,15.479332,15.960903,12.161814,10.437637,9.171365,9.618663,8.86385,8.403837,7.947381,7.1617556,9.956795e-09,6.2229972e-09,-1.0890245e-09,9.334495e-10,2.2558364e-09,-1.0890245e-09,7.0008715e-10,7.3898093e-10,7.0008715e-10,6.222997e-10,-1.0112371e-09,0.0,-5.83406e-10,0.0822394,1152.0072852979292,584.5931807275232,0.0923497541782003,0.49918687,0.587946,0.5095597,0.5408774,0.5109631,0.45425314,0.4516671,0.493527,0.6363893,0.54997116,0.46566793,0.46260625,-0.0583638998646284,-0.0800795820990556,-0.1382163807602952,0.0417020829100283,0.025932954667414,-0.0228229757535767,0.6363875,0,123.046875,1.984869853271066,1.5531745,1.4015320527803965,1.1838199976574677,0.8117450391292069,1.4015320527803965,1.0614886,21.604814635291845,13.717715929807811,16.433470259166782,16.31774404246484,16.82878660013191,16.862603274670878,46.04424610321678,0.05369901,6254.252983454196,0.11950103,0.0579855,0.6732925,59.590374,35.905132,0.44595807162085,0.7477944,0.20889282,1.0,0.5170045293784213,59.590374,35.905132,5467,8,35.58167800453515,0.0,0.5170045293784213,1.7464346350823429e-15
92.92015,36.44938,25.335203,18.166489,13.761695,13.836602,12.789523,12.280312,10.521351,10.913616,10.011103,10.147067,9.187121,3.0523684e-09,0.0,9.538651e-10,3.8154604e-10,-1.7169571e-09,-5.246258e-10,4.2923928e-10,9.538651e-11,1.9077302e-10,-4.7693256e-11,7.153988e-10,-4.2923928e-10,0.0,0.13627188,968.4967925708764,525.4821507876679,0.0639421189218149,0.32114735,0.4228161,0.43204075,0.28770858,0.31474644,0.28336355,0.41032097,0.36140537,0.3339031,0.3714539,0.35894024,0.45410827,0.0942529683785824,-0.0676078653192925,0.0480047676609197,-0.0688375588974548,-0.0046862383858814,-0.0162971251197872,0.4541092,1,123.046875,1.9988809142742825,1.6694387,1.5427554304731534,0.929950920745984,0.704295777368194,1.5427554304731534,0.7735762,22.300648053053816,16.956097737552568,20.65383781826193,19.65960882035388,19.69132983831997,18.12141798670814,47.83168847444334,0.02767172,5002.003923733965,0.22479826,0.10074326,0.69053423,109.05683,81.55608,0.3966189856957087,0.6003566,0.32491046,1.0,0.3470140917561388,109.05683,81.55608,3965,8,29.0162358276644,0.0,0.3470140917561388,1.7464346350823429e-15
116.90497,38.264915,24.9202,25.474314,20.1387,17.41752,16.216986,15.6722555,16.048468,14.982113,15.601453,15.640638,14.386061,-0.028900618,-0.005983311,0.0033493484,0.0014402971,0.001310771,0.0006491161,0.0017006267,0.001909218,0.0022240954,0.0011463668,0.0011540992,0.00020307874,0.0007323313,0.08266113,1157.0589768835134,803.2416501468183,0.068479275348075,0.43560728,0.29161316,0.34852436,0.3081276,0.43257156,0.41925758,0.26358488,0.35637558,0.27333817,0.35195637,0.322623,0.32512617,0.0873881019574993,0.2041839886330896,-0.0329159246678271,0.0228738368282875,0.0196968806045798,-0.0331196593134125,0.43560654,0,129.19921875,2.0450687674094707,1.8290119,1.396858110851331,1.2360966726019993,1.1025674081010843,1.396858110851331,0.76985365,22.548650582490183,16.619343662253236,21.249122945458485,20.23921569561987,19.967678314286367,20.394861607747035,44.51380916855886,0.045507215,5249.75351186899,0.09834701,0.059256613,0.6240109,56.984337,49.647266,0.3694123889109961,0.76237607,0.1976835,1.0,0.5520008231958291,56.984337,49.647266,2785,8,21.88190476190476,0.4453617714151233,0.5520008231958291,-0.3936594509471249
114.6788,36.300495,20.49117,18.816122,13.493707,11.25344,12.979196,11.086589,13.941019,10.498876,10.843986,8.043165,7.7858405,1.4251227e-08,0.0,-3.651877e-09,3.2065262e-09,-2.672105e-10,7.1256134e-10,2.9393157e-09,4.4535084e-11,4.008158e-09,-1.2469824e-09,-2.672105e-10,-1.7814034e-10,-1.068842e-09,0.121961676,861.3710368314778,703.9664150978144,0.0473100094453081,0.20837036,0.33940667,0.2167691,0.22521281,0.30545306,0.21571948,0.39308196,0.30745342,0.4718886,0.37424985,0.27416724,0.27975616,0.0650961723765106,-0.1895221111288851,-0.0560584990402723,-0.0334704939745669,0.0158066093950119,0.0177011758214668,0.47188884,0,107.66601562,1.7055006829883366,1.8216047,1.4142077457773126,0.6020077891518665,0.4338431841752376,1.4142077457773126,0.7812683,22.114934203667143,16.865709508821666,19.849389969073364,18.785106183097188,18.961616681142832,17.207597750964464,44.815700489934535,0.052884884,4481.035034487514,0.20654885,0.12941338,0.614796,117.62509,73.7188,0.4544180833177657,0.61091393,0.32868344,1.0,0.3712126225846651,117.62509,73.7188,4865,8,31.07591836734694,0.4,0.3712126225846651,-1.251037283964893
81.71627,30.037418,24.187624,19.523363,18.25664,14.774964,16.12808,13.765585,14.036735,11.62574,11.503485,10.113016,9.474735,0.00616181,0.0016622468,-0.00042151735,0.0009313321,-0.00015548921,0.0005108772,-0.0011065803,-0.0007000903,-0.0010956503,-0.0005271928,-0.0003210988,-0.0003801946,-0.00039762023,0.09688415,691.4892518100436,289.39729003693515,0.0711149926196451,0.34503692,0.35546845,0.5551622,0.41163662,0.5224713,0.4819327,0.4002031,0.4454518,0.40643764,0.5028923,0.39506093,0.41545045,0.1705400418789227,0.0531391204992905,-0.0267545113499986,-0.0378570326709902,-0.0218574005636878,-0.0195394426478593,0.55516136,0,123.046875,2.05797359926964,2.0292132,1.5649058817339103,0.772166270650967,0.5302878066148493,1.5649058817339103,0.79042304,18.516154508284327,14.542522244000796,16.888476541631093,16.181152063046984,17.9088129069589,20.27687888830896,67.70363387473328,0.0011498138,4869.85980451291,0.10937505,0.14229748,0.43459097,104.519714,66.26367,0.3911238825031928,0.77312136,0.1806551,1.0,0.5591278041648332,104.519714,66.26367,3675,8,27.271972789115647,0.0,0.5591278041648332,-0.477783805899625
104.489204,38.68924,30.439219,23.246523,20.31168,22.088371,19.83254,19.508707,15.894714,14.396698,15.2447605,12.0318775,12.238408,0.008737447,-0.00019728378,0.0018113968,0.0005162458,-0.0012553395,0.0006536228,3.3555552e-05,0.0013180429,0.0010423657,0.0010142716,-0.00077843264,8.058306e-05,-8.542458e-05,0.116746105,882.3202468328204,620.4643359838805,0.0550862522448074,0.4861621,0.29197672,0.334824,0.29765022,0.42930335,0.3438758,0.29042396,0.337829,0.32246864,0.36608648,0.31913456,0.47140434,0.0998386499573523,0.0268861877176197,-0.0400665911638706,0.0688567237622848,-0.0003762889244347,0.00803438435861,0.48616287,0,135.99917763,2.1714937581151266,1.9301981,1.6630647928990527,1.1045080132487115,0.7938251695524697,1.6630647928990527,0.8851889,21.831660025956605,17.257428193272645,21.15818689109162,20.277882794454623,20.763115095060257,20.44572035535893,48.3239041854689,0.02896572,4463.611921479431,0.21932359,0.103045255,0.6803477,107.45992,69.224686,0.4265310538844405,0.59233993,0.2999024,1.0,0.2839292204121147,107.45992,69.224686,3942,8,26.82485260770975,0.0,0.2839292204121147,-1.146375077250266
131.9582,35.23256,21.342257,19.037817,13.781283,12.85468,11.720053,9.694683,10.012131,10.182107,10.557924,9.734937,8.615437,-0.01375518,-0.0105283335,-0.0008947191,-0.0011761104,-0.00034197464,0.0008168419,0.00077252625,0.0005325549,0.00062650995,0.0016734599,0.002110617,0.001736945,0.0012974999,0.10273547,853.7278721838261,560.3311362769217,0.0467149942251606,0.21492758,0.20942761,0.4861695,0.3559672,0.39025605,0.26553112,0.29143915,0.3228875,0.2099235,0.27325243,0.23419456,0.41335112,0.3744712623275487,-0.0355826726247157,0.1547965464004354,-0.0207661869328001,-0.0025033288320454,-0.0773766151411629,0.48616964,0,117.45383523,1.6494233378561736,1.2179879,1.7423111338390294,1.2685797910418437,0.9951257550481148,1.7423111338390294,0.9118706,24.85793696747399,18.425198898577086,20.88256806072803,19.864423799063808,20.36464002823044,18.44343386983972,45.7425923952452,0.010003169,3386.04796059291,0.13224132,0.045163754,0.745416,47.534264,47.106777,0.3815478534856242,0.793593,0.21394897,1.0,0.6400746344806543,47.534264,47.106777,3875,8,29.48,0.3142696805273545,0.6400746344806543,-0.214674916667792
132.91032,41.192623,19.966972,18.107689,13.296586,11.340028,9.645578,9.99573,8.9508705,9.159899,9.876851,9.3576355,9.43653,-0.0001210723,-0.00017081006,-0.00016955522,-0.00016749158,-0.00016463047,-0.00016101319,-0.00015667362,-0.00015166732,-0.00014605337,-0.00013989101,-0.00013325026,-0.00012620621,-0.000118834425,0.11086146,1041.0481765279064,692.2610084905084,0.0647306168177709,0.30640876,0.28503957,0.43128705,0.30832854,0.31870973,0.2546327,0.349747,0.40114054,0.2754326,0.34627032,0.26474926,0.38633096,0.2598349065777153,0.0852749819950377,0.0856203829241,-0.0099193300496145,-0.0114897108925304,-0.0109800388116921,0.4312874,0,151.99908088,2.4274396304898342,1.2450716,1.2727188009132542,1.0920321130436108,0.7257038243303283,1.2727188009132542,0.8711417,21.229865513023004,17.62185599294024,21.07560028137594,20.13365266479673,19.70227027660305,19.3523140506496,47.496193620397705,0.029239386,4511.497176827127,0.15377575,0.07058892,0.68538004,68.33616,60.611,0.3891832632925269,0.6705919,0.2979719,1.0,0.4505806976218801,68.33616,60.611,4260,8,31.77215986394558,0.4453617714151233,0.4505806976218801,-0.9454443881592272
172.94348,39.62987,26.343649,17.695469,11.793606,14.35142,14.209817,14.3582535,11.416038,11.313336,12.836779,9.850707,9.805682,0.0,5.8996247e-10,3.6872655e-10,4.4247184e-10,-1.4749062e-10,-7.374531e-11,-7.374531e-11,-8.111984e-10,7.374531e-11,0.0,-8.849437e-10,7.374531e-11,1.4749062e-10,0.09631164,976.0817495080382,781.4266020554185,0.0641338315024705,0.2922899,0.45035714,0.30474707,0.21310864,0.24376543,0.24683456,0.3232996,0.22927669,0.28165805,0.36625096,0.33218372,0.36767036,-0.0003825596846477,-0.1164668740923714,-0.0835620891807397,-0.0803559062430801,0.02210878172158,-0.0129320597647234,0.45035684,1,99.38401442,1.3854786946098523,1.1069024,1.401551768314682,0.9347958263804746,0.6478567678421246,1.401551768314682,1.0522612,19.85910750142941,16.009440906973158,19.77885909881397,19.801557615861057,19.39805406039645,22.00953428586628,44.27486521927463,0.05910861,3836.24620422873,0.112969115,0.05635819,0.6671603,61.740196,47.193394,0.4843399582398886,0.6336119,0.31597257,1.0,0.3935964170144932,61.740196,47.193394,6263,8,37.53215419501134,0.0,0.3935964170144932,1.7464346350823429e-15
98.044556,29.329744,27.891024,18.913212,14.574752,13.157835,12.447201,9.708462,9.891511,9.616869,8.160977,7.2385783,7.0725665,-2.060805e-08,2.9440073e-09,-2.2080053e-09,-1.1040027e-09,-2.7600067e-10,2.3920057e-09,5.5200133e-10,9.2000224e-10,-5.980014e-10,-5.980014e-10,-3.680009e-10,-3.680009e-10,1.2880031e-09,0.072543256,934.2712975936308,589.3413690017189,0.0568966420891051,0.4561282,0.31745654,0.31443065,0.42810914,0.3984974,0.51016146,0.31985426,0.38053775,0.34619573,0.3205782,0.37703747,0.32005876,-0.0504296521008325,0.1051095735491123,-0.0481121988766084,0.0678615302928994,-0.0004273013931486,-0.0106943930213237,0.5101618,1,161.49902344,2.505455182706223,1.6027156,1.2122981542401026,0.9128830580358064,0.6121099048022363,1.2122981542401026,0.8335583,19.550092912525976,14.888515916206536,19.00022989379325,18.182801352466218,19.44204129627884,19.252724311828548,45.65914584987036,0.035066906,6227.39777370882,0.122977525,0.089383535,0.57909364,82.35838,40.79858,0.4902074288470815,0.69377565,0.22963999,1.0,0.4099832303987021,82.35838,40.79858,5081,8,30.0843537414966,0.3142696805273545,0.4099832303987021,1.7464346350823429e-15
84.97645,37.08005,25.134539,19.024572,19.330715,15.402441,14.010036,12.996746,14.054812,12.096894,10.793304,10.223921,10.189212,-0.03302973,-0.026446039,-0.0051119444,-0.0036432885,-0.004989058,0.0005085818,0.0028865335,0.0016791122,0.0012353852,0.001391481,0.0011874577,0.0012349219,0.0035799975,0.104197815,1059.3837125405307,616.200904316408,0.0683955131310062,0.3531868,0.43320304,0.31796506,0.38590997,0.3707108,0.30283836,0.38697022,0.3183373,0.4170321,0.32549435,0.30007645,0.43433473,0.0342009153160269,-0.1966956980421081,-0.0275503270164717,0.0691233035078034,0.0135748331865927,-0.0069447626338329,0.4343344,1,103.359375,1.631478040675522,1.7513202,1.465282659275628,1.0194625442962044,0.7573023695468724,1.465282659275628,0.8208185,25.26438449037329,16.8789096852678,19.70730095702992,17.797064975311,18.51894673269677,18.67184644586755,49.04046352402013,0.019835297,4838.013194691052,0.13432455,0.07752633,0.63404936,72.2563,56.468113,0.3618730110622821,0.73080885,0.2019893,1.0,0.4631708907254361,72.2563,56.468113,2388,8,19.154410430839004,0.3142696805273545,0.4631708907254361,-0.0330515680353225
136.43321,36.89904,28.239508,22.462933,17.634483,18.084478,15.760391,15.692844,12.671605,13.080251,10.190945,10.227601,9.727209,3.5390906e-09,-8.8477264e-10,8.8477264e-10,3.0967042e-09,0.0,1.7695453e-09,0.0,1.3271589e-09,-2.2119316e-10,-2.2119316e-10,5.529829e-10,-1.1059658e-10,7.7417606e-10,0.16609944,1360.2925583524675,919.4726557776612,0.0816967900454085,0.5374881,0.51280266,0.5134592,0.48861873,0.54969454,0.49157545,0.48182103,0.509006,0.49488288,0.5482577,0.5125082,0.5589389,0.0192852389109978,0.0939753820256254,-0.0523428391539648,0.1573571560957781,0.0236515660721466,0.0679965932478049,0.55893815,1,129.19921875,1.872930433106456,1.4421682,1.9168794243392573,0.9344480335060396,0.6158329262292741,1.9168794243392573,1.020291,19.50645272747716,12.892919272551676,17.28356161432995,16.46514841571368,17.098299380956476,16.743519713135502,46.7823719986209,0.09776069,5572.8219360648845,0.23875381,0.0911496,0.72370595,78.98438,60.298042,0.4200881466017165,0.52390635,0.3262964,1.0,0.2173087708748259,78.98438,60.298042,3622,8,25.027624716553287,0.0,0.2173087708748259,1.7464346350823429e-15
78.717026,24.53736,15.187306,12.515693,11.535205,10.188702,8.908403,9.10514,8.806666,8.612155,8.248489,8.306251,9.12613,-0.0026002035,0.0010839588,0.0013809393,9.78522e-05,-0.00027472962,0.0010071005,0.00039314272,-0.0007272477,-0.00049654226,-0.00059358065,-0.0005568575,-0.00025183038,-6.261536e-05,0.0647938,782.4245074862764,417.2038993277072,0.0663416885013658,0.4274232,0.32356316,0.3957457,0.42474416,0.30789846,0.3290609,0.30965245,0.4902866,0.40870142,0.36439508,0.42893842,0.39762962,-0.0388703939874576,0.086899621020682,0.0355050929762479,0.0510469792067552,0.0104922538863548,0.0183069773272271,0.49028778,1,117.45383523,1.9672637430512665,1.3782308,1.1671371956621428,0.9690973456294668,0.7371131206600183,1.1671371956621428,1.0611506,19.25905089490606,14.177815412326296,18.50695327682817,17.390218552690502,17.441459257012202,16.827344541422857,46.1559226858129,0.052353628,6360.445240440046,0.100262254,0.057244033,0.63655627,59.567875,37.769268,0.3820557873929277,0.774651,0.21012488,1.0,0.6231612332325293,59.567875,37.769268,3479,8,26.43265306122449,0.4453617714151233,0.6231612332325293,-0.7525340417134323
85.51554,44.041412,31.461359,19.245335,17.901592,15.528448,14.865321,13.531666,12.784991,12.042354,11.471656,12.014049,12.963769,8.422127e-09,-1.5791488e-09,1.0527659e-09,-1.3159573e-09,9.211702e-10,1.8423404e-09,0.0,-2.3687232e-09,-1.0527659e-09,-4.2110635e-09,2.3687232e-09,2.6319147e-10,6.579787e-11,0.13200796,1112.8106738797708,749.7509677267236,0.0637370240167466,0.43702176,0.41203105,0.34698942,0.47394678,0.3874272,0.5307515,0.3573824,0.3335438,0.41119486,0.36676854,0.40531042,0.34490174,-0.1877563657136015,-0.0323752844215853,-0.0903648305635498,-0.1637122421540524,0.0359191543380307,0.0159655940558937,0.530752,1,161.49902344,2.650788298396233,1.7761929,1.7485711685847265,0.9629981619321296,0.6821992255644145,1.7485711685847265,0.9505709,21.94229103539188,16.409683956049104,19.68117297220004,19.57637892107681,19.453422344764373,18.217189809417164,48.08060270148839,0.017487684,4987.014966322271,0.17331012,0.08344636,0.67499536,76.77671,68.602394,0.3573005796301408,0.69923025,0.24746524,1.0,0.4305869709003839,76.77671,68.602394,2589,8,21.03147959183673,0.0,0.4305869709003839,-0.3578281366974375
106.870125,38.194633,31.84047,19.092323,19.28841,17.240252,15.704564,14.635929,12.703363,11.918219,12.509623,9.295143,9.900201,-0.00836139,0.008775456,-0.005959243,0.002396013,0.004938643,-0.0019123267,0.0013468972,0.0018864943,-0.00013417954,-2.841902e-06,-0.0010974997,-0.00037208805,-0.0007102759,0.160074,1200.010183422124,554.3840052167469,0.0946565402513895,0.40313348,0.4028974,0.4031649,0.48940548,0.4719463,0.42136848,0.39771417,0.4401579,0.62685966,0.6230809,0.45818976,0.40589577,-0.0253145700597594,-0.0484200955937637,-0.0898376210593722,0.0040080808978126,-0.0080767825785428,-0.0191276890650321,0.6268597,0,151.99908088,2.418055723620523,1.75584,1.4411371165293023,0.9359074198468438,0.6177973173923864,1.4411371165293023,0.8930871,20.14224906619299,14.331769619733182,17.119235001016534,18.644184977641693,17.2480699613022,17.36596247380007,44.85646573049528,0.040651906,6436.132090070606,0.18600656,0.11271133,0.6226809,100.98114,75.4183,0.3790623703498824,0.5154449,0.32374963,1.0,0.1858337865998708,100.98114,75.4183,2741,8,20.987936507936507,0.3142696805273545,0.1858337865998708,-0.6235782997318429
110.61238,42.239643,25.318449,19.829802,18.948492,18.630829,15.517527,13.7081995,13.261778,11.95121,13.964393,12.757052,11.273059,-0.03393924,-0.016393473,-0.00069250236,-0.002716251,0.0010960308,-0.00029031382,0.0028314032,0.0015119478,0.00010844726,-0.0007869521,0.00040222896,0.00043764428,0.0008972379,0.16785029,1200.7341294596065,710.7500501915911,0.0813866938682917,0.46452382,0.3522635,0.42612737,0.41742083,0.66105086,0.43911314,0.42748734,0.4057814,0.30440396,0.35039726,0.31862202,0.4508582,0.2176480843419242,0.0522335281598547,4.2923281963257554e-05,0.2391164612468303,0.0570763190304661,0.0241334694751924,0.66105044,0,143.5546875,2.281330119914929,1.5888555,1.1541161340807922,1.166990140176827,0.7892876535205652,1.1541161340807922,0.81899285,26.330850562784324,17.330695846161554,20.555823078251105,21.44782724597464,19.5826641611688,18.543439463146907,48.239391757124295,0.019721353,5019.459339781828,0.18561211,0.078736156,0.70214725,70.79061,67.22248,0.3929184832870921,0.67213637,0.30828378,1.0,0.4378378812283068,70.79061,67.22248,2974,8,21.97183106575964,0.4,0.4378378812283068,-0.1877873889883671
102.612946,42.665966,33.20339,19.144716,19.957079,18.419664,16.920883,16.139675,13.448297,12.933497,13.301185,10.879305,10.187688,0.018818635,0.009837999,0.006732651,0.008231833,0.003637378,0.005378668,0.0050693704,0.0048399665,0.003047878,0.0017878328,0.0030754104,0.0025934011,0.0018167524,0.17565529,1301.5993481633614,737.0940351519168,0.1108273570960297,0.36793974,0.39574674,0.4455168,0.38800478,0.41186568,0.4448885,0.548671,0.512311,0.52194965,0.45582196,0.37424552,0.45635054,0.0524873469138121,-0.0843942544655148,0.0239426267967462,-0.073263074460534,-0.0117318331077578,0.0027611443967115,0.5486707,0,151.99908088,2.4743624543191567,1.6456354,1.813748474097837,1.0795454381826042,0.7191479461317227,1.813748474097837,1.1316134,19.83848442924613,14.90854701394659,17.279541129350545,19.000215717694363,17.137108117433108,19.082639301056787,46.51389706623515,0.05342198,5961.340114824288,0.14856862,0.105420984,0.5849374,89.69612,75.97395,0.3593220338983051,0.49846217,0.33720875,1.0,0.1987490825072488,89.69612,75.97395,2120,8,17.12562358276644,0.4453617714151233,0.1987490825072488,-0.3705933909213618
79.72806,36.760113,28.009031,18.703419,17.807152,18.103975,15.19438,14.450741,12.838784,11.12723,10.454037,9.419542,9.641941,-0.007304432,-0.008591261,0.0052867895,0.00013992027,-0.0038526426,-0.0014193705,0.00039604193,0.0037318964,0.0025842725,0.0030556784,0.0007706175,0.0016355766,-4.8098198e-05,0.18717755,1098.8683294410082,446.4594305398688,0.0989936352511276,0.34610668,0.47034,0.388925,0.32562295,0.35511118,0.4361378,0.59780467,0.44612554,0.45692873,0.4345187,0.36087713,0.34283382,-0.0201817478238633,-0.1610196372740171,-0.0622615217917279,-0.1112849210663658,-0.0151228452058144,0.0358090033961742,0.5978042,0,143.5546875,2.323070652549849,1.7043282,1.829747414848524,1.0407234390719713,0.6865260549354164,1.829747414848524,0.98579794,19.74576394788772,14.80284508477761,17.95523298462304,16.66844042148109,16.89317733197885,17.477809048189343,50.03698721938649,0.042414512,6023.925306803089,0.17938265,0.11783144,0.6035449,101.680855,88.99602,0.3547683923705722,0.50858897,0.36006278,1.0,0.2189387161303014,101.680855,88.99602,1953,8,15.981003401360544,0.4,0.2189387161303014,-0.3181268276704906
81.77685,52.73705,27.303665,20.001139,18.58677,15.028469,14.331761,13.725501,12.29604,10.959209,11.701227,9.375442,8.809098,-0.00784457,-0.006264851,0.00015158289,0.0008685783,-0.0005148623,-0.0007944453,-0.0011222454,-0.0015404966,-0.0012418309,-0.00062905706,-0.0004983309,-0.00074666674,-0.00025153175,0.14841059,1359.267010614635,578.8270771630098,0.1166010530156802,0.3036995,0.3840628,0.53436553,0.43662038,0.33864576,0.36109424,0.48198825,0.5990462,0.43097007,0.39674866,0.41240498,0.33750346,0.0657443293762225,0.0703580614322711,0.1623323430902046,-0.0758720149565205,0.015105068273151,-0.0188999898858762,0.59904605,1,143.5546875,2.364316799496644,1.6424034,1.5574992380964618,1.039411029275266,0.6901457688326437,1.5574992380964618,0.9347946,20.954259214159134,15.669036852490551,17.79060718770055,18.246744644705124,17.79329338672423,16.939051728967943,46.13082878585384,0.046721358,6285.22149396893,0.19414887,0.102179766,0.65517867,99.97042,65.54591,0.4383892617449664,0.41495675,0.37940204,1.0,0.1623820070395586,99.97042,65.54591,3266,8,21.62358276643991,0.4453617714151233,0.1623820070395586,-0.1421324448702539
78.772964,36.5222,30.969978,20.12065,15.935988,12.476839,13.104519,12.64793,10.546418,9.966474,10.547646,9.868132,8.970155,-0.030496337,-0.013038444,0.0032438845,-0.0031499928,0.0002488986,-0.0008498666,0.00044053202,5.4791053e-05,0.00063266617,0.0009088073,0.00096199545,0.0016240936,0.002790614,0.16696203,1166.3803227613985,625.516104974074,0.0689349210277317,0.3721448,0.45526236,0.564876,0.46014383,0.44551882,0.3882906,0.3546234,0.39561847,0.57141405,0.6894387,0.57179433,0.41398367,0.1596716527844871,0.0377841059620677,-0.1357893437709176,-0.1927427737643679,-0.0348718981159981,-0.0168879324897161,0.6894373,1,143.5546875,2.116646075636592,1.6248977,1.4841583764785595,0.929492608974676,0.6277069308167322,1.4841583764785595,0.9647986,24.33846522175164,15.618544597908713,17.38287707955841,16.85619505630887,18.1074238209842,18.52546759703924,48.90151769579272,0.02169791,5953.865538799214,0.24334602,0.10205098,0.704538,101.419495,79.98996,0.3945122609916819,0.5756722,0.27886686,1.0,0.2325711449057785,101.419495,79.98996,3652,8,26.870340136054423,0.3142696805273545,0.2325711449057785,-0.2569344612592197
102.16172,44.340843,27.02562,14.940281,14.5822315,13.207441,12.35346,11.544574,11.536268,10.553627,11.038804,10.147418,8.573909,-0.01740476,-0.010826748,-0.00097001327,-0.0027062076,-0.0008847417,0.0018721118,0.0033235864,0.0024199532,0.0026880424,0.0013508286,0.0002646377,0.0011543813,0.0021041175,0.18817022,1206.2555340841452,509.9990234662829,0.107029651265517,0.5339881,0.45074436,0.3567772,0.34341332,0.40992808,0.65737164,0.495068,0.39142948,0.38079512,0.3753521,0.3464188,0.36399803,-0.0431064847678955,0.1653550727761074,-0.1616316612290025,0.0889516826767443,-0.0426520962094193,-0.0265492660350219,0.65737206,1,143.5546875,2.345883749808134,1.6095773,1.6615561467633984,1.0624161073137175,0.7318509140106486,1.6615561467633984,1.0209568,21.22733964255172,15.50653617766386,18.39084071724937,17.172434054905878,17.695910032388376,16.674080869997518,47.77596665131717,0.047511477,5999.2533560453485,0.18275139,0.10353798,0.63834274,89.7679,78.63847,0.3751299646496153,0.5610828,0.3310442,1.0,0.26952692977641,89.7679,78.63847,1804,8,13.96062358276644,0.0,0.26952692977641,-0.207319482134589
91.921684,39.31875,32.102364,20.719936,17.445423,16.041798,14.782041,16.7135,13.074019,12.151058,12.699736,12.821713,11.707684,0.0,0.0,-2.3866267e-09,-1.7357284e-09,1.5187624e-09,3.254491e-09,-2.1696606e-10,-8.678642e-10,-5.4241517e-10,-2.1696606e-10,1.898453e-09,7.0513967e-10,8.678642e-10,0.16078727,1112.6647784868946,553.6208956294796,0.0822757457254267,0.43909326,0.44880688,0.4732865,0.41444144,0.4299787,0.40093502,0.49332458,0.45595753,0.45207497,0.490733,0.46165416,0.5395173,0.0477993688511945,-0.0598552417822317,0.0265686280687243,-0.0394978805769793,-0.007150117465297,0.0302654694347513,0.5395177,1,99.38401442,1.6168275383959043,1.8269193,1.503322175344885,1.2715431543179452,1.1492416891678598,1.503322175344885,0.84217966,21.267962405528426,15.768642080223978,19.47265647605595,18.806874785786537,18.75978572109423,19.06959470564617,47.19583355618437,0.028649041,5656.10939210734,0.2341428,0.10791502,0.6845103,94.70108,87.26372,0.3253697383390216,0.5737481,0.34443426,1.0,0.299011495363306,94.70108,87.26372,2860,8,25.512925170068023,0.3142696805273545,0.299011495363306,1.7464346350823429e-15
112.47821,42.60609,30.252441,20.335201,17.64849,22.72817,17.920786,16.256737,13.323769,13.891148,13.517303,12.900855,12.199491,6.5813195e-09,4.113325e-09,-4.1133247e-10,-1.2339973e-09,1.3368305e-09,1.2339973e-09,4.1133247e-10,2.4679947e-09,8.2266494e-10,2.2623285e-09,-4.1133247e-10,-1.5424967e-09,-1.0283312e-09,0.14071725,1255.9429377358,807.9573306090938,0.0724369680264113,0.5021684,0.48449183,0.28331593,0.42299703,0.3053092,0.4662345,0.34663647,0.30288628,0.4228804,0.39104742,0.46975762,0.34668735,-0.2897891230816579,0.0606382772577356,-0.1030446845264701,-0.0221844673450003,-0.0072396088850405,-0.0058066972911428,0.5021688,0,89.10290948,1.4118610482044645,1.5657214,1.359102944115703,1.5922702965190836,1.4185815149575227,1.359102944115703,0.79905385,24.99333181830834,17.210278457961323,21.16807151893603,20.01615607230333,18.763022452613843,20.50804441267559,46.729254551346536,0.027086306,5126.410410973386,0.18276538,0.08492252,0.68275285,72.58543,78.81017,0.3250296559905101,0.60184664,0.33060876,1.0,0.3062395470809866,72.58543,78.81017,3014,8,26.91482993197279,0.0,0.3062395470809866,1.7464346350823429e-15
88.26535,41.061882,27.850748,20.113577,19.804832,17.487976,16.442661,14.224766,13.5879965,12.541582,13.148386,11.742408,10.356316,-3.9402943e-09,4.9253677e-09,-4.432831e-09,0.0,2.4626838e-09,-1.8470129e-09,1.4776103e-09,-1.0466407e-09,-3.6940256e-10,2.4626838e-09,1.231342e-10,2.462684e-10,-1.2313419e-09,0.14017023,1221.5990259009168,641.8041197067893,0.0803459753129833,0.3014137,0.42783827,0.36196092,0.5313688,0.46304402,0.33698216,0.41196552,0.35890678,0.49956414,0.3679922,0.3142579,0.3062559,-0.1118992033508282,-0.176635298365211,-0.1034759167145903,0.0677332161434515,0.0338097660861878,-0.0241244346179817,0.53136885,1,143.5546875,2.302362110989153,1.6890503,1.681307712260221,1.011806402202824,0.7189448735104285,1.681307712260221,0.94428396,21.09020433027439,15.92770572730691,19.58915132028708,19.101275295627005,17.49526557013878,17.358568317853358,45.99077514239623,0.056573853,6414.427040252784,0.16084048,0.09020574,0.64067817,81.11327,68.287285,0.3814566115702479,0.56728745,0.30570176,1.0,0.2440097841086171,81.11327,68.287285,2954,8,22.47691609977324,0.4,0.2440097841086171,1.7464346350823429e-15
119.52543,50.557446,27.623404,19.306057,16.503508,15.8329935,13.281805,13.96932,12.210212,10.433895,11.844331,9.70148,9.239251,0.00077569904,0.00054498186,-6.0949938e-06,0.000478799,0.00093444565,0.00059121056,0.00039473237,0.0006231686,0.00050429784,0.00026681306,0.00044609891,0.000555798,0.00041157613,0.16445586,1093.896850570343,822.0091854812313,0.0713698085930996,0.41703126,0.32831794,0.46432602,0.3946384,0.54411733,0.36910513,0.34227985,0.4134916,0.3672599,0.4629044,0.3611431,0.48640472,0.1553087730030775,0.0700934852027684,0.0249782040352758,0.000464097954341,-0.0123353613398701,-0.0374975872061188,0.5441164,0,184.5703125,2.8764956197083724,1.4204358,1.3237124871538777,0.8793416079893165,0.5912262740295688,1.3237124871538777,0.9567643,20.287063620395376,15.22641774667538,18.11424965175866,18.78682465975765,19.041482229064165,19.97863278893839,46.37098598922192,0.0735147,4235.220269097223,0.19927323,0.09746379,0.671546,90.3013,83.779976,0.3647695202257761,0.6149953,0.3106687,1.0,0.343119491560278,90.3013,83.779976,3102,8,24.68281179138322,0.3142696805273545,0.343119491560278,-0.0479867718265591
140.08394,41.291416,32.787415,22.804714,21.482746,16.489265,15.037439,13.344706,12.747803,11.673726,11.479721,10.5037155,10.936996,0.0015013032,0.0018137534,0.0010561536,0.00024537815,-0.0002602165,-0.00034825687,-0.0001676571,3.2610096e-05,9.4490475e-05,2.687624e-05,-6.2079205e-05,-8.727486e-05,-5.1084222e-05,0.14965023,1170.8828758472598,880.682336728399,0.074210871817698,0.3840568,0.5114135,0.38100854,0.43413714,0.3770432,0.47497776,0.37407318,0.4019331,0.55351937,0.38583124,0.39576006,0.3029139,-0.1193954163362419,-0.0357906947680927,-0.0756461438689817,-0.032401920027316,0.0205962852363759,-0.00439798924662,0.5535196,0,95.703125,1.3821572582765578,1.5388658,1.5308531092368245,0.9181157173660852,0.6421008722456683,1.5308531092368245,0.904231,17.941611977043785,14.232003471948454,17.97854347867242,19.42486394521786,19.904605201902363,21.665740343696232,50.510407836506175,0.015127004,4698.658083657522,0.21094985,0.12596473,0.62612075,110.13171,76.994255,0.4132471728594507,0.49592787,0.36613432,1.0,0.2269475391081755,110.13171,76.994255,3837,8,26.95062358276644,0.0,0.2269475391081755,-0.0024093832678165
130.33478,55.60826,36.262848,21.908012,20.4844,17.264666,14.821783,16.655346,14.213312,12.246796,11.828094,11.339867,11.696108,0.0,0.0,-6.224789e-09,-9.154102e-10,1.4646563e-09,-2.3800664e-09,1.2815743e-09,2.0139024e-09,-8.2386914e-10,-1.4646563e-09,0.0,9.154102e-10,3.6616407e-10,0.1397589,1059.3249789241115,956.2270924309164,0.0616029534049872,0.36609513,0.37678418,0.5416014,0.43514144,0.46483466,0.47956562,0.42811233,0.5158037,0.4487957,0.50648755,0.52598304,0.36552224,-0.0307798689020076,0.1377774744191999,0.1829393031107662,0.0119065013456895,0.0561145238836936,0.010229215284621,0.5416013,0,161.49902344,2.191123983887697,1.493693,1.3954945624523738,0.8659527998808385,0.5800169046734248,1.3954945624523738,0.85348666,20.86490427639118,15.599854058182954,19.15253701848734,18.801016042476327,19.61628725538458,26.985627847689887,45.54583994448914,0.076475106,3101.19566804824,0.22913446,0.067222275,0.77316844,68.94675,67.665825,0.3635403667082653,0.7088628,0.24369636,1.0,0.4651262208028465,68.94675,67.665825,3787,8,30.23562358276644,0.0,0.4651262208028465,1.7464346350823429e-15
104.74853,41.43676,29.40335,19.806631,17.180271,15.005873,13.936341,14.334527,13.841477,12.142813,10.813836,11.577694,10.40911,0.010619999,0.009600882,0.0006969036,-0.0020036467,-0.00041318696,-0.0004291501,-0.0015491314,-0.0012893144,-0.0006300054,-0.00081407226,-0.0011783402,-0.0012253744,-0.001044555,0.09972825,1028.05569639264,765.8317725970978,0.0558665200444424,0.4633143,0.3817089,0.49372283,0.38178402,0.41455647,0.47488454,0.39566955,0.53230524,0.4522364,0.5381089,0.43557438,0.36271277,0.0412762609545881,0.1905244719552175,-0.0631356298041515,0.038429102385112,-0.0088443280265134,0.0006774536129849,0.5381083,1,99.38401442,1.6171417020416414,1.6024625,1.0908769388831383,1.0019341271736453,0.7329660410836949,1.0908769388831383,0.8452177,21.12578128915128,15.280390065607518,18.418607509192007,18.66810312014314,18.61838110669106,19.26209101592732,47.30963200727798,0.044897616,4847.66930215545,0.18753758,0.07296657,0.71989965,70.47765,55.304264,0.3418612838868677,0.6993596,0.2502154,1.0,0.4384423027363609,70.47765,55.304264,2913,8,24.735,0.0,0.4384423027363609,-0.018803713159048
136.8707,40.255016,22.894106,16.42591,14.631491,13.372966,10.572171,13.603893,10.285427,10.1554165,9.589564,9.518378,10.726238,1.3995679e-08,3.4989198e-09,-6.5604744e-10,0.0,2.0774835e-09,-7.380534e-10,2.1868249e-10,-1.3667655e-09,4.3736498e-10,-8.200593e-10,-4.3736498e-10,-1.09341244e-10,-4.3736498e-10,0.10313034,1134.2330960026984,824.1786906894741,0.0767282519654836,0.5170903,0.34045434,0.4489472,0.34468916,0.4975333,0.2764589,0.2900674,0.4386399,0.294556,0.35121942,0.25769597,0.40379614,0.1505953287613514,0.1001176076265397,0.0190737189046618,0.0985046593608818,0.012325440797703,0.0121105407508871,0.51709104,0,123.046875,1.906161313209494,1.3004271,1.2691877036519,1.0692261561677014,0.8918816394732443,1.2691877036519,1.0521256,20.472849235968585,14.63693752205518,18.244345910560327,17.998573376911107,18.82453039367819,19.076729247764742,44.653358797435445,0.083610386,6282.463845242275,0.1744507,0.10132864,0.63257116,97.39238,58.23691,0.4516683866529067,0.43992886,0.40154237,1.0,0.1954569491176429,97.39238,58.23691,3939,8,25.31265306122449,0.3142696805273545,0.1954569491176429,1.7464346350823429e-15
130.74962,41.219055,30.85076,21.372086,19.088577,16.335648,15.899396,17.558325,13.25003,12.988434,11.477061,10.415357,10.869317,0.0102167055,0.0044647306,0.0015342281,-0.0012350014,-0.0022204984,-0.00088953436,-0.00020204147,1.0467685e-05,0.00056562695,0.0003083074,-0.00076783274,-0.000814531,0.0004799904,0.14351149,1086.5927993468183,670.5958235956938,0.0720725138987867,0.30774027,0.29905298,0.30445722,0.34485045,0.3726916,0.50225776,0.484181,0.39068827,0.396794,0.37926906,0.4444755,0.33910212,0.0199201011367276,-0.0125482619007978,-0.0233505845175642,0.0436197963506386,0.0187292963975448,0.0069689443263055,0.50225794,1,99.38401442,1.5894713458441252,2.5346646,1.2820463427625288,1.150945836373648,1.2056525297368796,1.2820463427625288,0.6642876,21.25513598716988,16.69546793841838,20.56448294890476,17.835174314319904,17.676242625071566,17.960293068709195,46.66276750654177,0.024522144,4312.809312569554,0.2516399,0.15927336,0.6123903,144.5914,84.690506,0.4696251615682895,0.51897895,0.3756163,1.0,0.2613739537148628,144.5914,84.690506,3270,8,20.21112244897959,0.3142696805273545,0.2613739537148628,-0.2078245794517753
117.816414,36.224762,32.736244,29.454802,21.845842,19.797598,17.912464,15.396751,12.21112,11.241953,11.861633,10.837906,9.916267,-3.6648946e-09,1.3743355e-09,-6.8716777e-10,2.290559e-09,9.1622365e-10,9.1622365e-10,-1.8324473e-09,2.290559e-09,-4.0084785e-10,-1.1452795e-09,-1.5461274e-09,3.4358388e-10,-1.3457035e-09,0.12389409,944.6161501720512,780.5616637014529,0.0535371770904535,0.42368215,0.3304501,0.41882545,0.30860648,0.37787226,0.27033523,0.33467084,0.36165604,0.30214983,0.4135202,0.33609337,0.47997463,0.1606622935765875,0.1141831937884098,0.0047046200790178,0.1440099631777846,-0.0047835113436565,0.0826688103098881,0.4799744,1,95.703125,1.577618773270478,1.5855193,1.4826015283509664,1.1512416167670962,1.0188185593741448,1.4826015283509664,0.9037199,19.73353055658011,17.368705642367086,20.250235814877865,18.61589996603459,19.537887209421463,20.506776066134545,46.11901302537544,0.01875955,4597.169487482362,0.14635892,0.0792909,0.64860797,73.71331,64.030876,0.4517175114100408,0.6302118,0.26898792,1.0,0.3037386256715906,73.71331,64.030876,3761,8,24.166167800453515,0.4,0.3037386256715906,1.7464346350823429e-15
101.9465,43.721764,32.448887,20.795698,18.108685,17.678717,16.886562,13.417788,11.498999,12.364654,9.652845,9.82839,8.529528,-1.7508651e-09,-7.0034605e-09,1.3131488e-09,-4.3771628e-10,2.2980104e-09,1.9697233e-09,5.4714535e-11,6.565744e-10,2.1885814e-10,-4.3771628e-10,1.1900411e-09,-3.282872e-10,7.660035e-10,0.22460641,1455.6221859779323,749.2330382871937,0.1026803850992831,0.4149892,0.26369408,0.3623207,0.30227846,0.30883253,0.3760519,0.34681243,0.40832385,0.3419288,0.42661557,0.42174667,0.28973347,-0.0384043323716332,0.2482481841942608,0.0391224073887838,-0.0360894255893396,0.0211220076743657,0.0113471510367321,0.42661574,1,73.828125,1.1070544913683953,1.5593487,1.256227402366766,1.1617982724163842,1.1125957268218654,1.256227402366766,0.7563921,21.317809992200942,18.50941470048913,20.95027384675624,19.90798697773777,19.6962941711642,20.597316403691668,49.87727717949453,0.043383587,5044.057087725903,0.17754237,0.06023237,0.7466799,59.481052,86.883865,0.194285058526509,0.71495694,0.2876624,1.0,0.5193971394141438,59.481052,86.883865,1693,8,25.29234126984127,0.0,0.5193971394141438,-1.078550777089757
89.17172,23.675362,15.7892275,13.721459,10.747104,9.922716,8.6711,6.688697,8.511129,7.5039973,6.70506,7.0678306,6.4429445,6.322266e-09,-2.3708497e-09,-1.975708e-09,-7.902832e-10,5.9271243e-10,-3.951416e-10,4.4453433e-10,3.4574893e-10,-1.9263153e-09,-9.384613e-10,1.5311739e-09,4.93927e-11,-6.4210515e-10,0.07428245,587.9875552706175,273.0902790050018,0.0599656237686526,0.41827455,0.3380774,0.42532024,0.51001394,0.3965007,0.4884262,0.39001355,0.5172378,0.4079311,0.405019,0.55853677,0.42448002,-0.0780972491701937,0.0934541207717261,0.0532644617675426,-0.0041551651757592,0.0006030022341867,-0.0104071923565186,0.55853647,0,95.703125,1.5613847251962885,1.2330021,1.1924237724426672,1.1372917927785475,1.095073311138952,1.1924237724426672,1.092575,18.85804110154833,14.401548569709036,17.07491896683952,17.236107320894778,17.259830965936864,18.02326036779593,48.79668691941324,0.04025514,5482.371582638188,0.21613748,0.12311126,0.63710433,126.13713,47.94974,0.4931109499637418,0.6741519,0.36657515,1.0,0.5620111331669723,126.13713,47.94974,4760,8,28.02,0.4453617714151233,0.5620111331669723,-0.9665620364149374
93.73057,41.473717,24.32652,15.7469845,13.532401,13.381914,11.9843445,10.705264,12.520085,10.452987,9.765342,9.524405,7.7797947,0.013861463,0.006874285,-0.0010582623,0.0009362687,-0.00024217404,0.00039337677,0.00012812468,0.00026253812,0.00028166967,0.0003111664,0.00019216757,0.00014086736,-1.3734799e-05,0.09975898,1062.9469533523738,471.9710235175105,0.1015934084722715,0.35681584,0.40474874,0.42117998,0.4717776,0.4318714,0.4918784,0.51161563,0.39687523,0.41197208,0.4177381,0.5490387,0.35467976,-0.1310239027167055,-0.0303720452345509,0.0321802703375949,-0.0698069227124029,0.0070324693710062,0.0279718754111207,0.5490387,0,143.5546875,2.305134218049988,1.4422618,1.267302339774571,1.0309408166003184,0.6943648868462223,1.267302339774571,0.94893676,19.59255453508114,14.353611510994565,17.053229268436837,16.364723085830228,16.854149984038656,17.462830820179498,46.5872785382843,0.060497943,5934.583018864015,0.15796241,0.13024984,0.5480748,113.01102,66.80542,0.4293798632398019,0.4187834,0.4114098,1.0,0.1710313860553554,113.01102,66.80542,3642,8,24.618956916099773,0.3142696805273545,0.1710313860553554,-0.0572110090310712
125.883484,43.013725,24.91431,20.25965,19.316895,15.047072,14.907111,13.11702,12.619275,11.771599,11.231497,10.517828,10.047397,-0.049964678,-0.014329219,0.000240227,-0.00069928076,0.00063033245,0.0003006959,0.0014902573,-0.0001909591,-0.0001306589,-0.001676312,-0.00024204527,-0.0005592011,0.00080464204,0.110521495,995.3082159040666,758.0696228748534,0.05207221573809,0.2212602,0.27126655,0.30432612,0.38245916,0.33879653,0.5020563,0.37303483,0.3356332,0.42650506,0.32293758,0.45422718,0.29406443,-0.1886825183967173,-0.0029017033329779,0.0454836029626845,-0.0316876084729029,-0.024305017981955,-0.0149706205893443,0.5020564,1,112.34714674,1.6086995190403597,2.032437,1.364488939772048,0.8348246147947926,0.5923652488936874,1.364488939772048,0.6361332,24.246847248502423,16.77908502324701,21.423672953770243,19.30596039136061,19.477667287977493,17.937935481850268,46.21307682994372,0.040091507,4478.038078641943,0.16736732,0.08102994,0.6737862,78.17604,61.38257,0.3914848197343453,0.60068613,0.36670926,1.0,0.397787449651088,78.17604,61.38257,3301,8,24.476292517006804,0.4,0.397787449651088,-0.235093941705298
89.22692,40.265244,24.18668,19.99725,16.026493,13.92937,13.227465,11.832433,11.724929,10.320618,9.279696,9.677164,9.316144,4.623453e-05,-0.00030704774,-0.0003842532,0.0003340883,0.00097140594,0.0015437363,0.0017881214,0.0011058206,0.00035456297,0.0002813001,0.00035738104,-3.560353e-05,-0.00082383136,0.13736846,1074.9863859177551,805.2467484292065,0.0633551631084798,0.34287924,0.37052342,0.30507582,0.2713126,0.36388028,0.33703294,0.4703522,0.3615444,0.3743079,0.46956965,0.42090604,0.49557993,0.052780288332177,-0.101909117334037,0.045168627418842,-0.0353978449950159,-0.0166411746851751,-0.005899465947228,0.4955804,1,112.34714674,1.8122209821428568,1.8112396,1.6955602524990574,0.9152825166849649,0.6829252959706086,1.6955602524990574,0.838343,23.469605312995824,16.35688666592185,19.78867089258344,20.26418634730004,20.302443791181897,19.03482045300957,46.22003003572089,0.018025897,5716.221133947442,0.14999254,0.12122065,0.5530409,106.740456,81.61704,0.3661807580174927,0.71308494,0.22323467,1.0,0.4493109516094005,106.740456,81.61704,3768,8,29.866666666666667,0.4453617714151233,0.4493109516094005,-0.019823804563625
110.064064,47.942238,28.477493,26.63846,17.363953,14.825744,15.40427,13.982654,13.643279,12.462457,10.833221,10.786045,11.282659,0.014217521,0.0060915174,0.00014728378,0.0006193477,5.886366e-05,0.00040481213,8.823739e-05,0.0002657152,-0.00016881364,0.00016650802,-0.00024242172,-0.0003020107,-0.00016386977,0.11157068,1268.8738608655904,771.0074969448503,0.0803756318479615,0.2907015,0.30782336,0.28563583,0.3123026,0.2663742,0.24840121,0.37041318,0.39283195,0.6475722,0.47359145,0.32174513,0.34718382,-0.0495411975489921,-0.0773568693164092,-0.0255867492578229,0.0788082829055664,-0.0287843978303347,-0.0154205163090781,0.6475724,0,198.76802885,3.2578396480416667,1.8671207,1.0545385626810475,0.4913057767259526,0.3718987184248821,1.0545385626810475,0.6834584,20.748666374447023,16.551651815937326,20.768693895432573,20.42734563315738,20.11410423600643,18.796457666936416,47.39395917615199,0.025970565,5784.828817915935,0.1296787,0.090211876,0.5897393,75.63488,69.30979,0.3440543601359003,0.67362946,0.3152615,1.0,0.4924294456323058,75.63488,69.30979,3038,8,25.63048185941043,0.3142696805273545,0.4924294456323058,-0.1089221281535204
109.88894,44.106956,28.745932,23.096573,20.831358,15.616904,16.222357,15.29666,15.110813,11.860726,11.787267,10.8674135,10.569705,-0.016431786,-0.0126075195,-0.0034448095,-0.0027638867,-0.0020386807,-0.0016604665,-0.00052121666,-0.00088296,-0.0007869053,-0.00055294944,-0.00028901143,-0.00055818225,-0.0005412966,0.13303696,1014.0455509281924,723.7293968373481,0.0549320943353659,0.21709374,0.26581916,0.29800704,0.41427982,0.34602374,0.48235288,0.372837,0.32055676,0.44476995,0.32642704,0.51041025,0.32146797,-0.2078045023717447,-0.0028443570200229,0.0556468986800429,-0.0367737683805503,-0.0211361172152264,-0.0148211042759983,0.51040936,0,151.99908088,2.480809732673348,2.171664,1.681191697091172,1.3354666881333008,1.182302169627604,1.681191697091172,0.7321694,20.23621643410081,15.787249253109724,20.02231881270864,18.34947419755127,19.42327661036437,21.13301443571706,49.15903308966238,0.022888176,4835.853351579844,0.22346362,0.12503305,0.6412198,110.47366,80.480804,0.3743678302701369,0.52054596,0.38041148,1.0,0.2796950103061068,110.47366,80.480804,3035,8,23.53062358276644,0.0,0.2796950103061068,-0.2551847196882275
107.06466,36.153786,30.139565,26.028578,17.129883,18.163046,13.701894,14.03065,12.236005,13.622537,13.411822,13.359897,12.12259,6.8896213e-09,-3.4448107e-09,8.6120266e-10,1.291804e-09,8.6120266e-10,2.1530067e-10,2.1530067e-10,-2.6643459e-09,2.3683073e-09,4.3060133e-10,8.6120266e-10,-1.0765033e-09,1.291804e-09,0.108399615,929.8946157089472,662.6428853699682,0.0409794029388749,0.2954558,0.38944605,0.31397197,0.22866215,0.3211055,0.3097484,0.5374866,0.27028915,0.16389109,0.18592648,0.24871561,0.44996327,0.1631698092332247,-0.2817557697889828,0.1033603911809271,-0.0005073662703416,0.0088857871193033,-0.0339953328960557,0.5374862,0,135.99917763,2.250927179199084,2.0218782,1.529498545576538,1.4955289186415102,1.433005057584214,1.529498545576538,0.7747196,20.845474777844604,16.75929458327058,20.026535901800194,18.861588087984067,21.18943455208509,22.93932941625844,47.67734282298488,0.041032944,5184.130197971343,0.24373797,0.097492166,0.7142899,95.46484,72.7637,0.3727703770602845,0.60112494,0.38950866,1.0,0.4237693156207609,95.46484,72.7637,3302,8,25.711626984126983,0.0,0.4237693156207609,1.7464346350823429e-15
83.23913,37.91324,23.625034,17.937311,16.795,14.225974,14.106083,12.00926,11.204653,12.817507,9.996528,9.912688,10.501208,-0.049476605,-0.013447699,0.0013728605,-0.00053022197,-0.0007689575,-0.0033846628,-0.001094345,-0.001451538,-6.0151593e-05,-0.002570993,-0.00071788335,-0.00013716178,-0.0006463908,0.086226985,834.3221872723511,609.839599757037,0.0415761025088139,0.33282036,0.2905799,0.25295633,0.4336938,0.2782304,0.25986475,0.30402315,0.29583055,0.39774716,0.2973312,0.49077943,0.5420095,-0.0471393566783229,-0.1757875444093916,0.183436835625096,0.0300800699270016,-0.0478390301128448,-0.0235082771312891,0.54200816,1,143.5546875,2.342899420431168,1.8970474,1.3906814488401948,1.1637380629807994,0.9999337591045018,1.3906814488401948,0.70087767,23.66123517199816,17.899848924656272,21.21938519123864,19.226579832874577,19.866708673881835,19.37513950375596,49.06941301072169,0.011372364,4547.074634668454,0.15277569,0.10723683,0.5875682,90.93697,62.268593,0.3817874498204099,0.7479449,0.22360903,1.0,0.5620605750313401,90.93697,62.268593,3614,8,27.476638321995463,0.4,0.5620605750313401,-0.1560151559542324
89.66245,35.565376,26.03752,23.595276,19.330242,15.66787,15.690546,14.410069,12.801456,14.857175,12.320581,10.633725,10.559698,-0.00034050253,-0.0026361821,-0.0019867301,-0.0011141044,0.00025218248,0.0006236879,0.0010318606,0.00018557071,0.00028630235,0.00053027115,0.0011491927,0.0005720102,0.000252592,0.15249155,1046.9342810392668,508.6474913740819,0.0769230383629338,0.43783253,0.43474305,0.30297637,0.34560978,0.3599048,0.43466917,0.3759052,0.38885218,0.4356535,0.4663834,0.4807038,0.37976903,-0.0860072485590876,0.0284957404588896,-0.1082729674655141,-0.0925332419212564,-0.0011950685882126,0.0088395412291525,0.4807039,0,129.19921875,2.0352557209222297,1.9006974,1.7156889048727326,1.5183557153333356,1.3569882069283568,1.7156889048727326,0.84746987,21.59744291818146,17.535147052848476,20.42213121669906,19.33764261155656,19.336351996603337,19.070955346240325,45.721953496034,0.021218015,5805.501225547296,0.17089555,0.10180372,0.626679,94.43568,90.8004,0.2986923606331727,0.6664809,0.33718586,1.0,0.4510343272298281,94.43568,90.8004,2604,8,25.303945578231293,0.4453617714151233,0.4510343272298281,-0.0640201591348813
113.948586,48.183105,24.278046,18.013449,17.275316,14.927336,12.365185,11.384608,11.778984,11.873916,11.811807,9.818168,9.732066,-8.761866e-09,2.1904665e-09,-4.7916453e-09,0.0,2.738083e-09,-3.1487954e-09,-8.2142493e-10,-5.476166e-10,-2.0535623e-10,-4.1071246e-10,1.3690415e-10,1.0952332e-09,8.2142493e-10,0.11551712,970.6569610785378,728.4525946647301,0.0591932789713247,0.22715785,0.2952471,0.5068002,0.30285048,0.3834573,0.2485915,0.39895976,0.30963382,0.24531998,0.33766946,0.25119036,0.38267043,0.2791946869030975,-0.0035883767108491,0.0657119030924563,-0.1227249646653083,-0.0109645496759966,-0.0201159748907706,0.50680083,0,89.10290948,1.3108511306532664,1.6319083,0.957690479588132,1.0053417831309224,1.1049872546573716,0.957690479588132,0.67949116,20.471024637140847,15.379549148097128,19.45493137290005,20.15610664125717,19.953443788553848,20.39662193670416,48.19080645823104,0.033120427,4102.223572250485,0.15639827,0.10849189,0.5904246,93.77821,66.31246,0.4027279253409906,0.717364,0.2241456,1.0,0.4632903807666275,93.77821,66.31246,2805,8,20.21587301587301,0.0,0.4632903807666275,1.7464346350823429e-15
106.77302,38.80428,22.285053,20.991055,15.452075,16.26255,12.981406,13.933388,12.47847,11.224259,9.138037,9.050019,9.107813,-3.0383889e-09,5.3171805e-09,9.494965e-10,-7.595972e-10,2.0888924e-09,-1.898993e-10,-5.696979e-10,2.8484895e-10,-6.6464756e-10,-2.8484895e-10,-1.3292951e-09,2.8484895e-10,-3.3232378e-10,0.04272727,1103.3678352780455,561.7326943083269,0.0913663658502627,0.3574164,0.49061385,0.44013235,0.39454612,0.4280744,0.40708062,0.5023992,0.41429853,0.48509392,0.48550713,0.34081244,0.33651042,0.0155524489440439,-0.0567136817971615,-0.0807003607128372,-0.0144411529665087,0.0013736485547563,0.0051067771912303,0.5024003,0,123.046875,1.959708021134124,1.7567512,1.2482815440721036,0.5053740961556235,0.3958804097971862,1.2482815440721036,0.82540834,19.76609447758292,15.170879913511255,18.255871324285334,17.850522077982536,17.81408045264764,19.43179130845091,44.7363700343332,0.04333735,6159.325778099798,0.03987055,0.047443848,0.4566268,40.840855,28.130247,0.3717016827641143,0.83746576,0.14465536,1.0,0.7453374804385198,40.840855,28.130247,3733,8,29.149750566893424,0.0,0.7453374804385198,1.7464346350823429e-15
100.168015,45.999107,33.667072,20.51602,19.316229,16.33406,13.728879,15.263257,13.134635,11.836464,11.602015,11.431054,11.401337,-0.008939965,-0.009085663,-0.0026591148,0.0010038612,0.0018937928,0.00168302,0.00052500854,-0.0014365757,-0.0034636871,-0.004052249,-0.0017612049,0.002200879,0.004423848,0.13214974,988.1115262616836,804.6041110184339,0.0520787479478928,0.3909207,0.40051517,0.5895486,0.4620558,0.5022201,0.5137971,0.46189457,0.55245036,0.47788432,0.55781513,0.5676257,0.39000088,-0.0289979894783158,0.1522827666696278,0.2047573479949719,0.0129672584867687,0.0631762383156626,0.0118245172570164,0.589549,0,161.49902344,2.214076337782213,1.5332068,1.215026946997034,0.8469599589917867,0.5783881115917949,1.215026946997034,0.8127092,24.2695676332044,17.48233091244861,21.41611008138988,20.550833392918484,20.345845317787244,19.77847016340689,45.40847311810903,0.0074084923,3371.0464420694184,0.28960285,0.07857552,0.78658086,84.24568,77.6646,0.3445816478603364,0.7157239,0.24229607,1.0,0.4825829304083876,84.24568,77.6646,3237,8,27.2687074829932,0.3142696805273545,0.4825829304083876,-0.0213729959315597
114.81551,41.863693,35.467915,22.078997,17.70055,17.649338,16.780222,15.997058,15.055845,12.68378,11.161876,11.024713,11.719211,0.0015423329,-0.00042714193,0.00028053706,0.00017631907,8.5233754e-05,0.00074946904,0.0005194747,0.00039751036,0.00027318796,-4.340725e-05,1.3629771e-06,6.9687565e-05,1.17575055e-05,0.08414683,1156.142566936857,801.7370287524418,0.0675270072937914,0.29599133,0.40398034,0.34444153,0.39642847,0.38693845,0.3587465,0.4453511,0.337617,0.33561695,0.2513036,0.3062155,0.34318155,-0.029551128392935,-0.1365340813429116,-0.0494225210210584,0.0186738847981056,0.0408455946166124,-0.0043042355270949,0.4453501,0,123.046875,1.9906954670961805,1.8151646,1.3067676020618466,1.307920917840528,1.0986864947407096,1.3067676020618466,0.87724364,18.9083321809494,17.06171584391393,20.513535834941425,20.139425822719566,20.705783698605583,20.53734516085636,45.28181723433672,0.048804276,4210.712285953158,0.11623269,0.056793004,0.67176163,56.215973,42.607082,0.4131001687375364,0.7946308,0.19466098,1.0,0.6447655315617598,56.215973,42.607082,8079,8,56.76408163265306,0.4865042554105199,0.6447655315617598,-0.2622363746847385
97.475746,43.120415,31.483261,19.455154,16.804747,16.357973,15.572444,17.131832,14.563755,12.288423,12.727185,10.956525,10.580795,-0.018430367,-0.006158353,0.0012000744,-0.0028340952,-0.0004616443,-0.00066288345,0.00019654131,0.0010272817,-0.0018452555,-0.0011022746,-0.0018712567,-0.000674036,0.0011326676,0.1910832,1320.4163031501014,786.453343500846,0.081368616607412,0.44148004,0.5035095,0.48879114,0.6004534,0.58650804,0.4924109,0.48066476,0.46276298,0.50519806,0.46594086,0.48596156,0.47308803,-0.0715751334676093,-0.1421121176054272,-0.097774623210588,0.1283836711679148,0.0387305914328351,-0.0620275467904907,0.6004535,1,129.19921875,2.200473312043796,1.83748,1.5494802853511935,1.0773066159165463,0.7654930506072894,1.5494802853511935,0.83502257,23.27195158012534,16.62753654049865,19.561818867047982,19.298770101953053,20.291615622248408,19.862929406749387,49.87012839085132,0.012463068,5359.027122578473,0.2829522,0.079595804,0.78045225,75.35594,68.93236,0.28125,0.69516134,0.2500797,1.0,0.3985693363218621,75.35594,68.93236,2466,8,25.44907029478458,0.0,0.3985693363218621,-0.3786533706283269
68.1938,31.458143,21.665741,17.915932,16.67805,13.139366,12.390104,10.81846,13.235574,10.854127,10.337554,9.508847,8.956033,-0.0019247505,-0.00143034,-0.0015709392,-0.0022961937,-0.00054157624,0.00033758086,0.0011926305,0.0021157805,0.0013702719,0.0009244945,0.00013607988,0.0005776236,5.9583446e-05,0.14948617,920.185512870166,536.3371774495662,0.0597077202442859,0.36484888,0.4252935,0.35615072,0.35634333,0.3770953,0.37988585,0.541466,0.46801546,0.55649215,0.48589984,0.3659948,0.384044,-0.0209669482269874,-0.1221024811559387,-0.059045001039631,-0.0291599671258111,0.0012792066346563,0.0135282619645334,0.5564929,0,135.99917763,2.3355911048002933,1.6383766,1.6590286769683331,1.5483501536070328,1.1856797471749938,1.6590286769683331,1.0242498,21.564216428697463,14.925648040584798,18.18226528367835,16.90176619542894,17.77040833155771,17.45266512840022,46.68376143383068,0.022883235,5677.559838902967,0.24486484,0.1390948,0.6377342,140.28552,86.190216,0.414193233174545,0.62019604,0.280539,1.0,0.3102528716348039,140.28552,86.190216,3391,8,23.762721088435374,0.4,0.3102528716348039,-0.3660883818532866
105.61238,36.589203,26.405025,17.409489,14.452717,12.832758,12.763876,10.097419,12.420841,10.360389,9.777539,8.982732,8.529768,0.0,-3.596057e-10,-8.9901425e-10,-1.0788171e-09,3.596057e-10,3.596057e-10,-2.1576343e-09,-2.0677329e-09,7.192114e-10,-4.0455642e-10,-2.697043e-10,-4.4950713e-11,8.990143e-11,0.12339371,976.0876804026722,727.8001020723084,0.0561456697752098,0.2576093,0.23042239,0.3756863,0.5211288,0.32376853,0.34058017,0.29505724,0.417786,0.32218114,0.3048454,0.35536158,0.2731034,-0.1534468090417488,0.1108191447402433,0.0952531779223562,-0.0170987128863676,0.006621947629561,0.0271308336601499,0.52112895,1,112.34714674,1.8473848624093936,1.3234025,1.5589474378161094,1.125742184682716,0.8634923113966326,1.5589474378161094,1.1079992,19.815903484175536,16.13485214555774,19.619973807212627,18.664157394918444,18.44098235027486,19.856816140025312,48.99956534357021,0.017037215,4675.699183951676,0.19725849,0.07602086,0.7218173,85.54353,56.36447,0.44923163948336,0.6796901,0.25320187,1.0,0.4171757057765675,85.54353,56.36447,4765,8,30.786763038548752,0.4,0.4171757057765675,1.7464346350823429e-15
101.4579,33.00693,22.268782,16.767315,14.79515,12.547104,11.362375,9.95864,10.197539,9.302215,8.938011,8.863552,8.075772,3.3092147e-09,8.2730367e-10,3.7228665e-09,-2.4819111e-09,-2.0682591e-09,-1.4477815e-09,-9.307166e-10,-6.204778e-10,2.0682592e-10,-9.824231e-10,6.204778e-10,-7.238907e-10,1.4994879e-09,0.10331588,932.5418862157228,598.9345801477848,0.0598740536825042,0.33682108,0.22376436,0.3024028,0.30706528,0.2845244,0.39914086,0.29437944,0.314114,0.22767572,0.32563075,0.49238843,0.3141877,-0.1641262551751011,0.1547694133460547,0.0303545437199877,-0.1096075467761523,0.0218713582005334,-0.0124706902590646,0.49238884,0,78.30255682,1.2609415029888984,1.2486843,1.21408327096261,1.4582264697049032,1.4393867705968848,1.21408327096261,0.991638,22.04106566762379,18.445438327021275,21.503236215721994,21.53099740235367,20.95731284169187,21.315854481805847,46.88180030984436,0.01761203,4719.19573533822,0.17939812,0.07047514,0.7179536,75.725426,63.79281,0.3911723240429454,0.71120113,0.256795,1.0,0.494618749230116,75.725426,63.79281,3607,8,26.765714285714285,0.4453617714151233,0.494618749230116,1.7464346350823429e-15
88.38042,33.623596,26.888313,23.447468,23.234795,22.562613,19.697376,15.093663,15.834008,16.249893,14.974634,13.294304,12.029836,0.018740049,0.0040702973,0.00064151676,0.0015657324,0.0006670916,-0.00065653556,-0.00095935207,-0.0007431076,-7.845946e-05,-0.0018703437,-0.0011581463,-0.0005006089,0.00012333998,0.108413346,906.741910694483,557.633053147723,0.0623408272379831,0.41364285,0.22217649,0.26005596,0.18381472,0.3165925,0.37539363,0.2534651,0.4532866,0.24749994,0.3166496,0.22578098,0.228882,0.1078027758679576,0.2285852258675193,-0.0331754817030769,0.0751909788042256,0.025678722773622,0.0052490690967853,0.45328534,1,151.99908088,2.3026565382121094,1.8015383,1.4894380514642505,1.0017465185835184,0.6680721825781915,1.4894380514642505,1.0931289,18.989783710411512,17.866603184281782,20.21701663599805,19.382997609668845,19.326559897734427,29.883839599341048,50.06354163394074,0.016832374,6092.944861361963,0.17599174,0.09119539,0.658681,94.03162,59.54972,0.4323812102341952,0.62073725,0.25478765,1.0,0.2589576990035495,94.03162,59.54972,3194,8,21.442624716553286,0.4,0.2589576990035495,-0.4116807185071753
114.1379,28.83842,16.09674,15.292076,12.555372,13.753806,14.182959,13.452375,14.70024,13.263585,9.793798,10.975702,8.8103895,0.044046767,0.022041166,0.0050987457,0.0063084182,0.001461219,0.00067509426,-0.0003162902,-0.00029798836,-0.003768051,-0.0011767658,-0.0015759902,0.00047925144,-0.0006430531,0.05662193,729.3848166738785,524.6480866677574,0.0408700289160952,0.382283,0.29559177,0.40345457,0.26145223,0.28411624,0.21727565,0.28280568,0.45805818,0.32229546,0.3749313,0.31159037,0.36240798,0.225333680152286,0.1344392875841488,0.095514970597413,0.0408971146444688,0.011717355509787,0.0146334922734152,0.45805725,1,151.99908088,2.5014787066246056,1.2168176,1.1291674327162031,0.851958380239992,0.5706438419549199,1.1291674327162031,0.910864,18.64050324088116,17.865109030491592,21.172361349099955,20.164029580610976,20.54370379312285,20.8706684022068,53.613214290864974,0.010199218,4370.221364108971,0.06474272,0.030859334,0.6772035,30.819817,29.229218,0.3954932398597897,0.9071039,0.08515495,1.0,0.9055313328906814,30.819817,29.229218,3949,8,28.982857142857146,0.4453617714151233,0.9055313328906814,-0.1896110553701104
110.01551,37.574932,28.738909,20.741705,20.637236,14.770539,12.999402,12.161902,11.978508,12.371896,11.574053,9.399228,8.901974,0.009759705,0.0045919763,0.0010219122,0.0005855901,0.0019901197,-0.00056375656,-8.961121e-05,-0.0012984766,-5.532846e-05,0.00010033882,-0.0011229132,-0.00053371897,-0.0012536576,0.15730153,931.579059001387,424.1165900298647,0.0630792640767536,0.44438392,0.3157014,0.46676716,0.49462515,0.25270298,0.2801334,0.27517748,0.37327582,0.3190699,0.35404,0.40879393,0.34697106,-0.0679348179995861,0.168956512187179,0.1036533344150632,0.1179103449600156,-0.01598523967139,0.0423118389513883,0.49462578,1,103.359375,1.700559804137324,1.8391956,1.2829601536272477,1.1968004682401223,1.138716592914165,1.2829601536272477,0.7405145,20.710812264490507,17.941646391510698,20.334374396106508,18.25400829228428,19.41004593914541,19.454986919753186,47.47678928145684,0.022020971,4960.975995202282,0.19659951,0.09981894,0.66324764,93.57009,84.18633,0.3529929577464789,0.5501771,0.43301314,1.0,0.3779360634207548,93.57009,84.18633,2807,8,23.08063492063492,0.3142696805273545,0.3779360634207548,-0.1712218529995158
99.33067,34.70285,27.265305,18.944498,17.111176,13.682334,12.712336,11.059888,11.6164055,11.592158,10.872732,10.065625,9.822013,3.8280956e-09,-2.8710716e-09,-9.570239e-10,0.0,3.5888395e-10,2.3925598e-10,-1.7944198e-09,2.9906996e-10,9.570239e-10,-2.3925598e-10,1.0766519e-09,1.0766519e-09,-1.1962799e-09,0.12739654,944.8057513518112,626.7402744209431,0.0547582900834212,0.32136875,0.328972,0.35995254,0.33682895,0.42199612,0.32013315,0.46029696,0.3857411,0.39449257,0.52900624,0.40419105,0.48959735,0.1383806767465227,-0.0588241411557742,-0.0023974423791855,-0.0320758594650845,-0.0024164065548113,-0.0030562890333302,0.5290063,1,117.45383523,1.863995754140008,1.6704211,1.7236439603880778,1.0012347452247532,0.8060245035173661,1.7236439603880778,0.9400846,22.61512593347804,16.562078572348952,19.14355618657187,18.99423586481563,18.7815134828223,17.861610997878305,47.59579610824272,0.021950588,4863.727171075326,0.18873997,0.13485247,0.5832627,113.37371,70.42602,0.3905407100740183,0.6841327,0.24357286,1.0,0.4029870036849998,113.37371,70.42602,3113,8,23.13578231292517,0.3142696805273545,0.4029870036849998,1.7464346350823429e-15
118.16196,49.884384,26.815653,17.472252,14.567474,14.407139,11.2316,11.998769,13.49044,9.965599,10.249039,10.002735,8.822027,3.1325784e-09,6.265157e-09,4.8946536e-09,-3.915723e-10,3.1325784e-09,-1.9578615e-10,9.789307e-10,5.8735844e-10,-1.8110219e-09,-3.4262576e-10,6.3630495e-10,-7.831446e-10,-6.852515e-10,0.11162349,1012.7435677379414,771.2356813641601,0.0488799207362812,0.32700068,0.3097403,0.37863824,0.31781453,0.42950377,0.26602563,0.40404713,0.39899695,0.23257239,0.32931003,0.24835497,0.3731532,0.2174023993007612,-0.0357982342040628,0.0825518518131578,-0.0070224201981487,2.327045089166427e-05,0.004862509820198,0.42950377,0,107.66601562,1.6446671927933478,1.7064464,1.0190996652341378,1.0319526792939608,0.7805177846452592,1.0190996652341378,0.6606785,22.600428146040805,16.257183139471255,20.26823174495432,19.360552507563007,19.424876561764165,19.33214973111968,45.90499045202661,0.041138303,3834.745849659496,0.19390301,0.096986696,0.6665837,87.37381,62.570797,0.3972898059747459,0.65841293,0.32412863,1.0,0.4737145262154891,87.37381,62.570797,3870,8,28.273197278911564,0.3142696805273545,0.4737145262154891,1.7464346350823429e-15
106.31828,42.122894,41.93744,26.296864,23.606995,20.651228,17.783493,17.69864,14.558888,13.83388,12.619406,11.214437,11.440818,-2.2525523e-08,-2.2525524e-09,-3.3788283e-09,-3.9419663e-09,1.1262762e-09,-1.6894142e-09,3.3788283e-09,-3.3788283e-09,-2.8156903e-09,-1.6894142e-09,2.3933369e-09,-1.6894142e-09,1.6894142e-09,0.1722242,1265.5125415242187,648.9714099368803,0.1057069306869122,0.5122574,0.46736345,0.48610273,0.5270008,0.61183834,0.6265052,0.5700781,0.52745456,0.5405373,0.5195641,0.52774376,0.5532437,0.0952603368225206,-0.071169591980599,0.0538082144248305,0.0858400809689061,0.0545260977810615,-0.0126371505943293,0.6265068,1,83.35433468,1.3480109441901669,2.6157298,1.556942439704883,0.913231277405432,0.6272418296328228,1.556942439704883,0.7076367,21.68279555995172,15.416059332256472,17.01901018506771,16.90276821992015,17.252800882288295,18.2288820316053,45.773143652629706,0.026029987,5224.262150375055,0.25011146,0.14611731,0.63122827,112.42289,94.7603,0.3392883508046656,0.5000956,0.36771545,1.0,0.2278022247484237,112.42289,94.7603,2298,8,19.65859410430839,0.0,0.2278022247484237,-0.9916803148188752
108.29578,39.06794,32.24318,23.40408,22.92174,19.17062,16.894339,17.78864,15.063839,16.482128,14.325809,13.903716,12.682807,0.0010061358,0.0011783311,0.0007514623,0.0004546155,9.380387e-05,-0.00041309377,-0.00070617837,-0.0006966754,-0.0007266814,-0.00081501214,-0.00063563336,-0.00028425976,-0.00012948296,0.17187603,1178.4723294580876,619.4480440880469,0.0765422637661351,0.33618206,0.4310996,0.3440933,0.45379204,0.45125875,0.35648304,0.33868,0.34690386,0.46955884,0.39310622,0.48152372,0.42987514,-0.1484048259247403,-0.125152510218047,0.01664394844008,0.014674068393296,0.0193895646915289,0.0028700836700999,0.48152304,0,143.5546875,2.103022777967014,1.8821911,1.3701460660574614,0.8766196489302175,0.5918191288952827,1.3701460660574614,0.71805406,25.847450179865803,17.595344802269075,21.059232141459425,21.64777126488612,20.362445584713907,18.779561996534408,45.967635103877534,0.017146295,4893.581521543268,0.17050649,0.11137365,0.6048879,93.95133,105.77972,0.3019016541014965,0.6478962,0.3259569,1.0,0.3961228481083932,93.95133,105.77972,2683,8,25.79620181405896,0.3142696805273545,0.3961228481083932,-0.0960467419093359
120.69548,41.125484,30.465126,21.422976,18.396173,12.609112,12.020396,13.9661255,12.574914,11.571382,11.052358,12.070612,10.037382,-0.012811254,-0.0025355488,0.00067237776,-0.0009754347,5.8577585e-05,0.00051888777,-1.1584484e-05,0.0007547431,-0.0010099511,-0.0010002971,0.0002244839,0.0015275865,0.0013592162,0.13809006,1230.4375316380408,718.1505945607814,0.0753223757794825,0.34375125,0.40334663,0.315328,0.37337017,0.29177853,0.4113482,0.45594776,0.34021068,0.42721906,0.3887262,0.52351236,0.36284596,-0.1843693078452503,-0.0683866416377653,-0.0149465650756537,-0.0879964831313374,0.0254890199808404,0.0003771028272272,0.5235126,0,99.38401442,1.6147231031959013,1.8049182,1.3863343828318535,1.466358692806529,1.5145536225633724,1.3863343828318535,0.728216,21.10022393742544,15.58717078181256,20.33677029309539,20.04999991925644,18.813891051772096,18.06251902274589,47.72791143737339,0.02574082,4922.382739893123,0.1491269,0.11941029,0.5553284,101.33605,90.107834,0.3937752283832589,0.58808005,0.34201407,1.0,0.3126087031321698,101.33605,90.107834,3707,8,27.326666666666668,0.4453617714151233,0.3126087031321698,-0.2174260712877949
112.36313,36.518856,23.80275,22.643242,16.982494,18.098366,15.212166,15.2326355,12.974357,15.371749,11.783498,13.394002,13.373916,1.0367199e-08,-4.751633e-09,3.0237663e-09,-4.3196663e-10,-2.1598331e-10,1.9438497e-09,-6.479499e-10,1.7278665e-09,-5.399583e-10,1.2958998e-09,1.0799166e-10,2.1598331e-10,-1.2958998e-09,0.11045168,951.1901110197418,703.132568897105,0.0609441910676929,0.33157757,0.2893462,0.39877638,0.2883976,0.27987933,0.19132349,0.28281865,0.3316441,0.21064785,0.27594054,0.23508745,0.42015022,0.2001950641663535,0.0916611108343828,0.073799888006139,0.0794358457302441,0.0034686072308553,0.0133178510929346,0.42014968,1,135.99917763,2.1458824029016967,1.3016531,1.167461928091074,1.1560070382204692,0.8027859709441184,1.167461928091074,1.1019225,19.35326438561,16.310559838593953,19.916422533558016,21.371896273321685,20.189080917003075,19.887996513603483,45.94185047543091,0.040178142,5340.053935974833,0.16494693,0.067179896,0.7105866,76.29432,54.562218,0.4050962627406568,0.5729217,0.32799646,1.0,0.2997055736308208,76.29432,54.562218,3577,8,25.63048185941043,0.4453617714151233,0.2997055736308208,1.7464346350823429e-15
136.2187,46.02423,35.53321,22.19884,18.260134,17.637823,14.991863,15.569019,12.591098,13.462628,11.026317,10.519217,9.567628,-8.426778e-09,-1.3166841e-08,-4.213389e-09,-1.580021e-09,-5.2667364e-09,1.3166841e-09,1.580021e-09,7.900105e-10,-3.9500525e-10,1.3166841e-10,2.6333682e-10,5.2667365e-10,-3.9500525e-10,0.16395675,1528.992120629306,972.2816956202672,0.1079750089771131,0.45666647,0.38124162,0.35535583,0.41351685,0.46902713,0.4892069,0.48253104,0.48528597,0.5122758,0.5571021,0.5206073,0.4900239,0.1014129433230682,-0.0384577079106031,-0.0392281822053394,0.1269323361911072,0.0369196780523635,-0.0248058072867837,0.5571025,1,184.5703125,2.842549321665286,2.2795649,1.463172888107008,0.6655971451669562,0.4731726312864525,1.463172888107008,0.6741427,22.384336635457323,16.433667321287842,18.009954063747397,16.98497931348952,17.080552806163343,17.860471984488427,43.625580243845455,0.10867461,5717.995968494365,0.16817738,0.112305164,0.59959805,96.33399,86.846214,0.3173156586578293,0.45785272,0.41911486,1.0,0.2032282846650664,96.33399,86.846214,2298,8,21.01986394557823,0.0,0.2032282846650664,-0.8043719194369203
119.41767,29.83943,21.786867,17.188194,14.237675,14.474488,13.667643,11.894592,10.281068,10.40127,10.96745,8.722782,9.270932,0.0,3.8743626e-09,3.8743626e-09,-8.717316e-10,-2.8089129e-09,3.8743625e-10,0.0,-1.4528859e-09,8.717316e-10,1.549745e-09,4.358658e-10,1.2107383e-09,6.295839e-10,0.120467775,830.122054467323,630.4602382566122,0.0501645868993659,0.46224272,0.34571815,0.38909563,0.35348678,0.4829297,0.39604518,0.36632818,0.4484359,0.40931946,0.54594463,0.39061266,0.37814528,0.1385635335047265,0.0986202934324839,-0.0808742517960278,-0.0338566603080688,-0.0131081495490072,-0.0028442903550637,0.54594374,1,135.99917763,2.1128567007364145,1.6373862,1.785572494225898,1.1532551429627251,0.972478146077361,1.785572494225898,0.9256875,21.195905528692148,15.101197510704326,17.724426769781658,17.17419018831224,18.538018475971,18.65405471500103,46.36902805881285,0.05618711,5760.435828953382,0.21893536,0.1376869,0.61391217,121.559906,68.68132,0.4309801929913662,0.5424791,0.3514782,1.0,0.2579386166711414,121.559906,68.68132,4243,8,28.575056689342404,0.4453617714151233,0.2579386166711414,1.7464346350823429e-15
154.49506,41.06675,26.29272,17.96691,12.661121,14.556858,11.890871,9.918129,9.200318,9.583259,8.978199,8.435083,8.048794,-1.3018056e-08,-3.254514e-09,-6.509028e-09,4.0681425e-10,3.051107e-10,-2.0340714e-09,4.5766604e-10,8.136285e-10,5.593696e-10,-2.0340712e-10,-4.0681425e-10,1.0170357e-09,-8.899062e-10,0.09484282,1294.8149096938278,728.9821178970083,0.1049162477927885,0.5044672,0.40594098,0.44052732,0.50689465,0.47857076,0.5734068,0.46882755,0.5590709,0.5627594,0.54329866,0.5336733,0.49156994,-0.0238294127787229,0.0684439961059602,-0.0128624841768109,0.0069248634621445,0.0003642112615718,-0.0105606883950391,0.57340616,1,151.99908088,2.397486472857293,1.4855218,1.383588369390652,1.336902204685226,1.0511296870247824,1.383588369390652,0.80330455,21.490363465434346,14.387590086041524,17.40695495203111,17.522038234559112,17.097289214789946,17.602086345009713,47.71717104931165,0.044797532,5681.362382275114,0.1203595,0.053236138,0.69332856,55.95514,46.732773,0.4450725255972696,0.7714475,0.24212147,1.0,0.6162319568974338,55.95514,46.732773,4173,8,27.216003401360545,0.4453617714151233,0.6162319568974338,1.7464346350823429e-15
87.32114,21.426516,17.502586,16.405905,13.41849,10.361984,9.456099,8.21986,10.15459,8.390515,8.601157,7.880935,7.178146,-0.0053298892,-0.00051642733,-0.0026616252,-0.00014053978,-0.0013398959,-0.00013500656,-0.00020230573,-0.00025602902,-0.0003603177,-0.0004350482,2.3925168e-05,-0.0003348013,0.00023396169,0.11346166,728.8048675343679,494.267562360336,0.0476541250847791,0.35898066,0.4857494,0.35235086,0.3125708,0.46034336,0.29204595,0.32677764,0.2845801,0.47476283,0.54226184,0.40413526,0.4390273,0.0641039486678993,-0.0844909046928805,-0.0483374515444775,0.0464028239013805,0.0082338388497212,-0.0052989196333061,0.542262,1,135.99917763,2.2475036092396534,1.7541068,1.563372708882018,0.889291120305711,0.7859754062498271,1.563372708882018,0.7828187,15.965529665780297,13.891726954153112,18.033702739532607,17.81899248706995,18.07398490813924,17.470515944971282,47.15192773551855,0.035440017,5664.803404137209,0.19533993,0.16668187,0.5395791,150.5542,72.43961,0.5067021579998099,0.6324654,0.3139379,1.0,0.3858010994809813,150.5542,72.43961,5330,8,30.533877551020407,0.4,0.3858010994809813,-0.4427634897047652
79.60396,34.980217,31.32493,21.427698,19.45609,14.003278,11.810833,11.538304,11.215667,10.1966,9.501023,8.991115,8.4836855,-5.161535e-09,6.1293233e-09,9.677878e-10,-3.0646616e-09,7.2584094e-10,-4.0324495e-09,-4.0324497e-10,-6.451919e-10,2.0162248e-10,8.064899e-11,2.4194696e-10,1.2500594e-09,-8.064899e-11,0.07817925,968.52767083343,564.2537238820076,0.0684855840946199,0.41108483,0.35435116,0.4164553,0.42431834,0.38822377,0.47947764,0.3632852,0.432991,0.44534153,0.35945857,0.36287424,0.3331696,-0.1140759737404613,0.176622150602502,-0.0263391077494839,-0.0092199609899233,-0.011472256034596,0.0144160384835526,0.47947705,1,89.10290948,1.343904599942917,1.664395,1.4633254523602277,1.583793537975592,1.3532390429530183,1.4633254523602277,0.87757075,22.282790112816297,15.58891518585735,18.24881773130642,18.88260145689504,17.995384263515575,18.598032601669388,47.73906316490744,0.025946114,5391.334077282638,0.14020866,0.08478886,0.6231537,75.137375,44.564407,0.446041948579161,0.6764657,0.24999836,1.0,0.389030764898605,75.137375,44.564407,5274,8,34.32163265306122,0.3142696805273545,0.389030764898605,1.7464346350823429e-15
144.10246,40.04001,22.068533,18.003424,13.62038,11.298644,12.021557,11.255102,10.989305,10.854896,8.776999,8.109604,7.694862,2.2328228e-05,3.146183e-05,3.1076186e-05,3.045667e-05,2.9592675e-05,2.8496235e-05,2.717812e-05,2.5647749e-05,2.3921906e-05,2.2017965e-05,1.9951698e-05,1.774275e-05,1.5412743e-05,0.15463096,1043.7433069541476,763.9211461774943,0.0637256330705598,0.25587118,0.45797724,0.2914806,0.25866562,0.3791614,0.32922995,0.45768347,0.34022072,0.35942754,0.36424807,0.25059357,0.25728458,0.0209913423986571,-0.1576278226680409,-0.0887084231193853,-0.0188433028777582,0.021968296604774,0.0201114732137789,0.45797843,1,129.19921875,1.986923552852909,1.7016146,1.1147565963737054,1.279405360835898,1.1786405278667107,1.1147565963737054,0.70178723,18.683873183413347,16.77923844226263,19.287103519004567,16.286556739161732,17.17008073196464,16.403513728686036,45.935920558677566,0.07549203,4416.818784338198,0.19894981,0.12125604,0.6213165,114.0026,77.69745,0.4500220555800617,0.5380076,0.38259053,1.0,0.3044033902023468,114.0026,77.69745,5101,8,32.90262471655329,0.4,0.3044033902023468,-0.2014149960849258
91.257805,21.863083,17.130095,13.752308,10.6409445,11.085728,10.117941,9.675511,8.835656,9.25254,7.7458363,7.7102504,7.891371,0.0035713944,0.0019173825,-0.00051507493,0.00028215838,0.0006643063,6.644081e-05,-0.00029827407,4.1760442e-05,-0.00016912523,-0.0002759749,-2.7086238e-05,-7.070302e-05,0.00013440786,0.042753413,645.4444649655876,390.4305401630489,0.0437316468716461,0.36342448,0.46690136,0.3067401,0.33842728,0.4060499,0.30388868,0.3857117,0.34578943,0.47035894,0.4119879,0.33887064,0.3909722,-0.0175694360958124,-0.0849729449436342,-0.0816120105033766,0.0535998596667927,0.0083794825420191,0.0166942597119912,0.47035956,0,107.66601562,1.7557413176033934,1.4971365,1.5755888618120326,0.6707722449395296,0.6073414888676543,1.5755888618120326,0.8684689,21.48543544430158,14.983042993899666,17.99055221157461,18.586363175857542,17.82942009114511,17.65204861872717,45.90326296158004,0.021855773,5225.245598910778,0.07647551,0.045021255,0.62943965,43.86357,23.197388,0.459055025332862,0.859027,0.1224844,1.0,0.7832395027275852,43.86357,23.197388,3896,8,24.633469387755103,0.4453617714151233,0.7832395027275852,-0.509547397660017
98.78657,30.24436,23.023163,18.28288,15.142731,14.79221,14.269277,11.784413,11.072441,10.511532,9.860404,9.294626,8.575273,0.007262782,0.0048746807,-0.00052365864,0.00023241669,0.00040647708,0.00033867228,0.00046132796,9.1725735e-05,0.00020718866,-4.960884e-05,-1.2119307e-05,0.00028131448,0.00022006087,0.08088096,869.4636715922337,432.1849624033246,0.0689511127039639,0.5079397,0.42979798,0.45565316,0.43485808,0.5102169,0.4089443,0.36823052,0.4170047,0.40239012,0.4446924,0.40475386,0.47594208,0.0663937135837196,0.0432640515110429,-0.0501093417975025,0.0601822991846178,-0.0103622538280092,0.0100129497615919,0.5102162,0,99.38401442,1.6410311169786778,1.8509617,1.2721875891351024,0.9686622691532438,1.001984088464296,1.2721875891351024,0.7497788,20.92555961004312,15.352796357507772,17.587536071146502,17.035957546697006,17.952879494803035,18.29127344287611,47.619448465066434,0.022356322,5120.827801535159,0.103945374,0.0771012,0.5741329,68.55365,45.345806,0.4065444755099927,0.7343877,0.22089577,1.0,0.5062520473972545,68.55365,45.345806,3926,8,28.031156462585034,0.0,0.5062520473972545,-0.1483322017358957
80.189224,27.4648,25.693636,16.828764,15.659584,11.897618,12.634122,10.134004,9.649961,8.96932,10.123202,8.830734,8.867535,0.015778825,0.0033484036,-0.00160592,0.00048528187,-0.0013647178,-0.00012057488,-0.00066671846,-6.8431844e-05,-0.00031643576,-4.9915445e-05,-0.00056259724,0.0001957102,0.00011027732,0.047189042,781.5175626334058,392.08465952257313,0.0694790954530375,0.3796527,0.38391584,0.31024617,0.34490958,0.3220134,0.38475627,0.31450078,0.3132997,0.3910627,0.34567007,0.46632883,0.38734388,-0.1227104047668147,0.0364834421617294,-0.065731942041581,-0.0335663940928376,0.0081804819406783,-0.0181553004166453,0.4663288,0,99.38401442,1.5346603563474388,1.7265784,1.6819443664028884,0.9710526171858496,1.092251818174766,1.6819443664028884,0.94090974,18.14339947004036,15.678066699207406,18.541269780273986,17.68300217955279,18.548805054422544,18.155029468534693,47.880970321909125,0.027548376,5291.5700209810775,0.07408594,0.055424668,0.5720409,50.963467,25.258354,0.4919927882065966,0.80953354,0.13953823,1.0,0.6436655424970958,50.963467,25.258354,4639,8,27.367619047619048,0.0,0.6436655424970958,-0.3777413809347243
117.338486,31.771868,24.062325,21.590796,13.047695,13.060329,12.760998,10.204933,10.900503,11.894952,9.225798,9.014878,9.38541,-0.0013303205,-0.003272088,-0.0015569665,-0.00024233233,-0.00023421398,-0.0002900988,-0.00062509376,-0.00059967133,-5.1713232e-05,0.0002956811,0.00018972364,-0.0003186369,-0.0004255959,0.062036134,917.3791001207356,483.39646660166153,0.0694780272402388,0.37205803,0.42201766,0.44476256,0.38699168,0.4706757,0.39043802,0.42281994,0.34243172,0.38309082,0.46980652,0.4058007,0.42921802,0.1406680783769822,-0.0760345568559827,-0.0345869510131829,-0.0045158800319501,0.0028609384561725,0.0084753808557091,0.47067547,0,123.046875,1.857708370706053,1.6108198,1.2245087704149604,0.9224251821467888,0.770689157092212,1.2245087704149604,0.83668786,18.810904625246096,15.634798046789353,16.86425388647592,16.282431783887322,17.576284465572172,17.75247397470236,47.6784587086774,0.025479373,4900.984621719575,0.07064799,0.053766325,0.56784,48.065495,35.372383,0.4662036584172943,0.7803837,0.18517095,1.0,0.5872146814332351,48.065495,35.372383,4766,8,29.67365646258504,0.3142696805273545,0.5872146814332351,-0.4895674788462674
155.65428,27.094946,30.564863,15.030055,11.2277975,10.552222,10.312221,9.907253,8.216252,8.036053,7.245093,7.433261,7.630055,2.306521e-09,1.7298907e-09,1.2974181e-09,1.0811817e-09,-1.2974181e-09,2.8831512e-10,-6.4870903e-10,1.4415756e-10,-6.4870903e-10,5.7663024e-10,7.207878e-11,-8.6494534e-10,-3.2435452e-10,0.10606595,947.8839168319168,582.9022422100304,0.0529265494857622,0.37380373,0.5400858,0.46574268,0.42675388,0.5515089,0.43239063,0.48760083,0.43097952,0.5545419,0.46282804,0.33606958,0.36539254,0.0580259791446612,-0.0645475357623001,-0.0249456881041185,0.0352497194343841,0.0129765379089582,0.0149739641871502,0.5545415,0,129.19921875,1.6764322916666667,1.2362175,1.3397564097474148,0.8814950811581174,0.5839590661070199,1.3397564097474148,0.93630415,19.81671699986858,13.117027944323045,17.104443012444513,17.77665321298259,18.17787614193529,18.34457056143188,46.46730099347568,0.022265984,4304.699039985404,0.16156374,0.073508754,0.6872903,80.37701,51.463673,0.4991685563114134,0.6058518,0.34601444,1.0,0.3929194908920066,80.37701,51.463673,6604,8,38.4,0.0,0.3929194908920066,1.7464346350823429e-15
131.49934,25.838615,26.802202,20.213257,13.351309,17.574812,15.022313,18.15668,11.85313,11.560792,9.299715,8.942243,8.927202,0.0,-2.2968574e-09,-1.244131e-09,3.8280956e-10,-5.7421434e-10,-1.5312382e-09,3.8280956e-10,1.4355359e-10,1.6747919e-09,6.220655e-10,-1.9140478e-10,1.0527262e-09,2.8710717e-10,0.113111235,850.6346636046899,498.65444037431945,0.0516193141786073,0.3678263,0.40734974,0.24051814,0.30174422,0.27531564,0.39915782,0.404742,0.39555025,0.45575246,0.34921256,0.3705758,0.2526607,-0.1642592693411867,-0.0340079242190601,-0.09122904791111,-0.0408083749634331,-0.033466937699188,0.0042185965332543,0.45575246,0,86.1328125,1.365815372842232,1.2699686,1.108308248262015,0.9769490546820988,0.7473746778190304,1.108308248262015,0.9740088,21.226446612808832,15.671217863669428,18.73567989340465,18.93683492286833,19.08926046381793,21.577499282813307,45.58182212192802,0.028443577,5005.588086133498,0.2006843,0.08330747,0.7066528,91.36927,51.390724,0.4691890806904857,0.58526635,0.35407048,1.0,0.3983494765547958,91.36927,51.390724,4675,8,28.92045351473923,0.3142696805273545,0.3983494765547958,1.7464346350823429e-15
92.31901,26.446974,26.973072,18.72989,15.951693,14.413906,13.674163,12.434338,11.263866,11.139049,12.671189,9.490556,11.5483465,-1.3586011e-08,5.94388e-09,1.2736886e-09,-1.48597e-09,-2.1228143e-10,3.5026435e-09,3.1842215e-10,-2.97194e-09,7.9605533e-10,6.368443e-10,5.307036e-10,-5.307036e-10,6.368443e-10,0.045053486,939.3125454542696,560.3090076189998,0.0724495595610078,0.39314115,0.4405898,0.3493559,0.37052396,0.3283972,0.4009332,0.34528598,0.34553662,0.46352977,0.37563688,0.47954375,0.34817025,-0.1182260953398443,-0.0103926891053126,-0.0551494459905104,-0.0159074751768809,0.0129837385417979,-0.0065006976734504,0.47954348,0,184.5703125,3.063160462349733,1.6359943,1.036537096663632,0.5274471780621084,0.409688006337418,1.036537096663632,0.8990145,17.551303321045385,14.63363240693883,19.99085227335661,19.84194995414905,20.425477572995813,20.70633902726984,47.23834861408585,0.0375692,6402.442001317299,0.06819024,0.046876986,0.592607,43.297897,25.751507,0.4327693677649154,0.8170511,0.15609618,1.0,0.690912071655938,43.297897,25.751507,3888,8,26.076009070294784,0.0,0.690912071655938,1.7464346350823429e-15
124.72694,33.04272,25.185446,20.29095,16.628399,16.81567,15.400951,15.391004,12.004778,11.524955,10.843618,10.075328,10.084608,6.7464527e-09,0.0,-8.433066e-10,2.7407463e-09,1.0541332e-09,8.433066e-10,-2.5826263e-09,1.4230799e-09,1.8974398e-09,3.1623995e-10,-1.0541332e-09,1.0541332e-09,0.0,0.11043957,816.2379515668679,632.1156182330315,0.055002128227089,0.32383338,0.2503039,0.36963797,0.25792596,0.31698018,0.27489585,0.39867204,0.55793273,0.33773345,0.36577696,0.34396654,0.49944583,0.1853979895503556,0.070821929495879,0.1742264053011682,0.0468580229473653,0.0580552665080852,-0.0261929607543718,0.5579323,1,89.10290948,1.442529415625691,1.4872814,1.8000766335953835,0.7774532668948662,0.5285166543769211,1.8000766335953835,0.95996773,20.192399777413897,15.68312594011086,19.27857207627262,20.24420775500978,19.240833608846373,20.99048508575261,46.06562217767687,0.038814157,4663.967553125345,0.17400023,0.07022135,0.71246576,73.32385,45.75118,0.431793057705063,0.62738335,0.29938063,1.0,0.3686327333075792,73.32385,45.75118,3906,8,26.255963718820865,0.3142696805273545,0.3686327333075792,1.7464346350823429e-15
190.13641,32.86755,30.527407,22.539682,19.912674,16.523144,12.200912,15.792483,10.604873,11.105608,9.763308,10.269563,10.064677,6.0462777e-09,-2.0154258e-09,-7.557847e-10,1.3856053e-09,2.5192823e-10,3.149103e-10,-4.408744e-10,-1.9209527e-09,4.408744e-10,-3.149103e-10,7.557847e-10,3.149103e-10,9.132398e-10,0.13261709,1270.5333557809015,1145.737539238555,0.0514762997703499,0.27146557,0.24484205,0.3417455,0.32379678,0.35173282,0.5393635,0.4203269,0.45441467,0.29133704,0.30347517,0.40412146,0.27336624,-0.0690620555774979,0.1207057732010715,0.081037090582198,-0.1283497944889167,0.0394520882601344,-0.0242062370025368,0.5393635,1,129.19921875,1.2600500606796117,1.0830407,0.7384751451387654,1.2386403285097891,1.378791763365845,0.7384751451387654,0.54639244,23.36940552395589,20.493918875222835,21.182808790365392,16.9757298804915,16.71042165947508,17.553142380748355,43.60911327958917,0.027509972,3398.593469775191,0.10391728,0.06799227,0.6044846,65.51361,85.01521,0.3478634172115448,0.6169419,0.39754027,1.0,0.4524737342738467,65.51361,85.01521,5267,8,43.946666666666665,0.3142696805273545,0.4524737342738467,1.7464346350823429e-15
101.19185,30.153776,18.7606,15.655254,11.3665,11.318872,10.943549,9.284821,9.207827,8.5324335,8.909562,8.30826,7.6628885,-2.8537104e-09,-1.4268552e-09,1.783569e-10,1.4268552e-09,6.2424915e-10,-1.3376767e-09,2.5415858e-09,5.350707e-10,-8.917845e-10,-7.580168e-10,1.8727473e-09,4.0130302e-10,-6.2424915e-10,0.040208176,779.3931690092799,493.23836558202817,0.0576098843402654,0.37184885,0.27815154,0.30562288,0.30868718,0.35179058,0.3598683,0.3071225,0.38244206,0.36370593,0.33972323,0.32145905,0.33971074,0.0141501143853742,0.0770873171144834,-0.0552592512002167,0.0722419421508315,-0.0128521948944765,-0.0144101521776222,0.38244224,1,151.99908088,2.396217338131704,1.2720239,1.052276259262196,0.8994294456799217,0.6042528219756864,1.052276259262196,0.95060146,21.458400102157484,15.763846670185483,18.86228635498716,19.308426263245504,18.40242665342298,17.806156322321876,51.478569674298726,0.0376153,4911.4147499474,0.059751477,0.032317653,0.6489779,32.158466,21.767109,0.4007294491723557,0.8860564,0.09736099,1.0,0.8536229929414441,32.158466,21.767109,4285,8,31.038503401360543,0.4453617714151233,0.8536229929414441,1.7464346350823429e-15
80.35296,40.24386,31.161163,19.861065,16.158205,15.637504,13.758159,14.160257,13.694405,10.748351,11.260051,10.874554,9.794625,0.00025221388,0.00023615547,9.856281e-05,0.00015400202,0.00017495886,-1.3864276e-05,-0.00016037702,-9.608275e-05,-6.2231054e-05,-0.00019364359,-0.00024778725,-0.00011602957,-3.921561e-05,0.102114975,1090.326753894685,551.7237144264669,0.0696290889252925,0.3942049,0.5158992,0.37280244,0.41329962,0.42651188,0.37043566,0.40671605,0.3450286,0.45395455,0.38102883,0.38530377,0.4359582,-0.0077982641697928,-0.2141303274993245,-0.105717796599871,0.0549027815307767,0.0196911235909315,-0.0245166760506281,0.51589787,1,151.99908088,2.4978242486170323,1.7435504,1.537764338066158,1.0168412760925036,0.7385691042650157,1.537764338066158,0.93073046,20.1531457432527,15.011685006859643,18.54278542129868,18.22356575333268,18.898553916842825,19.57782765641273,48.33070469231435,0.024889054,5009.049943063948,0.18024343,0.116646565,0.60710305,102.4367,60.846867,0.4334295507847736,0.56948537,0.32497507,1.0,0.2829805158116718,102.4367,60.846867,4805,8,32.178004535147394,0.0,0.2829805158116718,-0.3662999100203962
95.53607,36.3023,22.367878,15.777876,16.12128,12.094452,13.32799,11.93563,9.607469,10.8758335,9.40259,9.4073925,8.106779,-7.167116e-09,-2.6876683e-09,4.4794474e-10,-1.9037651e-09,3.3595854e-10,-2.2397237e-10,-2.2397235e-09,1.1198618e-09,2.7996544e-10,5.599309e-10,-4.4794474e-10,-1.1198618e-09,-6.15924e-10,0.12543963,1167.7586746431907,607.9047062376883,0.0994171442162024,0.40717536,0.31361654,0.46436092,0.3795547,0.31609458,0.32071373,0.2688661,0.40643686,0.29223812,0.4345581,0.3884996,0.28657368,0.0001384902123743,0.1910683718419452,0.0420186030046338,0.003898960863449,0.0122503737837296,0.041661248163964,0.46436113,0,95.703125,1.5374033360404709,1.419845,1.8111167127754428,0.917703421300798,0.6265239999706192,1.8111167127754428,0.94551736,20.1236941359088,16.446765610308304,19.57818266236293,18.61652362932031,19.091397509254108,17.814577356259548,48.20964194386373,0.024230069,5536.643939647612,0.16832347,0.09912369,0.62936854,96.1428,76.60603,0.3704051673517322,0.6705946,0.26557568,1.0,0.4041222324909473,96.1428,76.60603,3154,8,24.717001133786848,0.0,0.4041222324909473,-0.8851875945606674
93.02786,36.73107,26.511034,22.474607,19.08622,16.391651,12.176445,14.601065,12.687515,12.373447,12.673334,10.894675,11.578223,-0.02397817,-0.0058449046,0.0032507451,0.008449466,0.0036842567,-0.0047791335,-0.003077391,-0.0027995475,0.0018923737,0.0022996827,-0.0023474924,-0.0013831563,-0.0030884738,0.042884685,1018.7264180989996,633.267283346468,0.0752437101300679,0.61659366,0.34237581,0.4391142,0.3816875,0.22739951,0.2602232,0.21085367,0.35277215,0.2319704,0.24759164,0.34729344,0.3495311,-0.0672477492280531,0.2548514089626961,0.0680920787065607,0.091008296535607,0.004047335113632,0.0517575729344547,0.61659336,0,117.45383523,1.9227835962987605,1.6179268,1.3881244436693327,1.275527701403009,0.9379924477440696,1.3881244436693327,1.0807478,20.3498778672552,16.601710249504514,19.92894845666337,19.3793090481152,20.36628136465414,23.98416892338,52.15003445985228,0.012688099,5158.7932640065565,0.06277291,0.0308896,0.670196,30.921177,23.983767,0.4090775125257884,0.8621551,0.118606925,1.0,0.797557013252765,30.921177,23.983767,2776,8,19.6980045351474,0.0,0.797557013252765,-0.6074406291580406
107.871124,24.627771,16.935614,13.533327,12.048949,10.947797,9.276009,9.284937,9.4675665,8.821156,7.955397,8.282412,7.217756,1.39095615e-08,-1.5213583e-09,-1.0866845e-09,6.520107e-10,-3.0427165e-09,-2.7167113e-10,-3.2600536e-10,1.5213583e-09,-7.6067913e-10,-1.7386952e-09,-3.8033957e-10,-7.063449e-10,2.7167112e-11,0.07472293,769.6280479257015,479.4313793947162,0.0732637768474304,0.4952944,0.39041075,0.42306358,0.52318424,0.471037,0.56947434,0.41265476,0.466049,0.465232,0.39820862,0.38751367,0.3923267,-0.0481840093701392,0.0501947277318044,-0.0200200971584104,0.0471686334609737,-0.0114614938797096,-0.0052782847736157,0.5694745,1,129.19921875,2.007311698717949,1.3548024,1.1808505863131642,0.9648143118084612,0.7765508908267567,1.1808505863131642,1.072013,19.88876512449697,13.45853409787879,17.270724182760787,16.163533518166364,16.57002380597307,16.67292006394062,46.41918643367272,0.08816347,6470.706683065854,0.1248171,0.07955073,0.6107443,83.44121,37.911816,0.5112250712250712,0.50868946,0.35807163,1.0,0.2318641511323249,83.44121,37.911816,4486,8,25.46938775510204,0.4453617714151233,0.2318641511323249,1.7464346350823429e-15
114.121735,46.778778,25.758377,24.718431,22.175251,18.263687,17.491573,17.979692,14.247189,13.164616,12.437417,11.657106,10.757511,0.0,3.3350114e-09,-5.5583527e-10,1.528547e-09,-6.392105e-09,-3.8908468e-09,-1.6675057e-09,-1.6675057e-09,0.0,6.9479406e-10,0.0,8.3375284e-10,1.8064645e-09,0.14890514,1130.9786142104376,662.650968845797,0.0820615027498201,0.5090176,0.35776266,0.53445673,0.45657265,0.3008227,0.3102113,0.28604314,0.40734375,0.3002092,0.3104314,0.30823267,0.3927102,0.0779358635100861,0.1859558392967832,0.1219953644422309,0.0352589022511354,0.0058449007227815,0.0264426843543917,0.53445655,0,69.83741554,1.104436529050369,2.0848203,1.3961699455276315,1.4380434717205444,1.9322736950683408,1.3961699455276315,0.67332757,19.862186494922845,16.57832462196877,20.336429681441327,19.209900513976887,20.16563138167928,18.49029053681348,45.49902666663267,0.02032957,4195.97508406719,0.16095552,0.11401637,0.58535045,104.44433,92.47066,0.3889536578257068,0.6237973,0.361856,1.0,0.4085724163017381,104.44433,92.47066,2669,8,19.91965986394558,0.3142696805273545,0.4085724163017381,-0.9861016516660768
99.51563,42.76141,25.577646,21.98755,17.939379,13.597953,15.147816,14.479492,12.940343,11.7994585,11.4337,10.555776,10.717075,-0.009797028,-0.00010545578,-0.0017752371,-0.00011985543,-0.0007534165,-0.0016497506,-0.0011071423,-0.0016217742,-0.0019368961,-0.00036361837,-0.00034360244,0.00016537648,0.00050078856,0.14809561,1070.0984669265226,690.3424756946345,0.068477276481401,0.38039327,0.26487032,0.26227665,0.31021166,0.5005538,0.34152493,0.3343057,0.39089757,0.38216266,0.5074115,0.41949153,0.48249725,0.2282699993027004,-0.0770610401458927,-0.0216452634584555,0.1445893477678663,0.0447911461549009,0.006198089114,0.5074113,1,129.19921875,2.117113151710649,1.9658831,1.6157681743160577,1.1754144358006389,1.0106546900372704,1.6157681743160577,0.79804873,22.848924672836947,16.239872086288006,18.9564413049096,19.474222655242283,18.7203161382268,17.40990183828666,46.41733565573189,0.025493564,4520.203992105407,0.18566693,0.12861745,0.59075904,108.81813,87.40897,0.4024988323213451,0.62545574,0.28155985,1.0,0.3219248158633083,108.81813,87.40897,3447,8,24.85696145124717,0.4,0.3219248158633083,-0.5767104018439583
112.60073,38.971546,30.49406,23.660511,20.459476,17.122087,17.15046,16.266027,15.01938,14.653433,11.645948,11.886618,10.939723,0.0015992199,0.002016781,0.0014107872,0.00073355145,0.00023363634,-1.8779878e-05,-0.000109481094,-0.00015573912,-0.00020961772,-0.00025698147,-0.00027245274,-0.00025409885,-0.00021334019,0.14669888,863.2747198938429,706.7846250503953,0.0534083879938142,0.34938884,0.37667722,0.34025478,0.45657402,0.29106075,0.36649168,0.40449747,0.2773064,0.34842598,0.34871697,0.42716986,0.37388924,-0.115801542478303,-0.0739262468678615,0.0331357621036335,-0.0271956779005962,-0.0096158679817781,0.0142766338973784,0.4565738,1,129.19921875,1.937397672492522,1.6714462,1.6374712640240028,1.674463317235846,1.5183870627782825,1.6374712640240028,1.0330988,18.70851307232159,15.353983350510571,19.13818746385306,18.615666324473462,20.586812204095235,24.81994783145799,49.99163127410566,0.0094698155,4151.919343707856,0.23976488,0.13818099,0.6343878,133.12074,76.397064,0.470616570327553,0.598118,0.2709346,1.0,0.2434113284533579,133.12074,76.397064,4885,8,30.13062358276644,0.0,0.2434113284533579,-0.0389161433495942
94.72238,31.9089,24.93227,13.869518,13.712496,12.145126,12.835684,10.123176,12.2918625,11.37719,9.260363,7.9596705,7.6622787,0.000379959,0.0005157083,0.00045922791,0.00038486373,0.00030363898,0.00021729272,0.00012855865,4.936845e-05,-5.5623013e-06,-3.2727916e-05,-4.356313e-05,-5.2598345e-05,-6.431845e-05,0.13935672,822.1499111279949,510.0677096966346,0.0598191094499286,0.5367958,0.42839915,0.29627547,0.27730235,0.31523344,0.4301705,0.21980615,0.25207508,0.30255115,0.25021783,0.34825778,0.31934297,-0.1270981341538876,0.114249603140979,-0.1397124494162644,0.1004650539771089,0.007821022048279,-0.0110719653328888,0.53679657,0,86.1328125,1.3945983786824878,1.43106,1.466066997320034,1.1258524832316872,1.1469609076474654,1.466066997320034,1.0615684,20.92011081730642,16.380785609691717,19.83763351967748,19.7822444863475,20.154030638988093,20.7954563367396,46.33328408618859,0.022812,4789.627476507708,0.1553336,0.093926236,0.62317693,96.26064,84.905205,0.3289689034369885,0.73942816,0.20854795,1.0,0.5056798157895366,96.26064,84.905205,2814,8,24.827936507936503,0.4453617714151233,0.5056798157895366,-0.6663081473892097
102.717445,33.83486,27.577145,20.725342,20.413937,17.13545,15.979811,12.995343,15.7435665,12.009342,11.277084,12.404563,9.784673,5.4877862e-09,1.7149331e-09,-2.486653e-09,-6.859733e-10,1.0289599e-09,3.4298664e-10,6.002266e-10,3.001133e-10,1.4576932e-09,-5.1447996e-10,2.3151598e-09,-1.1147065e-09,-1.2004532e-09,0.09579431,966.7238459254312,559.2054433072223,0.0766103251294196,0.44220737,0.3328559,0.40767398,0.33607385,0.27198827,0.3455666,0.3220689,0.48863143,0.34489432,0.41390133,0.38328457,0.33148536,0.042351238611646,0.1667237133925055,0.0416875867364997,0.0117567789809016,0.0185173014695001,0.0109529113200902,0.48863173,1,117.45383523,1.9285199453736173,1.5844736,1.3913783170672709,0.9693568722222992,0.7522837204432041,1.3913783170672709,0.8354652,21.71434274570701,15.837913725015204,19.95605923237996,19.11378686760463,19.39286295395578,18.920640710577818,46.874031775075,0.027458198,5545.777530598139,0.15488714,0.072011,0.68262553,73.497345,47.04099,0.4243323442136498,0.628111,0.28928643,1.0,0.3385894411141171,73.497345,47.04099,4719,8,32.27863945578231,0.4,0.3385894411141171,1.7464346350823429e-15
89.93269,30.87614,21.371634,12.901058,14.905808,11.852083,12.742364,13.998811,10.500492,13.057856,9.773168,9.895427,9.209227,-1.8278377e-09,4.569594e-09,1.8278377e-09,-1.8278377e-09,4.5695941e-10,2.0563173e-09,-6.8543915e-10,-1.599358e-09,-9.1391883e-10,-1.9849176e-09,1.14239854e-10,1.14239854e-10,-1.0852786e-09,0.094374985,673.2552563411848,589.4682462867856,0.0351934227471241,0.28106952,0.44745058,0.47199002,0.29341847,0.3918636,0.3013017,0.46149224,0.3770405,0.37536824,0.41338044,0.30306134,0.3621452,0.0854571474132606,-0.0795405701486908,-0.0007060495131097,0.0455952896324333,-0.0133345507532968,-0.0205549550738253,0.4719913,0,112.34714674,1.82130602686594,1.4644943,1.737879531026972,0.7420877272475838,0.6843702238597068,1.737879531026972,0.98893654,24.27417209282564,15.638128983310327,20.391987795268538,20.642067935797154,20.81693185151412,22.27018524347906,48.24945261519122,0.015004796,3890.925733404521,0.13993903,0.07402025,0.65404207,76.67489,59.056393,0.3734275787708158,0.8129826,0.1702969,1.0,0.6818178922202817,76.67489,59.056393,3117,8,24.22712018140589,0.4,0.6818178922202817,1.7464346350823429e-15
100.216705,37.269287,31.946306,20.675997,18.850992,16.510635,16.429102,15.035623,16.328957,14.5809555,12.287342,11.782078,11.074212,-3.0549414e-05,-4.1937394e-05,-3.822477e-05,-3.2285247e-05,-2.4461458e-05,-1.5223372e-05,-5.110803e-06,5.2864457e-06,1.5356087e-05,2.4504536e-05,3.2201977e-05,3.799854e-05,4.1562133e-05,0.13278206,1196.1494223731422,684.5007941407024,0.0850138024851434,0.39170727,0.3519617,0.2748098,0.28707802,0.266601,0.40016758,0.28759372,0.3695333,0.37743148,0.2969025,0.3603611,0.2893728,-0.171728508799011,0.1318358166024821,-0.120727206189586,0.034536358452607,0.02474972341606,-0.0325104955053783,0.40016824,1,89.10290948,1.4512615031753062,1.6999204,1.7013150882401042,1.775223521969099,1.7354358493716906,1.7013150882401042,0.99207985,18.40249151145692,16.31861322142842,20.18531049460577,19.87602998537624,20.65529949024713,26.47399665277065,51.49321698014449,0.014930875,5254.446372293416,0.16449824,0.09416742,0.6359468,85.577065,66.79781,0.4527908189880021,0.6047999,0.29920548,1.0,0.2838826607879589,85.577065,66.79781,4340,8,27.82062358276644,0.4,0.2838826607879589,-0.8327719153813907
95.15727,34.647125,30.376526,20.806868,21.63487,19.319605,17.286068,14.766852,17.980633,16.72513,13.153765,12.583801,11.760268,0.0005622943,0.0006959631,0.0004764835,0.00026605546,9.403738e-05,-8.062723e-05,-0.00023783489,-0.00030116603,-0.00027253068,-0.00025773238,-0.0003191141,-0.00038425173,-0.00035838675,0.13026455,1023.2939186942692,583.1079383705508,0.0750306215853876,0.33196998,0.43663776,0.29635125,0.29836363,0.27155843,0.34340134,0.46993172,0.30053976,0.42581904,0.34921473,0.25871983,0.3490786,-0.0476047213624383,-0.2141837999668468,-0.1084623097444204,-0.0575337325480605,-0.0071510079287083,0.0146704884068865,0.46993154,0,135.99917763,2.1252196444942446,1.7611966,1.652112876166949,0.7975732077991896,0.5458754149454511,1.652112876166949,0.937044,20.145642982327413,17.128440318568362,20.194166419756943,20.09030625459256,20.22860900482909,23.15610856258625,48.50582765725616,0.026361613,5908.526701402642,0.16486767,0.0998309,0.6228483,93.27938,70.274796,0.4272002897500905,0.5322645,0.30929124,1.0,0.1917826759577111,93.27938,70.274796,4718,8,32.055510204081635,0.4,0.1917826759577111,-0.2956474667912416
123.51528,53.432373,29.867857,21.691805,19.941475,15.366505,14.902702,14.021798,13.703562,14.819624,15.083657,14.082012,12.536836,3.8585886e-09,-1.9292943e-09,3.8585886e-09,-5.3055595e-09,-2.411618e-09,0.0,9.646471e-10,-2.4116178e-10,-1.205809e-09,-1.205809e-09,-1.4469708e-09,-2.4116178e-10,-1.9292943e-09,0.16150028,1479.6345211812916,863.0459990861135,0.1033109679399456,0.3375881,0.3226887,0.33318102,0.4364768,0.383821,0.36333674,0.3562218,0.3183421,0.4052562,0.36437288,0.42989933,0.4445348,-0.0767829100254376,-0.0514294780205011,0.0332587624762912,0.0189487006169238,-0.0060679434117808,5.276271991137294e-05,0.44453388,1,129.19921875,1.9986559299127469,1.8426244,1.5073006336947072,1.2919290905622134,0.8990856367626902,1.5073006336947072,0.9261392,22.5732121981681,14.518514445697049,19.7405434364852,18.301093620759733,19.53352988397821,18.753549064284968,45.6337298959496,0.081759155,5276.929371527887,0.1834203,0.117752045,0.609019,101.11457,65.04475,0.4556145675265554,0.4447436,0.37379864,1.0,0.1724045682682618,101.11457,65.04475,3603,8,22.952925170068028,0.4714045207910317,0.1724045682682618,1.7464346350823429e-15
117.65259,54.192997,28.412363,22.993153,19.464462,16.35079,16.00154,14.109834,13.425717,12.527783,12.57721,11.397735,9.117009,-0.0035313428,-0.0017872286,0.0008091692,0.00064878777,0.0011551552,0.0005128106,-6.598419e-05,-2.232533e-05,-9.513131e-05,0.00013592902,0.00038380796,0.000339306,0.00041455406,0.06674617,1455.5181900830762,819.124320844895,0.1238403900632346,0.40803057,0.37887514,0.43041778,0.4731054,0.4693099,0.41226298,0.35300568,0.40682468,0.42420542,0.5364008,0.50066483,0.38445503,-0.0568512047626022,0.0273775117839286,0.0044921465203841,0.015397588606401,0.0267825256416497,0.033170013139667,0.53640085,1,172.265625,2.8132892842917148,1.5744218,1.4242215271304195,1.0680326651732048,0.7066218841580814,1.4242215271304195,0.9026118,20.73488103643204,15.96382118819868,19.74417636530327,19.732707536164725,19.066646420297207,18.209777715583822,47.460920103419696,0.05010337,4955.025658368184,0.061476864,0.026639834,0.6976676,25.271736,27.300127,0.362108922363847,0.8688179,0.10922292,1.0,0.8045901786799592,25.271736,27.300127,5000,8,40.07764172335601,0.0,0.8045901786799592,-0.0291747121994499
80.85646,37.50675,29.00833,20.470917,16.16343,17.746983,13.611229,13.283882,12.292157,13.062619,11.701427,10.722315,10.1518955,0.0032894257,-0.0060470602,-0.00383306,-0.00083185156,-0.0017921444,-0.00012187862,-0.0009560476,0.00051980646,-8.389934e-05,-1.740288e-05,0.00029700715,0.00050664967,3.2929693e-05,0.13640821,956.2606679465696,682.6694763126088,0.050193430905472,0.5531834,0.39214462,0.5115203,0.3862188,0.4445616,0.35113272,0.36226356,0.4405543,0.34480703,0.41231912,0.35479134,0.48150933,0.1772690502043723,0.0519998501996774,-0.0002922061526914,0.0444786641765918,0.0011855753370043,-0.0024108193851429,0.5531847,0,103.359375,1.7469074355762346,1.9878055,1.3907917897918842,1.1538104498737318,0.9019991062785048,1.3907917897918842,0.7910215,19.96507281678444,16.93647402470102,20.15542111285368,19.594265870708067,20.618429392744336,20.56454285370662,46.45987515423133,0.010834605,3995.6960858983584,0.23239295,0.104156256,0.6905149,107.253685,72.774055,0.3832020997375328,0.70834154,0.23837733,1.0,0.4600556112030606,107.253685,72.774055,3212,8,24.3287074829932,0.4453617714151233,0.4600556112030606,-0.4192083128014247
133.13585,36.06142,34.013996,25.624775,24.884148,22.145414,18.578548,22.662449,16.778595,18.083735,13.559929,12.758021,12.280506,0.014051005,0.006185362,-0.004404316,0.0002486236,-0.0015286183,-0.0024592672,-0.0005561961,-0.0015561557,-0.0020069308,-0.0019810116,-0.00085353147,-0.0003910941,-0.0006495301,0.18982701,1157.2646775114938,821.2787361487178,0.06693888307945,0.38462332,0.44281635,0.36247057,0.41446316,0.32610273,0.31602168,0.4035997,0.4113708,0.6217197,0.47884732,0.4305562,0.4390323,-0.0964577485944466,-0.1952904850100815,0.0440216622586345,0.0347652709784954,-0.0372905797509817,0.0162362858829668,0.6217194,0,135.99917763,2.220257430935855,1.6677984,1.5019689953068975,1.0232233880171102,0.703007712689511,1.5019689953068975,0.7732566,20.612300672278444,17.471471677895366,20.204775698443346,19.031146659287863,19.47887342396616,20.783247445061534,47.42452118285885,0.021316415,5120.466885587842,0.24736436,0.10160006,0.7088506,88.69355,77.34478,0.3873541143448072,0.440409,0.40556678,1.0,0.2036987404244549,88.69355,77.34478,2622,8,19.64862244897959,0.4,0.2036987404244549,-0.2882179523990487
76.13539,30.060728,27.5026,17.690083,15.725886,15.506171,12.285618,10.575743,13.069898,9.670805,10.02047,10.183865,9.22677,9.658515e-07,1.3688448e-06,1.3709264e-06,1.3671795e-06,1.3659305e-06,1.3680121e-06,1.3658265e-06,1.3629123e-06,1.3609348e-06,1.3594777e-06,1.3566155e-06,1.3540135e-06,1.3538054e-06,0.130651,880.8586388964704,373.68897193085,0.085109496859075,0.304276,0.33125058,0.37522092,0.48415613,0.42992082,0.48511732,0.4234539,0.34225795,0.36940497,0.4258741,0.5709379,0.38650188,-0.082759561150727,0.0123390731367304,0.0827915157382481,-0.0387081529127551,0.0356473906549022,0.0215851422696007,0.57093644,0,129.19921875,2.110545340127701,1.6138427,1.5159342949881822,1.5978997347665649,1.3543479650353554,1.5159342949881822,0.9423379,16.50756917149795,14.431570030603572,17.96009062392217,18.139403003530663,18.50312141495778,18.828982032037995,46.21045568930866,0.030529724,5514.650265290776,0.1858476,0.15859382,0.5395607,148.46953,81.26595,0.4321108928181619,0.52350396,0.3488447,1.0,0.2401400471690467,148.46953,81.26595,3959,8,26.59265306122449,0.4,0.2401400471690467,-1.0097201566390344
116.097015,30.965487,22.147884,14.558601,13.802298,11.977193,9.076447,9.380214,10.299517,8.49331,10.002304,8.578976,8.502407,3.5067307e-05,4.9574846e-05,4.954147e-05,4.948471e-05,4.940759e-05,4.9308026e-05,4.9187154e-05,4.904328e-05,4.8879367e-05,4.8691225e-05,4.8485737e-05,4.8255024e-05,4.800494e-05,0.037141412,906.8065563873906,456.54178709624085,0.0677531265527596,0.3517067,0.42328197,0.41999477,0.5947373,0.6062708,0.37081692,0.35910738,0.4249021,0.5008007,0.35975644,0.38832116,0.42845857,0.0022909408980074,-0.0328539278698036,-0.0031482070329956,0.0361745341491728,0.0192758641039568,-0.0070084640114554,0.6062697,0,117.45383523,1.8607889589924853,1.557709,1.2424560029074192,0.9741987611098784,0.8756873525210773,1.2424560029074192,0.7885947,20.971957773197666,14.856820681799825,17.91712693740814,18.40226261375413,19.06801680743897,18.7723803181389,47.1377496300292,0.028019207,5317.707004217128,0.03689428,0.02887168,0.560985,26.951426,21.483746,0.3651374332608266,0.9104498,0.07502348,1.0,0.9161543778920076,26.951426,21.483746,3693,8,29.355827664399094,0.4,0.9161543778920076,1.7464346350823429e-15
107.41361,32.263268,23.832317,16.012709,12.839573,14.206117,11.120691,11.4536085,10.424979,10.213672,9.470973,9.536701,8.698653,3.0465785e-09,3.0465785e-09,2.9037703e-09,1.3328781e-09,-1.0948642e-09,-1.9041116e-10,-1.9993172e-09,-3.8082232e-10,7.8544604e-10,-1.6184949e-09,-9.04453e-10,-7.6164464e-10,-1.9993172e-09,0.07667501,913.4900343156183,603.6473430372921,0.0623817604055063,0.41191897,0.44471616,0.32769156,0.31579605,0.31065986,0.4791343,0.39016816,0.31566277,0.40213397,0.40711144,0.5637749,0.39494196,-0.1370924072089474,0.0264958492817888,-0.0468193791307245,-0.0563915271179608,0.0218165587745402,-0.0011467691145409,0.56377536,0,151.99908088,2.468062818240815,1.4195882,1.3548611049380028,1.3626818667631295,1.092289315836097,1.3548611049380028,0.939573,24.59083890470768,15.519591244185364,19.190170015021323,18.4567131646132,19.40983557007166,19.500016693174267,47.40742895494678,0.026343457,5009.670579058569,0.11454509,0.057618145,0.66532457,63.03583,40.1663,0.4517771565495208,0.75507164,0.1964831,1.0,0.5251447800793159,63.03583,40.1663,4525,8,29.071383219954647,0.3142696805273545,0.5251447800793159,-1.210673325301686
90.98516,22.50729,20.488514,16.974012,13.218564,11.183047,14.329749,13.273394,11.141635,10.046898,11.045454,10.160704,7.4982877,-0.0010091625,-0.0014932586,-0.0014652502,-0.0009918131,-0.00015535184,0.00051147584,0.00063731015,0.0004182962,0.00026699496,0.0002950605,0.00035268723,0.00036028787,0.00036776747,0.12862888,595.7119031211047,413.6048171067082,0.0377428671913889,0.4381855,0.29602715,0.46250325,0.29609206,0.21771388,0.32800364,0.23645632,0.29017195,0.2094555,0.3678068,0.4987232,0.34698817,-0.0106978558972202,0.1814686899148573,-0.0508704004223719,-0.0298749694751462,0.0144980934798909,0.0062021288448628,0.49872437,0,107.66601562,1.708905927243516,1.5298072,1.4589995649284804,0.930644573457636,0.6755675294700518,1.4589995649284804,0.9524731,18.656647082553047,15.610027041127577,19.702783055226742,18.77701205265363,19.595607283967016,17.98386968818189,48.414184238612044,0.0147060575,4733.229324546263,0.24654607,0.15368123,0.6160136,141.96504,73.92321,0.4712843007242681,0.6265865,0.29921427,1.0,0.3492086469672992,141.96504,73.92321,4620,8,28.45387755102041,0.4,0.3492086469672992,-0.0232713650647181
102.224236,39.43628,32.716824,19.557625,15.081729,15.821899,12.838168,11.822273,11.653577,10.1080475,9.891419,9.665713,8.976639,-6.525033e-09,8.156291e-10,1.2234437e-09,0.0,-2.0390728e-10,-2.6507945e-09,-6.1172184e-10,-3.0586092e-10,-8.666059e-10,1.0195363e-09,7.901407e-10,0.0,-1.0195364e-10,0.073693365,998.0735452838344,737.1167263633049,0.0686836335819227,0.50281274,0.40936476,0.4048107,0.43273225,0.46533677,0.59545213,0.44525227,0.5104633,0.46493313,0.36340967,0.37129533,0.39327565,0.0141870181204001,0.082626981827549,-0.0565065629515209,0.0629868081136532,0.0064228837454755,-0.026732019875787,0.59545165,1,112.34714674,1.7727538122794826,1.4127991,1.009852690273228,1.1641577047893958,0.9722578738502912,1.009852690273228,0.8266077,25.013089057697904,15.65289533945366,18.69999025641068,17.76201251218503,17.65914784755621,18.41991500713126,45.53533372081204,0.049892813,4154.452168169199,0.105782874,0.053321797,0.66485924,51.95758,37.292892,0.3130546348765102,0.83345175,0.13771477,1.0,0.7083547568476272,51.95758,37.292892,2928,8,27.147029478458048,0.4865042554105199,0.7083547568476272,-0.9958017002588144
67.36969,34.052204,30.733393,20.454193,19.198336,16.42539,15.8832035,13.278404,15.09266,11.272384,10.359345,10.3619,8.206566,-3.2839318e-09,0.0,1.6419659e-09,-1.6419659e-09,1.4367202e-09,-1.2314744e-09,-2.8734404e-09,-4.1049147e-10,1.7445888e-09,-2.0524574e-10,-1.539343e-10,8.2098295e-10,-4.8745863e-10,0.07803969,936.851169146508,555.0420973471315,0.0595143225976759,0.3063678,0.40088344,0.504075,0.3408542,0.41541085,0.3705304,0.53241074,0.45338866,0.37347794,0.42787886,0.3643181,0.35053152,0.0930005116992247,-0.0683291658655115,-0.0041887446176218,-0.0367590545732374,0.030700278607036,-0.0009774779351276,0.5324104,0,129.19921875,2.030035077216961,1.4752706,1.5042234055153123,1.0252511881735225,0.6787973802748486,1.5042234055153123,0.99083287,21.29193283946825,14.883016261374667,19.295491683695555,18.206712855065582,17.648557929719278,19.130794063604665,48.9889649285244,0.024250269,5811.239884439228,0.11271936,0.05490867,0.67243344,52.722054,44.844383,0.3900129143349117,0.7876366,0.16720578,1.0,0.588647474360452,52.722054,44.844383,3624,8,26.96997732426304,0.4,0.588647474360452,1.7464346350823429e-15
90.29774,36.054367,21.797775,17.296036,15.763121,15.165292,11.842936,10.7745,10.394794,10.069995,10.318732,9.300112,9.494942,0.014426432,0.0014357447,-0.00091543543,-0.0009280919,-0.0011281028,0.00013745646,-0.0009521463,-0.0009738614,-0.0017405368,-0.0013201783,-0.0017012545,-0.00016587356,0.00059993844,0.08389522,1031.1592094790994,536.1053364513,0.0806640913686242,0.5215822,0.36640018,0.44270906,0.40091658,0.34634185,0.413904,0.43523163,0.5495573,0.39983243,0.28523025,0.28132176,0.42154372,-0.0131802998010566,0.181811601754186,0.0001837206937814,0.1450515005498982,0.0176988918904231,0.0244873954343955,0.5495578,1,123.046875,2.072247237003684,1.7519692,1.2023238836481012,1.2395766055863244,0.8591640851452135,1.2023238836481012,0.8556233,25.02453234992412,15.179182095213804,18.457361874803,17.945850516985477,18.10423930995381,18.83402880281415,47.05194241717451,0.027304046,4960.223354590226,0.12944195,0.07787425,0.6243667,69.01316,43.277416,0.438212927756654,0.7374941,0.22615868,1.0,0.5153162662691692,69.01316,43.277416,3688,8,24.43,0.4714045207910317,0.5153162662691692,-0.4675031847504313
125.21895,52.757072,41.119785,23.832344,20.086618,20.39122,15.209988,14.99969,14.013128,12.3312025,12.941353,10.548418,11.572573,-3.2400018e-09,-1.6200009e-09,-4.0500023e-10,-1.6200009e-09,-2.4300015e-09,-2.5312514e-09,-7.0875045e-10,4.0500023e-10,6.075004e-10,-1.6200009e-09,-1.6200009e-09,0.0,6.075004e-10,0.19981386,1306.9201485990618,849.3869684046881,0.1002155860430717,0.36964482,0.38941884,0.29285088,0.30139557,0.37711582,0.48535603,0.36301553,0.30698982,0.3659691,0.37077114,0.36717057,0.30951342,-0.0876149603855227,0.0106067788295857,-0.1715239907984024,-0.0175404009397242,0.0074163254428517,-0.0126021811578707,0.4853569,1,161.49902344,2.4418624907092803,1.5712103,1.0346699572017937,0.978901257535693,0.7007096541933833,1.0346699572017937,0.5748042,22.311168601340835,19.102879691434,19.60455365374372,17.87206759868896,17.677304952728413,19.45531724167984,44.4655750150447,0.07834462,4736.696572834829,0.18374373,0.13266322,0.58071774,105.29576,105.29344,0.3249097472924188,0.40555632,0.40683386,1.0,0.1738404079886731,105.29576,105.29344,3060,8,27.335691609977324,0.4,0.1738404079886731,1.7464346350823429e-15
119.57109,46.74665,32.427467,30.511724,19.949375,17.70614,16.470228,15.3071575,12.655732,12.5419855,11.394182,9.930327,11.379662,0.00083040725,-0.00017414342,-0.00042195103,0.0004422272,-0.0003223014,-0.00019566811,-4.182563e-05,-0.00016658446,0.00036922522,-0.000119663375,-0.00013947238,0.00031616143,-7.9620586e-05,0.155039,1074.087612103942,588.5847361143591,0.097700352297631,0.45073217,0.46871722,0.527081,0.41513696,0.43700066,0.43608075,0.44671988,0.5150679,0.5131004,0.55657846,0.5016924,0.44923592,0.1240717492004605,0.0919657922915419,0.0536517089479705,-0.1351202301748765,0.0105134081668764,-0.0154126941496725,0.55657804,1,89.10290948,1.40059075727243,1.4014441,0.960804942448766,1.3134608066347258,1.0744764031206908,0.960804942448766,0.7639208,20.95027299122897,15.989274745779207,18.09086943826985,17.575633312278065,18.11520279507972,18.18759008305592,48.0640699382361,0.038817935,5531.10933191636,0.17971185,0.11854061,0.60254735,94.377106,82.91024,0.3585553194966497,0.34486568,0.45397323,1.0,0.1725952091076081,94.377106,82.91024,2194,8,17.760362811791385,0.3142696805273545,0.1725952091076081,-0.740843218055497
117.477905,51.865643,41.876305,26.501461,22.702734,23.589127,16.530588,17.335718,14.524152,13.1464,12.362389,11.472686,10.662844,-0.005632567,-0.0049707014,0.0011452665,0.004584155,0.0032867764,0.0009825765,0.0005683057,0.0007133008,0.00015893577,-0.00061556284,-0.001033922,-0.0008187919,-0.00037787788,0.049452484,1232.5070872272715,829.9597032514513,0.0942600909652377,0.34164718,0.32419991,0.41842118,0.35127446,0.30015573,0.35703352,0.45395464,0.57320404,0.41590074,0.34384108,0.32971498,0.32518688,0.0336278646663893,0.0910567690290288,0.1245521844856636,-0.0018282874824699,0.0077792658776558,-0.0122412697984643,0.5732048,1,151.99908088,2.3844308669125995,1.3423707,0.8020182580041495,0.8784955570331254,0.6455052995938586,0.8020182580041495,0.7041395,19.243391232527006,18.144337040095337,18.97492783823477,17.946849150846823,18.240733977730788,19.45623447242269,47.05556201168631,0.04913154,5285.653271669097,0.05419413,0.03904646,0.5812227,33.805058,25.09261,0.4320847521755581,0.7498957,0.2211794,1.0,0.5359418874801423,33.805058,25.09261,3426,8,23.013877551020407,0.4,0.5359418874801423,-0.0584789379757304
118.89539,48.449707,41.349144,29.332628,22.951502,22.12251,17.553745,15.697078,18.028294,14.114671,14.384164,11.346076,12.479655,6.8340786e-09,-5.125559e-09,-8.5425983e-10,-1.9220847e-09,6.406949e-10,-1.2813898e-09,-1.7085197e-09,1.2813898e-09,-8.5425983e-10,4.2712991e-10,1.8686934e-09,1.2279985e-09,-1.4949547e-09,0.11997373,1233.9801319338535,828.974240207952,0.1012068924236179,0.32376328,0.37602893,0.51736826,0.4897661,0.384824,0.3062407,0.3390165,0.43005684,0.3784755,0.45717314,0.4392914,0.35099214,0.0605129087727223,0.0846643668323708,0.0723710681199473,-0.0943919440901439,0.0159978705816967,0.0153135620261646,0.5173683,0,92.28515625,1.461267759658455,1.3534626,1.1300909324356152,1.3646142554603702,0.9987108483563308,1.1300909324356152,0.7740249,23.406875759000343,18.388788851450443,20.174946925157663,18.383253330758087,17.744184543113604,19.52801417398713,45.73120449585426,0.048741948,5162.70660513153,0.08992075,0.05870985,0.6049908,50.26859,64.09456,0.2718924972004479,0.709736,0.22953834,1.0,0.4369717718272064,50.26859,64.09456,2428,8,25.919274376417235,0.4,0.4369717718272064,1.7464346350823429e-15
97.83698,34.574085,40.602272,14.504566,19.918592,15.691783,10.550174,12.025818,14.113877,9.186251,14.575923,10.405852,8.9308,1.125545e-09,2.25109e-09,-2.0259812e-09,1.125545e-09,-1.5757631e-09,1.6883175e-10,-5.346339e-10,7.17535e-10,-3.6580214e-10,1.6883175e-10,2.8138627e-11,-4.220794e-11,5.487032e-10,0.03522232,250.81003902983235,149.2055032692172,0.0335490025334804,0.2818394,0.22542848,0.22755581,0.22471999,0.22341308,0.24419707,0.28688392,0.35857263,0.43135872,0.4755781,0.45357424,0.39329422,0.0057694369806374,-0.0014885804468599,0.0230630931464411,-0.0089180494061697,-0.0008455983462876,-0.0092610433505703,0.47557995,1,151.99908088,2.4956795771068414,0.87955064,1.251725744423548,0.9636829677686476,0.6516098097472082,1.251725744423548,3.4459891,16.235161000343396,16.989398180546544,20.85052623719285,18.65083407552463,17.886894801635506,55.60873287880076,29.58755675050629,0.00019304865,2668.2657843987886,0.041463777,0.013190677,0.75863934,20.523207,14.862333,0.4417822366479788,0.91975975,0.0812718,1.0,0.9037644573234892,20.523207,14.862333,7486,8,49.185,0.3142696805273545,0.9037644573234892,-0.5029485747258595
76.32225,32.44901,23.969326,20.502537,18.847918,17.830212,18.460573,18.718733,16.163155,16.49654,17.444912,14.157408,13.79632,-0.00023483323,-0.00028627508,-0.00019674108,-0.00012843046,-8.6410495e-05,-6.7902234e-05,-8.5707165e-05,-0.00011646277,-0.00012620579,-0.00013072173,-0.00014624502,-0.00014153111,-0.000106551895,0.08105749,571.1438302757399,395.93329777673904,0.0375816191180156,0.28397828,0.35305503,0.33550137,0.38053903,0.32210657,0.4454557,0.43007722,0.31093216,0.37001982,0.4056578,0.6137889,0.38959083,-0.0951557956550883,0.0207775033804891,-0.0127391865514689,-0.0376761952394973,0.0083274595785858,-0.0293620593377767,0.61378807,0,129.19921875,2.107584169054441,1.8491622,1.355312631133324,1.0804777150161953,0.7432944040051145,1.355312631133324,0.9325419,16.57024594343151,13.763011896325873,17.876243824440095,18.03799272368404,20.969014940566304,26.44455642406993,63.953149876208194,0.0017157174,3425.6194318882744,0.16441514,0.11225649,0.5942588,106.39045,46.98189,0.4810333848812881,0.8126592,0.14583693,1.0,0.6699673518315463,106.39045,46.98189,5288,8,31.908571428571427,0.0,0.6699673518315463,1.7464346350823429e-15
147.22214,56.71292,27.385935,20.659794,16.631546,14.353955,11.829085,13.267331,12.725466,9.393292,11.029911,9.387553,9.373841,-0.010083977,-0.010071779,-0.0020279752,0.0024825577,0.002193677,0.0010251612,0.0011618155,0.0014439455,0.0009778191,0.00038802312,2.9240893e-05,-0.00035939415,-0.0006143944,0.10093091,1384.505915229115,1147.56367887312,0.0775204449148909,0.46118096,0.378079,0.23410831,0.23183078,0.23887788,0.45419824,0.25664523,0.26342314,0.25479183,0.21751074,0.32280064,0.2543911,-0.1778101515746628,0.1390994706377518,-0.1440798134486004,0.0440593519175048,-0.0077250454180662,-0.0114194622382968,0.4611807,0,135.99917763,1.8630731771676683,1.4609814,1.250367464171742,1.0850468912554252,0.7422083652794454,1.250367464171742,0.800412,17.313726818650657,15.525108533657164,18.73288993800656,19.976516505638475,18.37743552266881,18.190840489574832,43.43736621472952,0.11136182,4215.256743451914,0.105302416,0.065541096,0.61636406,60.735146,56.409477,0.416678040125563,0.69911635,0.27847728,1.0,0.4611768314629774,60.735146,56.409477,3053,8,21.268622448979592,0.4,0.4611768314629774,-0.0163836695689572
148.14766,53.359043,25.414116,19.987762,16.916115,15.002449,11.503921,13.4401,12.87505,9.517807,11.448334,9.761798,9.525984,-0.010340861,-0.01033479,-0.0021291631,0.0024386107,0.0021453472,0.0009828429,0.0011428748,0.0015236802,0.0012111,0.0006100432,6.691467e-06,-0.00055607694,-0.00069899135,0.10050173,1394.052853201675,1130.9180012972874,0.0779252416827522,0.45838228,0.3853999,0.2349543,0.23043568,0.23285905,0.45375413,0.26285344,0.2605784,0.255567,0.21278362,0.32125327,0.25155735,-0.1847843130445793,0.1438329186337885,-0.1474166850420061,0.0476397937893524,-0.0071588449564251,-0.0108694670630367,0.45838234,0,135.99917763,1.8630731771676683,1.4439948,1.2549402027175047,1.097848554647581,0.7408240690162387,1.2549402027175047,0.79029363,19.511066657622926,16.094046542654553,19.395461924077125,20.27527374315001,18.340762133008223,18.46228701220386,43.890013983597065,0.112807676,4425.810801410259,0.105998136,0.06471247,0.62091935,60.132248,56.506504,0.4158591510850279,0.69265616,0.2846544,1.0,0.4535521913912778,60.132248,56.506504,3047,8,21.268622448979592,0.4,0.4535521913912778,-0.016806680470055
84.508064,34.081165,28.320442,22.21959,18.372787,16.961042,16.409506,16.224096,17.25717,17.081379,13.493319,13.491356,12.093598,-0.0014610456,-0.0017042148,-0.0009212231,-0.00028145468,-3.3223605e-05,-6.7282003e-06,2.151429e-05,6.9128786e-05,5.242801e-05,-2.9719698e-05,-0.000103052975,-0.00012697393,-0.00011937839,0.07790569,707.3211066888217,533.6669552534743,0.0553270204270198,0.41690242,0.34704858,0.4114367,0.46642658,0.33577845,0.39979464,0.36348844,0.4657924,0.49947026,0.37926713,0.47588122,0.38674137,-0.1448569541736238,0.0405814662073768,0.0381746663260994,0.0259261399236112,-0.0020966846268741,0.0015800743665858,0.49947098,0,135.99917763,2.1916411824668707,1.9032083,1.365730055872712,1.3076642723362426,1.0266759620076218,1.365730055872712,1.0722835,19.068867554634185,15.120724466271628,18.35008573507101,17.427188967312773,18.98666379906117,27.234572463719523,54.93519311313179,0.014304936,5052.456069133691,0.13154696,0.08880956,0.59697056,82.89826,49.928894,0.3930367886379327,0.67136073,0.22249703,1.0,0.3229114098868309,82.89826,49.928894,3985,8,29.43,0.0,0.3229114098868309,-0.0224165363264691
149.7466,39.92363,22.49415,20.682686,15.628297,17.067638,11.648778,12.718983,10.866645,12.039973,10.594994,10.390887,10.000176,8.534953e-09,0.0,-4.2674766e-10,-3.2006073e-09,2.1337383e-09,-3.2006073e-10,1.4936168e-09,-6.4012146e-10,-2.1337383e-10,-3.2006073e-10,-8.5349533e-10,-1.3869299e-09,9.601823e-10,0.14935288,889.84386352786,656.4354805752212,0.0473788346606707,0.30077603,0.39257398,0.27202645,0.36485016,0.43128136,0.29491392,0.33000442,0.32591525,0.5238651,0.42697054,0.3126482,0.35165602,0.0496113331351835,-0.149824910547382,-0.0942702499914102,0.1383497988593566,0.0272668336780113,0.0032621779141743,0.52386385,0,151.99908088,2.2741286942354915,1.2316263,1.487124826166185,0.63097983321409,0.4484004052687399,1.487124826166185,0.9221196,20.814399583807308,15.71732036658777,19.80575760955161,19.923063660961883,19.60510122575373,18.46093704799049,48.17956945873628,0.018917074,4082.778660618148,0.19130959,0.08770993,0.68564695,86.7607,69.63704,0.4432759006489147,0.60986334,0.32672086,1.0,0.3710002566649765,86.7607,69.63704,3962,8,25.944002267573698,0.3142696805273545,0.3710002566649765,1.7464346350823429e-15
77.17382,30.981993,22.998262,17.972015,17.337902,13.296382,13.534296,12.928408,12.007489,12.161641,12.093589,9.919289,9.915384,0.0025652768,0.0023731845,0.00012642313,-0.0014703302,-0.0023298073,-0.00171936,3.425719e-05,0.00049284816,-0.0004699611,-0.0009027104,-0.00059949496,0.00024743582,0.0015434398,0.13000716,844.7515933332309,462.5262839901784,0.0788505443865927,0.40039617,0.2913663,0.4345285,0.35366356,0.49258435,0.39098462,0.3358505,0.45102865,0.33491784,0.4260166,0.30218914,0.39647022,0.189323569377883,0.0363943657649042,0.0136430657204549,0.057947773962716,0.0074975366164266,0.0010610037869555,0.49258453,0,99.38401442,1.609007374674864,1.5403492,1.446364978713346,1.1820266574711484,0.8977113196928405,1.446364978713346,0.9434745,22.40365885165467,16.14448899492257,19.167412983461062,19.166550913798584,18.51886553877448,18.37256959875869,47.3486697763265,0.02046751,5003.781576367442,0.15754214,0.10642949,0.59681237,90.443405,65.051155,0.3539843934736344,0.6831855,0.2599888,1.0,0.4211950158788354,90.443405,65.051155,2994,8,24.549297052154195,0.3142696805273545,0.4211950158788354,-1.061097526468194
81.24781,30.527002,24.04569,17.719166,14.926473,15.770346,12.624868,10.775053,9.828915,10.154833,9.904717,9.092119,8.588602,0.011411006,0.006765206,-0.0033682638,-0.0013798693,0.00013425546,-0.0011013213,-0.0009642728,-0.0015612468,-0.0014679529,-0.00012441822,-0.0003114613,-0.0010881943,-0.00045799828,0.09188537,862.2963140176496,415.3067669779258,0.0745410213757185,0.43006572,0.41653746,0.5381575,0.36099046,0.38438314,0.34173223,0.40652302,0.5162729,0.409929,0.476335,0.43410614,0.49573195,0.1088466408256239,0.093370601940771,0.0595532395905039,-4.905647426202181e-06,0.0231580769974157,0.0172760325957418,0.53815746,0,161.49902344,2.5154067638218875,1.5989635,1.2475311240529463,0.797306602468852,0.5362482880637701,1.2475311240529463,0.8713359,17.963052331109743,14.482924595327669,17.13813627728222,17.035702497040894,17.788846765797892,18.91948211383127,46.67754531377562,0.041765485,5711.462852214945,0.14340599,0.10589093,0.5752394,94.50966,46.747498,0.4416424183640478,0.5272723,0.34836027,1.0,0.2518179157996433,94.50966,46.747498,4098,8,26.93401360544218,0.4453617714151233,0.2518179157996433,-0.8347680566023458
90.118256,33.52228,25.144882,16.282393,13.594341,12.301387,10.31233,11.121122,10.456367,9.200707,8.999085,9.115026,8.01213,0.0036400312,0.0040923883,0.0018921964,0.0003008814,-1.6604687e-05,0.000268787,0.00040352118,0.00033344587,0.00027758954,0.00021211516,5.908834e-05,-3.2710697e-05,5.7699403e-05,0.1349348,1103.4372238506742,603.3076470618494,0.0949640944813736,0.40304908,0.40595415,0.3379412,0.4055946,0.38549086,0.51341015,0.38405013,0.34917557,0.39720356,0.3819178,0.4716168,0.33267823,-0.0725371949719202,0.0176282277657504,-0.0417699062902265,-0.0342062825135165,0.0140355602955078,0.004374914061566,0.5134091,1,103.359375,1.4861119301763284,1.4501915,1.2034237636895773,0.901926355050557,0.6694425020366431,1.2034237636895773,0.9123551,21.12253254760881,14.823933728728612,17.57569748380788,17.22394103408404,16.866708622763685,16.471011239841886,45.515312245534425,0.05770644,6675.835831901282,0.1315748,0.109446116,0.54590386,99.395546,72.20842,0.3776317140803122,0.5326493,0.32476708,1.0,0.2201859809363086,99.395546,72.20842,3677,8,28.261666666666667,0.4,0.2201859809363086,-0.0174174185551919
85.14193,35.029594,30.209719,17.930004,15.36591,16.201946,11.633717,11.088018,11.942802,11.033912,10.379086,8.680442,8.783798,0.0042405524,0.0014250763,-0.00098406,0.00045500824,-0.00046122138,-0.0004977745,-0.0005123361,-0.00043537328,-0.00046574074,-0.00047035638,-4.4430915e-05,0.00022858879,3.406499e-05,0.13361342,1145.1554622729082,595.63416041317,0.0806956955092069,0.37227422,0.39785376,0.35976845,0.46613577,0.47060007,0.4069352,0.47362912,0.46032384,0.5615212,0.4702179,0.41851756,0.41254076,0.0057981920013013,-0.0596797263711965,-0.0289993802805684,0.0688741661691958,-0.0022398661950708,0.0095884048208061,0.56152,0,89.10290948,1.4965524446301717,1.6153314,1.7351961195517844,1.593200649174639,1.3100873123539765,1.7351961195517844,1.0167519,22.43445259906977,14.1126360011991,17.84708219071389,17.55786958125737,17.905947162788088,17.39870315330201,46.20471378185021,0.03275356,6015.091581716774,0.17299674,0.13880913,0.5548202,123.82836,78.09224,0.4148471615720524,0.57716835,0.28470337,1.0,0.2401429690100998,123.82836,78.09224,4560,8,31.906666666666663,0.3142696805273545,0.2401429690100998,-0.4124027078038189
96.59433,40.639126,28.513435,18.824707,14.05154,10.64741,10.866877,10.517762,12.481639,8.731889,9.218973,7.7681894,8.144855,0.003363778,0.0024817963,-0.0005332741,-0.00085787626,-0.00023259604,0.00022132671,0.00064335926,0.0006958655,0.00027273956,0.0001570601,0.0003708335,-0.00013541432,-0.000594802,0.11035971,1071.171600565881,659.089310585675,0.038393912522912,0.47794926,0.32006112,0.3329682,0.3344957,0.39200038,0.3182035,0.27401644,0.3168758,0.41868928,0.53430545,0.42690572,0.5279153,0.2117051959004105,-0.0259060487364894,-0.1396145315225473,0.0880463816798087,-0.0091991580423234,0.0313116172765114,0.5343048,1,99.38401442,1.6360823620042872,2.0174866,1.5899374534713566,1.0667938544117823,0.8140221226346382,1.5899374534713566,0.7503182,20.245515519565945,16.81214505653824,20.65593934131589,17.630633271953222,17.721451529383252,16.202502968573228,45.430765421046594,0.02486486,4819.914444380359,0.25261265,0.119565584,0.67873925,104.83831,69.88256,0.4227700369179469,0.65784806,0.30071393,1.0,0.4202640474906391,104.83831,69.88256,3550,8,24.372244897959185,0.4,0.4202640474906391,-0.144008329835461
95.25718,35.36965,22.20075,17.23441,14.735948,14.058741,13.058656,12.663233,12.147408,11.84875,9.622755,9.559177,9.699093,0.011943639,0.0077506807,-0.0006306134,0.0018892366,0.0014428713,0.00019048231,0.0007696272,-0.00033423427,2.790221e-06,0.00023573943,-0.0008530966,-0.00027784455,0.00041121084,0.11145925,906.8057702241008,651.2196031252231,0.0476714916468273,0.38997433,0.31834668,0.23503454,0.31026745,0.22306107,0.261503,0.1763493,0.30125907,0.33908162,0.32134378,0.41419873,0.29443344,-0.1890399142877217,0.0723201583662208,-0.009447183126159,0.0103043765852845,0.0169701176192696,-0.0210263914057245,0.4141992,0,103.359375,1.6328495260663507,1.9138525,1.3798580448372348,0.8716048989716665,0.589005981578699,1.3798580448372348,0.7413817,22.950948628873807,17.061885703889182,22.3782068790626,21.07432667469314,21.586606177601464,21.580322999613475,45.466324664561846,0.04326556,4943.709295204608,0.17980582,0.103616334,0.63440764,98.16407,63.972466,0.4365831640713157,0.64553726,0.32312647,1.0,0.4263876808722045,98.16407,63.972466,3869,8,25.721904761904764,0.4,0.4263876808722045,-0.0750014598810614
101.09239,37.56808,38.843994,25.879202,18.918772,18.501545,16.092049,15.517645,13.775874,13.84028,11.197274,12.074593,10.02783,1.0101814e-08,-2.5254534e-09,-7.1554513e-09,4.209089e-10,2.1045445e-10,-4.209089e-10,-2.420226e-09,-2.841135e-09,3.1568168e-10,-1.6836356e-09,1.3679539e-09,-5.2613613e-10,-9.47045e-10,0.16821481,1125.58391044603,787.4398944016841,0.0799123531249184,0.48346612,0.36744937,0.4686875,0.49813285,0.40253645,0.45310074,0.3942706,0.5003013,0.45155504,0.43235165,0.47753152,0.39641684,-0.0270321815780499,0.1563432813292891,-0.0429964721511446,0.0457486382867584,-0.0310255768422205,-0.0077121088795309,0.5003012,1,92.28515625,1.373437076690871,1.6954036,1.4965814093999208,1.1298972821825508,0.7861574264919178,1.4965814093999208,0.9966025,18.717181007798807,15.07303456960972,18.000204164747743,17.812135438488777,19.32891468189403,21.9991406632464,47.90845739621532,0.03203998,5443.658138150136,0.21864052,0.09226815,0.7032284,86.76519,74.07981,0.3487088942838225,0.64063567,0.27272,1.0,0.3177017074770865,86.76519,74.07981,3160,8,26.30262471655329,0.0,0.3177017074770865,1.7464346350823429e-15
132.32266,46.38323,25.505812,23.733242,18.318302,17.103014,13.568875,12.42175,12.637182,12.964371,11.437352,10.087954,9.077347,-4.47013e-09,1.1175325e-09,-1.6762988e-09,8.381494e-10,8.381494e-10,-4.190747e-10,-1.3969156e-10,5.5876626e-10,6.2861205e-10,1.3969156e-10,-6.9845785e-10,2.7938313e-10,-7.683036e-10,0.13661087,1218.446334799955,973.5329891854252,0.0696390810875066,0.478558,0.4549592,0.25821114,0.26884213,0.25282544,0.33276892,0.30082148,0.362657,0.47522676,0.30616003,0.326333,0.32331428,-0.1550083480368267,-0.0135764365736227,-0.0658648129039951,0.0652328505013591,0.0060874794699995,-0.0073032976685068,0.4785577,0,172.265625,2.1703550761793147,1.3635087,1.3843280422552662,0.5784041045085893,0.4289778125236781,1.3843280422552662,0.888333,20.63905492654713,16.394909143990446,20.54684115082942,20.613881581595663,19.843588614890944,19.586434004471545,46.06090330186471,0.026293417,4778.658404531181,0.16060355,0.081853166,0.66239816,81.271675,63.68816,0.4085848227365953,0.6159652,0.2891159,1.0,0.3213195548765962,81.271675,63.68816,2789,8,19.81242630385488,0.4,0.3213195548765962,-1.1650904681763226
128.62054,42.223724,22.4298,19.104736,15.348924,14.847639,13.797949,12.102401,13.313424,11.553748,10.205987,9.829974,8.861377,-3.1955578e-09,-1.5977789e-09,3.1955578e-09,7.9888945e-10,-1.0485425e-09,0.0,-2.9958355e-10,1.4979178e-09,2.196946e-09,1.7475708e-09,1.3481259e-09,-7.489589e-10,-2.9958355e-10,0.13092631,999.7031311894248,817.5755963623302,0.0619953988956944,0.3538703,0.39753973,0.3225575,0.37782407,0.3104393,0.39447626,0.39551175,0.32532236,0.37137806,0.33265737,0.48533735,0.39141092,-0.116494862444484,-0.0430008284981588,0.0258824496549739,-0.0992218630389845,0.004639757034821,0.0110030406252579,0.48533744,0,99.38401442,1.474784254241282,1.5649068,1.4868638254287323,0.8933032207420286,0.6340795757845495,1.4868638254287323,0.76058185,23.543714943784245,15.51702703646589,18.43924055611676,17.70785398086799,17.690823476630793,17.62216074419483,44.75812743853799,0.096404195,4324.669891197644,0.14569393,0.07861512,0.6495203,75.66908,76.13257,0.3205571264006702,0.6883327,0.29622686,1.0,0.4747618321866177,75.66908,76.13257,3061,8,27.715918367346937,0.4,0.4747618321866177,1.7464346350823429e-15
97.42138,41.95692,32.069458,25.447697,21.101255,16.336397,15.013081,11.285541,9.827291,11.1550665,12.8422985,9.51157,9.397344,0.0,-6.4826194e-10,3.2413097e-10,-5.348161e-09,-1.9447857e-09,0.0,1.2965239e-09,-1.6206549e-10,1.5396221e-09,-1.6611712e-09,-5.6722915e-10,-7.292947e-10,-4.4568008e-10,0.17713258,1169.1442875165103,661.0101876037296,0.0751956771381729,0.43676224,0.32496333,0.37997684,0.43173218,0.34020904,0.34496918,0.3494404,0.45500934,0.3875761,0.43065104,0.52966726,0.4337475,-0.0779271996753225,0.1525545524116852,0.1256367852513307,0.0107142543106724,0.0307312567753094,0.0545442547364913,0.52966726,0,92.28515625,1.5113442303000733,1.7750957,1.1950870455581477,1.1728270275029278,0.8813955367403898,1.1950870455581477,0.74534535,25.43641982614988,17.021484765343367,20.33065735094705,18.542074117417933,17.591592408803802,18.025732645443075,44.89156146376015,0.025805956,5657.279641148754,0.17914379,0.12038535,0.59808266,91.42945,91.91138,0.3297076818490823,0.6575986,0.33220416,1.0,0.440136367389638,91.42945,91.91138,3880,8,34.15833333333333,0.3142696805273545,0.440136367389638,-0.980228612919198
99.89447,38.25846,22.930954,14.7824545,12.854776,11.788998,11.656858,10.590902,11.225019,9.531321,9.432197,9.248943,9.800197,3.6170024e-06,5.126671e-06,5.1220018e-06,5.1222664e-06,5.1181255e-06,5.116099e-06,5.110549e-06,5.103567e-06,5.1002417e-06,5.093722e-06,5.0853746e-06,5.079538e-06,5.069583e-06,0.049037486,903.4787750235678,638.0685552062888,0.0720099711986988,0.28642088,0.27051792,0.47298843,0.2580805,0.27158728,0.385377,0.28229043,0.40012985,0.26984525,0.37623602,0.26322874,0.22653368,0.1764847398611178,0.208670819407274,-0.0190802911728704,-0.1051386441136598,-0.0311214055899773,-0.0204704552039682,0.47298935,0,123.046875,1.9018608820676275,1.2370286,0.9419828636827594,1.001453971539182,0.6677338083012325,0.9419828636827594,0.8517946,20.3716877589245,15.71867501836656,20.30246103908221,19.638059091399327,19.730625998826632,21.2394837091863,49.0007784099894,0.011379308,4308.5980080831405,0.07862736,0.028884627,0.73132896,33.031178,23.0659,0.4191611234294161,0.8846839,0.11776878,1.0,0.8576931297302776,33.031178,23.0659,4537,8,31.41659863945578,0.4453617714151233,0.8576931297302776,-0.9520212441048568
84.74249,33.52392,31.127907,24.662092,13.457021,14.79667,11.397323,11.122154,8.777001,9.9614525,8.775353,8.449737,7.4188643,-2.8465235e-09,7.1163087e-10,-7.1163087e-10,-1.4232617e-09,-5.114847e-10,3.5581543e-10,-7.561078e-10,2.668616e-10,5.337232e-10,8.005847e-10,1.334308e-10,-8.005847e-10,-6.0043853e-10,0.09989,794.102381990975,498.2357836697199,0.0547932108589298,0.46792692,0.33222446,0.38432357,0.37580934,0.57505274,0.40004176,0.3506653,0.46687654,0.35068455,0.34707963,0.3335751,0.46456593,0.1510463703619753,0.0771190521491244,0.0271261936774988,0.1265850115903883,0.0337286446805077,0.0101743260639222,0.5750523,0,117.45383523,1.747564059584888,1.3017642,0.8816666085893333,0.8943747524569653,0.7417529901214962,0.8816666085893333,0.95053697,21.007931577883,15.214120929082046,19.05872241900489,18.089814309589283,18.399197280540427,18.28573878655573,50.10836530244285,0.02205515,4658.302074710265,0.16558242,0.066366695,0.7138708,71.65969,58.868565,0.3375932835820895,0.7212197,0.23870395,1.0,0.4899329815498874,71.65969,58.868565,3619,8,31.114739229024945,0.4,0.4899329815498874,1.7464346350823429e-15
119.57307,39.450405,25.256567,21.757994,13.235604,13.766793,11.180769,11.612298,10.341028,11.363041,8.693609,8.167495,7.1643405,0.0,-2.3804663e-09,-2.3804663e-09,1.6365705e-09,-4.4633744e-10,-9.670644e-10,7.438957e-11,-1.1158435e-09,5.9511657e-10,-9.484671e-10,2.9755828e-10,-3.7194786e-10,-3.1615568e-10,0.13444941,884.1581234226754,761.2377848029006,0.0475328706923409,0.4395146,0.32621336,0.4371949,0.51866335,0.35056758,0.3974175,0.3193731,0.4469696,0.34989905,0.34212518,0.49955773,0.36594492,-0.0325609819886178,0.1472784219358867,0.0935558628655026,-0.0455742365417297,0.0088365151939056,0.0026035545449445,0.5186623,1,92.28515625,1.4110219693423822,1.52767,1.2728338077823924,1.1010829543126497,0.7385468424760454,1.2728338077823924,0.88244265,19.88353777882779,15.063852242233866,18.623848681739386,17.483957626454522,18.279276411961504,18.026861810182087,45.67269966857829,0.035211485,4348.418734307966,0.16618727,0.09728301,0.63076043,95.1633,74.78275,0.4043997191668617,0.6761325,0.25607055,1.0,0.3956395160642619,95.1633,74.78275,5184,8,37.207074829931976,0.4453617714151233,0.3956395160642619,1.7464346350823429e-15
97.44587,34.37456,27.721996,16.358131,11.527781,15.1775,11.897402,10.086833,10.982219,9.443525,9.469014,9.94643,8.198743,0.0016781583,-0.0019479882,-0.00052726915,-0.00021738363,-0.00069370546,-0.00026503057,-0.00038736465,-0.0004561535,-0.00031842664,-4.3931075e-05,-0.00029838196,-8.887298e-05,5.6137083e-05,0.120281965,884.4041330594252,713.8916875062508,0.0379920815722843,0.4960697,0.39661103,0.4070655,0.3411468,0.4348784,0.3520479,0.36893183,0.50901395,0.58237475,0.628311,0.47764748,0.49822232,0.0865736031915235,-0.0134555571368099,-0.0840802256205152,0.1088784670405535,-0.0193626119707141,0.0098884101556808,0.6283112,1,92.28515625,1.4268879821170672,1.623047,1.2678139941370397,1.295332495005813,1.0701376791925516,1.2678139941370397,0.80327106,22.0523103647846,15.170535971655058,18.1562283104304,17.732623665479853,18.47976456030785,18.96875582119004,46.25168631954482,0.016268577,3897.1393550207854,0.24905817,0.095972836,0.72184074,99.049866,78.24738,0.3545153342961515,0.74322945,0.23208715,1.0,0.5390589884899972,99.049866,78.24738,4173,8,34.16526077097506,0.4,0.5390589884899972,-0.2453907990666088
72.604485,35.230843,22.491335,18.310839,14.2171135,12.264604,11.636174,10.566183,10.057378,9.818483,9.680963,9.283957,8.644646,-1.4811483e-08,0.0,-7.405741e-10,1.8514353e-10,-1.8514353e-09,-1.3885765e-09,-2.777153e-10,1.4811482e-09,-5.554306e-10,-9.2571767e-10,-2.777153e-10,9.2571767e-10,-1.2497188e-09,0.08335117,1006.214618327493,546.8241237652248,0.0685865585867459,0.3587603,0.4055166,0.3436899,0.4425996,0.39298397,0.3359302,0.470891,0.38926134,0.40310308,0.3137126,0.37443587,0.48426855,-0.0657553628076235,-0.1905051173946883,0.0501857813867806,0.0178784568785209,-0.0036335152500987,-0.0134310744847075,0.4842684,1,117.45383523,1.8854257671726544,1.5928091,1.2533077209243,1.6454541060591494,1.5122610004008348,1.2533077209243,0.81417793,23.75291174166689,16.96923707505487,20.210669161582047,19.06054087400693,19.42343341682272,19.162446223891152,47.55731059951757,0.022401648,5248.821726439648,0.13315612,0.07499786,0.639697,74.53671,56.741127,0.353363751092127,0.764989,0.21343204,1.0,0.5856179112035702,74.53671,56.741127,3640,8,29.900408163265308,0.4,0.5856179112035702,-0.015184364577585
85.57005,34.80604,27.017735,18.971783,15.309361,14.269011,14.182462,12.477025,11.7667055,11.310212,11.780813,9.808037,9.042245,0.0025129921,-0.0052187927,0.0003216243,0.0017352559,-0.00050651,0.0017615554,-0.0010644244,0.0009735879,0.0006467333,-0.0005323017,-0.00070062,-0.00071055786,8.912855e-05,0.11169254,943.2354064293633,576.4343894792003,0.0663483524738085,0.5667659,0.32378477,0.25051284,0.39071164,0.24534005,0.33456373,0.21138363,0.37862492,0.46080938,0.3092766,0.41144994,0.31326175,-0.190891717377372,0.1619321793966541,-0.0168281710752354,0.1011935779787829,-3.560691972970849e-06,0.0081082661615048,0.5667661,0,143.5546875,2.2857502676153896,1.4016556,1.6595155197330222,0.941217754676298,0.6282884929657738,1.6595155197330222,1.0121433,23.01626053960016,16.1288862578147,19.787910254181508,20.042824845701404,19.022704878296803,19.517802537739662,46.890572842556296,0.035319425,5576.29329480623,0.13850589,0.07985474,0.63429594,77.904366,59.14445,0.3960960631648207,0.6453333,0.26629955,1.0,0.3428389264004309,77.904366,59.14445,3612,8,26.468333333333334,0.4,0.3428389264004309,-1.0901878563622975
92.42906,36.904404,36.504356,26.797472,23.311832,18.830746,18.67608,15.958052,14.2111,16.161661,12.887902,10.728704,9.725927,-6.6552346e-09,1.6638086e-09,4.1595216e-09,1.4558326e-09,1.6638086e-09,-2.9116651e-09,1.4558326e-09,-1.8717847e-09,-1.4558326e-09,-2.0797608e-10,-1.3518445e-09,1.4558326e-09,3.1196412e-10,0.1792808,888.82976446289,600.0476349922945,0.0556244305247827,0.45249376,0.32591432,0.338028,0.480753,0.37128538,0.46117815,0.34984222,0.49407727,0.47778872,0.37399074,0.493751,0.34720436,-0.1511376186695556,0.1170796028094531,-0.0816647828630327,0.0381556908082015,-7.142059265192755e-05,-0.0305146929548142,0.49407664,1,69.83741554,1.0659946152401227,1.497776,1.280151397927956,1.0190380855378092,0.967894437074012,1.280151397927956,0.8875434,20.31524765493052,16.232872555362864,19.87957737300261,19.417991067353327,19.00571569304532,17.74713297647837,46.29451560013921,0.020365693,4547.836684057594,0.19142914,0.0939299,0.6708337,90.32695,91.44218,0.3282442748091603,0.65814155,0.2814786,1.0,0.3915225919727886,90.32695,91.44218,3010,8,26.61833333333333,0.4,0.3915225919727886,1.7464346350823429e-15
61.514797,36.092365,28.73976,26.148777,21.359186,19.042648,14.963988,12.883153,14.5798025,12.602431,11.46984,10.120311,9.9934,0.014605853,0.006708202,-0.0010134092,-0.004325045,-0.004670658,-0.004311306,-0.00047409206,-0.00035320176,0.0007691754,0.0009938198,0.00056304364,0.001559017,0.0013371906,0.057288878,992.4390891769048,481.0724896902879,0.0717138082846543,0.31121615,0.43273765,0.3258373,0.29797828,0.41571844,0.27678457,0.3652586,0.28535646,0.3541656,0.38933533,0.2804411,0.36277282,0.1187232673428345,-0.163356949386829,-0.054019302001659,-0.017148145329971,0.0018416334911394,0.0072952650519338,0.43273783,1,143.5546875,2.3260993532892567,1.8485043,1.6165292642877922,0.8960680377676743,0.5983968389389418,1.6165292642877922,0.96721834,19.56527890130363,16.492281645436954,19.85671324936183,19.59457405317882,18.89728948807902,19.40246788081274,48.46015635622636,0.024480151,5628.116887979233,0.09966164,0.055754565,0.6412523,52.46856,32.273033,0.4268107121119903,0.77645427,0.17231014,1.0,0.5640003574641791,52.46856,32.273033,2805,8,19.077001133786847,0.3142696805273545,0.5640003574641791,-0.2167371284359382
94.670876,39.451355,28.13373,18.525057,15.795112,15.702388,13.340325,13.993999,12.872043,11.989931,10.833576,10.477578,10.245132,3.1693403e-09,3.9616754e-09,2.575089e-09,-2.7731728e-09,-1.9808377e-10,-3.9616754e-10,7.923351e-10,7.923351e-10,-1.9808377e-10,-8.9137697e-10,-7.923351e-10,6.4377226e-10,1.0399398e-09,0.13584176,1122.7671434637443,668.4409683865061,0.0675243871190615,0.2971104,0.26646182,0.24149364,0.38692033,0.31090817,0.3443327,0.3185403,0.3786802,0.46130896,0.33237886,0.3560477,0.3356871,-0.1292441765120315,-0.020335473895408,-0.0192425730972623,0.0544810001796639,0.0033498461546893,-0.012935874620156,0.46130985,0,129.19921875,2.0889085707052346,1.6956261,1.406896941735598,1.2514508582693185,0.8881424400771314,1.406896941735598,0.8383441,20.013707376949217,17.05092658663709,20.8067373424913,19.83882060156653,19.392843492759383,20.53384394945266,46.08205396241455,0.018985823,5761.541814603022,0.1392719,0.08186202,0.6298051,74.990265,77.50226,0.3108641462401329,0.7628949,0.23423861,1.0,0.5874714068706731,74.990265,77.50226,2993,8,27.94521541950113,0.4,0.5874714068706731,-0.8995421212300806
105.54358,37.03891,24.62821,18.717375,15.543774,16.763449,13.136529,10.948131,13.3380575,12.834492,11.031519,9.778315,8.461136,-8.175081e-09,-3.0656555e-09,-2.0437703e-09,1.1496208e-09,-2.5547129e-09,2.4269773e-09,1.2773564e-09,1.5328278e-09,-1.0218851e-09,-3.8320694e-10,-2.4269773e-09,2.5547128e-10,2.0437703e-09,0.05630879,1011.9045249527752,731.2697986544966,0.0680017543968344,0.24452062,0.37050742,0.46157154,0.27645892,0.3824295,0.28081083,0.4534815,0.3698446,0.28436428,0.40896636,0.27268085,0.37485218,0.2289533275059664,-0.1358931779811314,0.0667565630848905,-0.0733142057188923,0.0051164614082164,-0.0142263702872904,0.46157125,0,135.99917763,2.2210556362107483,1.4469746,1.5365550839021276,1.325354247663241,1.0658361380517567,1.5365550839021276,0.97618556,21.80151161162805,15.753758940785865,19.895665525628853,19.653175013582107,19.297507392196763,19.28192319362189,46.98689230495232,0.024044145,5096.822077794334,0.09573132,0.040632933,0.70202136,42.72438,28.697857,0.4227729403884795,0.84316725,0.14146978,1.0,0.7668619574376965,42.72438,28.697857,3156,8,21.667624716553288,0.4,0.7668619574376965,-0.983509033276614
99.94895,41.985386,27.064314,23.726282,20.744375,17.522161,17.96564,17.688152,15.966817,14.195316,13.332501,13.403003,13.181023,-0.023740219,-0.013253723,0.0017109715,0.0009815603,-0.0001866382,0.0020415657,0.003842275,0.0037012133,0.0027883814,0.002977673,0.0017473315,0.0003457024,0.0029978133,0.11817792,998.6771600532584,730.9037597971559,0.0547014639089479,0.4292068,0.3700786,0.50733006,0.34204695,0.27702704,0.40969476,0.32487357,0.39398435,0.32220337,0.39709008,0.44700372,0.35342035,-0.0001094185081943,0.2503926685231919,-0.0255317856249545,-0.0687214912544086,-0.0004360952172374,-0.0178370296270632,0.5073298,0,143.5546875,2.15633423180593,1.5672301,1.456703116147975,0.7711379295979293,0.5209168196503441,1.456703116147975,0.8440731,24.365602200604123,16.47708819585572,19.78744090299068,19.881457623112595,19.77808884561232,19.19830224212136,45.51839225498048,0.015261167,4367.202596817081,0.15386985,0.07305777,0.678054,67.10848,60.772163,0.3876986037554165,0.72777534,0.20539105,1.0,0.4556497607506638,67.10848,60.772163,3221,8,24.115,0.4714045207910317,0.4556497607506638,-0.0700506148475268
97.70898,35.830914,29.754854,20.316858,18.08158,16.432854,15.849083,15.5545435,14.047675,12.463115,11.634677,10.410804,10.470088,-0.004799866,-0.0061244876,-0.0045046927,-0.0026148031,-0.0010962669,-0.00039992147,-0.00035287987,-0.00045188286,-0.000484242,-0.00038953,-0.00021376858,-0.00021192752,-0.00044673003,0.12369625,1114.647027942622,521.4134762493451,0.0843953161553546,0.31885448,0.44199756,0.2934063,0.24708745,0.3654521,0.25452593,0.3233583,0.25338063,0.41344318,0.4888844,0.33065826,0.45757344,0.0915988562519753,-0.209962047307854,-0.0692690508145137,-0.0227952310730558,0.0019762361708225,0.0060817130653006,0.48888522,1,117.45383523,1.856128265440816,1.4644009,1.801543870016315,1.1322842328561646,0.870134871084679,1.801543870016315,1.0875635,21.40590035841831,15.950172062470076,20.176291519727464,18.99815248756834,18.94994737510017,18.377404698232453,49.33363900904618,0.029270384,5862.398027451657,0.14102139,0.06639983,0.679876,65.932175,57.34066,0.3702111984282907,0.67709416,0.24877775,1.0,0.3842266983363612,65.932175,57.34066,3015,8,23.637913832199548,0.4,0.3842266983363612,-0.1684215522351398
88.87669,38.656567,28.348593,20.530651,18.305052,16.752462,14.744293,13.258799,12.954554,12.571766,12.719139,10.536068,10.0470495,0.014096792,0.0042023486,-0.0018542304,0.0009040054,-0.0008233814,0.0004130459,-0.0013628288,0.00064302713,-0.00021040851,-0.00044625968,-0.00076197815,-0.00061527366,-0.0006677886,0.124430016,1184.0088007294355,592.140221382516,0.0916760961487921,0.392358,0.4258364,0.36167657,0.35971242,0.3708982,0.36587122,0.49123803,0.43438917,0.5083122,0.511885,0.41609335,0.42214018,0.0067306515016304,-0.1045647848792029,-0.0351139972406641,-0.06098592201053,-0.0089155441854457,0.0161271251353707,0.5118855,1,129.19921875,2.1393301426299405,1.945392,1.6434582723489055,0.9237985512681032,0.8285538834731198,1.6434582723489055,0.8507079,21.79143488765537,15.003552854328456,18.53242076273061,18.25142167002613,19.34083976093229,17.824530662317752,45.92536911537999,0.0344531,6307.768489266139,0.1785005,0.12967911,0.5792074,121.149284,77.29545,0.3907688142934488,0.5039814,0.35359055,1.0,0.2053047071668589,121.149284,77.29545,2887,8,21.443628117913832,0.0,0.2053047071668589,-0.3052379800277242
96.458,35.893246,19.2008,15.717741,11.281377,14.152188,10.901563,12.829674,10.718791,9.325788,10.0926,7.684065,9.608866,0.011428206,-0.0011687776,0.003585318,0.004623984,0.001280173,0.0021994407,0.0019147268,0.0022643171,0.0010232292,0.0017382735,0.0008515166,0.0011474283,0.0010451699,0.049075466,865.6016816765939,634.9658339016217,0.046496682382536,0.31935832,0.33520195,0.35852882,0.30909884,0.41066077,0.34875527,0.47398865,0.39210242,0.33052152,0.3849518,0.35500607,0.46446905,0.1608036391997491,-0.1399940617226253,0.0332779352529644,-0.0464951691830163,-0.0148386070535083,0.003578430275079,0.473989,0,95.703125,1.5435176976622011,1.320796,1.676288953966305,1.3357010655665758,1.1519086346143252,1.676288953966305,1.0472105,19.16548800330532,16.270250467366225,19.45166768783609,19.67647934286145,20.36643761780336,20.16778851099454,46.15156978609944,0.012642764,4801.743413732343,0.14700715,0.056393467,0.72274333,64.10685,32.15417,0.4709865732632808,0.8435012,0.11439863,1.0,0.7444528589018512,64.10685,32.15417,4034,8,24.86204081632653,0.0,0.7444528589018512,-1.0542441846047057
104.35398,38.77632,26.671774,21.365484,15.367089,16.741323,13.418649,13.647106,11.798171,12.268287,10.73847,10.780317,11.513079,-8.355258e-09,0.0,-9.921869e-09,2.611018e-09,0.0,-9.791318e-10,-6.527545e-10,-2.611018e-10,-2.6762934e-09,-1.305509e-09,1.1749581e-09,-3.2637726e-10,-2.611018e-10,0.116764255,1172.153902751449,478.6664471523986,0.1131852894043853,0.40940633,0.46497542,0.3442868,0.43255994,0.40091214,0.32490432,0.45934498,0.38306424,0.47730687,0.36998993,0.42419666,0.5284772,-0.0342202928059106,-0.1569914341007917,0.0260381484938387,0.0224429344193282,-0.0148971018666498,0.0005081316750623,0.5284766,1,117.45383523,1.9221862592415115,1.8430064,1.294558972270143,1.012542613980977,0.7921866972586762,1.294558972270143,0.81598204,21.61005799778291,16.663351929018823,18.16327124946494,17.832904357861626,18.47245932545881,19.91507184433418,48.04771467699009,0.054895375,7041.193822590478,0.15600081,0.11120126,0.5838286,102.01516,71.81134,0.3514512595837897,0.35336468,0.41993734,1.0,0.1362821354299161,102.01516,71.81134,2567,8,21.199818594104308,0.4453617714151233,0.1362821354299161,1.7464346350823429e-15
90.770775,35.482464,35.759422,21.321774,23.935982,19.885967,18.515312,20.818712,14.87959,16.168951,14.582608,13.585903,11.701817,-0.03539002,-0.009420318,0.0018893515,0.0044488814,0.0012752346,0.0046188743,0.0066658934,0.004129772,0.0034518132,0.0018076748,-0.00035590952,-0.0018376654,-0.0007170356,0.117076986,980.9907929666828,456.2033750801599,0.069431739143372,0.31872138,0.3898408,0.28368935,0.36533922,0.49158838,0.34083533,0.455134,0.30610174,0.43114218,0.28869525,0.25333306,0.30565906,-0.0384389765150822,-0.2117250023503871,-0.0948410405797873,0.1424668694669859,0.0488904641806139,-0.0121479395100007,0.49158788,0,135.99917763,2.26775956284153,1.7369769,1.6706687626321262,0.9381622291080716,0.619173110943014,1.6706687626321262,0.88098484,21.377934918824938,16.191288657358786,21.185304535121634,20.96061342402768,21.57209817364981,18.91940216486425,48.59818328018097,0.021180272,6276.7224489689725,0.18815552,0.1026002,0.6471235,93.670456,72.763504,0.3958888465930719,0.49956903,0.3606073,1.0,0.2320374019708745,93.670456,72.763504,3120,8,22.875,0.4,0.2320374019708745,-0.2165398024864262
147.18188,38.524734,27.283459,18.521389,14.679301,14.135537,11.069455,10.058418,10.105392,9.479324,9.742468,9.227685,8.279085,-5.7240137e-09,-7.155017e-10,1.252128e-09,1.252128e-09,5.3662624e-10,1.0732525e-09,5.8134514e-10,-3.5775086e-10,1.2968469e-09,8.049394e-10,-2.6831312e-10,-8.049394e-10,-5.3662624e-10,0.09623033,878.8648485092201,667.2772594510376,0.0506515690353871,0.42981502,0.3019939,0.3792193,0.32575005,0.4377859,0.24842599,0.35803077,0.4154211,0.22983333,0.24450316,0.29232293,0.54418236,0.1831077728466481,-0.0301299928964932,0.1769139231509342,0.0882327781504679,0.0001769766600342,-0.0145946476979699,0.5441838,1,123.046875,1.9388361670615843,1.108384,1.4596409501433594,1.3586969609583268,1.032599168672912,1.4596409501433594,0.9460188,21.05857066342956,16.58426479029216,20.178352173561336,20.123513332526585,19.1077394092346,19.588305745726405,48.46974113101972,0.0184767,2935.0161765201515,0.11533596,0.044618074,0.7210524,52.00435,44.208176,0.4825548677546427,0.7540106,0.22519428,1.0,0.5409794737216638,52.00435,44.208176,5145,8,30.94640022675737,0.0,0.5409794737216638,-0.0694464672133904
133.18933,41.03455,32.366516,25.623257,19.351097,16.737677,14.059725,15.697246,12.889346,11.7707,11.755568,9.96687,9.217987,0.0033007534,0.00454931,0.003485548,0.0014421099,0.00018318789,0.00034263846,0.00069491693,0.00070141174,0.0007484091,0.0007003933,0.00036799785,0.00012508586,0.00012916331,0.06276659,953.6944387375512,673.5737607974152,0.0672557064761094,0.27900913,0.3664306,0.30800083,0.33021808,0.3479555,0.30718294,0.44322032,0.33200732,0.5030485,0.48805282,0.27983394,0.30073655,0.0533255900567127,-0.1484437225375008,-0.056659919764921,0.0130459857852338,0.0070753434269904,0.0100169668933966,0.5030481,0,99.38401442,1.535218448054429,1.402546,1.5392535927041804,1.2154577391826822,0.9840925169239084,1.5392535927041804,0.9590187,19.56554979350281,15.152281115733372,19.256593640566194,20.119386392779507,19.777019944330284,22.603205451963422,46.39972998132823,0.011995097,4431.689896668314,0.078615166,0.040806483,0.6582936,42.629948,30.841227,0.4486348458063249,0.7995026,0.1639495,1.0,0.6297637549836904,42.629948,30.841227,4568,8,29.556054421768707,0.0,0.6297637549836904,-0.8469644340642876
92.46735,28.081532,26.5439,19.593882,18.28619,13.328064,14.495775,12.240543,11.309333,11.070513,9.563796,8.844142,9.119062,-5.9136864e-09,6.652897e-09,1.848027e-10,1.1088162e-09,-2.7720404e-10,-6.4680944e-10,-2.2176323e-09,1.2936189e-09,1.848027e-09,-3.696054e-10,-1.4784216e-09,-9.240135e-10,-1.1088162e-09,0.09643525,716.5794210920741,506.3952022467292,0.0498017685755409,0.31126663,0.3554487,0.3039548,0.3837257,0.37048224,0.31027722,0.37070307,0.31445053,0.4400564,0.47604102,0.41088632,0.4224446,0.0163755758774178,-0.1167345639754971,-0.0191114274444965,0.0188727302824571,0.0034856099631868,0.0114797432290052,0.47603974,1,129.19921875,2.1239542456943536,1.7505924,1.4597412628401705,0.93310646844699,0.7138127513972331,1.4597412628401705,0.8873288,17.33165609440708,15.422249210470712,18.637889827335755,18.12190893527687,18.054910997210275,17.778074225107797,47.08268719061085,0.03297371,4782.328088666312,0.13016964,0.13256602,0.49543765,109.33126,59.51226,0.4421511627906976,0.65971595,0.24023546,1.0,0.3326325897887199,109.33126,59.51226,4563,8,29.95591836734694,0.4,0.3326325897887199,1.7464346350823429e-15
78.844696,29.376488,27.202328,20.814108,16.739378,13.552871,12.874904,11.564719,11.276521,10.22345,9.686196,9.347829,9.518982,0.006556569,0.0028415825,-0.0009239243,0.00067305035,-0.00021998423,-0.000109239256,-0.00042013865,-0.0001517601,0.0004932975,0.0007974705,0.00010554088,-6.888147e-05,0.00011086588,0.11652673,833.2658299141525,504.4143160694536,0.0602557896156743,0.48860785,0.40132922,0.3527193,0.26531532,0.3044985,0.28334257,0.29588968,0.41302484,0.4351263,0.5221233,0.34175923,0.36773908,0.0713149056419924,0.0826643375034645,-0.0076263900148322,0.0371705768631253,-0.0177441526140867,0.0060059585495882,0.5221242,1,123.046875,1.999368906685237,1.8495166,1.7463227349008412,1.1143635752759369,0.8819847639056955,1.7463227349008412,0.8953041,17.355515436056802,15.902912905934969,18.501214798258363,18.54832381635992,18.07611772217254,17.157936500081306,46.34049151165571,0.026163941,5224.250700491217,0.18239947,0.16304591,0.5280109,133.90773,63.628456,0.4828226555246054,0.6051294,0.28570166,1.0,0.2847216347949365,133.90773,63.628456,4160,8,25.007891156462584,0.3142696805273545,0.2847216347949365,-0.4712034231939276
78.17343,40.87885,30.86551,20.899607,18.126608,12.416015,13.5773735,13.398723,11.703953,12.855702,12.112326,10.932268,12.724801,-4.0033554e-09,-5.0041944e-09,-5.0041943e-10,2.7523068e-09,-2.2518873e-09,2.5020971e-10,1.5012582e-09,-1.751468e-09,-1.0008389e-09,2.5020971e-10,2.5020971e-10,-5.0041943e-10,1.876573e-09,0.14125924,984.5614933652224,751.166526167798,0.0511124450344291,0.43667367,0.4381018,0.605141,0.46185267,0.54040635,0.5319553,0.41610298,0.4111486,0.39019623,0.5459185,0.42192414,0.38459656,0.1257101152711482,0.145673739549967,-0.0935926594335658,-0.1068092236304144,-0.0444959741512601,-0.0328698206547884,0.6051407,0,151.99908088,2.4690802840255244,1.4881288,1.4392075369851918,0.7730475640183678,0.5235138845412466,1.4392075369851918,1.0039003,19.77317374789073,15.04549881117449,18.752193652069632,17.910082707705183,19.577590069726668,23.566841215108493,53.935521181587056,0.011938422,4554.55635007748,0.20692566,0.066793196,0.755976,64.12812,57.9383,0.2823405930202046,0.74856627,0.23194614,1.0,0.5283063646270687,64.12812,57.9383,2152,8,22.123622448979592,0.0,0.5283063646270687,1.7464346350823429e-15
89.320946,41.31883,31.257792,20.814358,17.636332,16.280031,14.539215,12.517965,11.305527,10.548646,9.794363,8.597933,8.765438,0.007457308,0.0053623077,0.0010690027,0.0010365886,0.00050727546,0.00023295567,0.00028291848,0.00020492362,-0.00011718293,-3.552879e-05,-0.00012429328,1.0557193e-05,0.00017325155,0.11873606,1115.0587864506024,700.4015616621888,0.0662069655900228,0.38075963,0.33254686,0.3309241,0.37221757,0.44453225,0.34005645,0.39569217,0.4564149,0.42274597,0.5029054,0.4260487,0.48667333,0.108046975992239,0.0172358471312649,0.0261711189413932,0.0389555864443045,0.0128976962818901,0.0235638932512139,0.5029061,1,129.19921875,2.151524049378997,1.6813446,1.2806480042703965,0.8219612816267041,0.5988852198752603,1.2806480042703965,0.82166076,18.84175041120791,16.28512002317341,19.26665326337788,18.50134134850596,19.63873700667503,18.292392035820903,48.13665025463107,0.028787497,5175.921466816786,0.19556366,0.10601532,0.64846367,97.15183,72.45301,0.4228380758179627,0.5941348,0.3120793,1.0,0.2978118619770305,97.15183,72.45301,4562,8,31.31501133786848,0.0,0.2978118619770305,-0.1418544311647052
93.54013,38.22405,31.739243,22.598345,22.224934,18.814783,15.089345,16.4821,12.759588,11.129049,11.682345,9.207319,8.783769,9.033915e-05,-0.002023004,0.00022604338,0.00075961277,0.00015808416,0.0003919331,0.0003288468,0.0011576172,-0.00036491416,0.00021589118,0.0014535129,0.00095386384,0.00027502928,0.12189706,968.679048926386,687.1205182641855,0.052856928145145,0.5794241,0.4532286,0.40715137,0.4370259,0.52725273,0.46917608,0.4161411,0.4704335,0.53246105,0.58384484,0.6172133,0.6920637,0.1345425500036289,0.0509555448126699,-0.0806588212101459,-0.1167899449645079,-0.0141196471582673,0.0580815450282382,0.69206256,1,99.38401442,1.607330300909727,2.0108902,1.71979960860342,1.2764710979728222,1.038341809382679,1.71979960860342,0.89388394,21.83495874265796,14.589242275288502,18.14704004752733,17.506827109430873,18.240296544553395,20.51727475257221,46.206938658239366,0.02472201,4714.525948660715,0.32419375,0.099236086,0.7656356,91.9779,49.926445,0.4457662701189643,0.62819546,0.2812543,1.0,0.3098440819726474,91.9779,49.926445,3822,8,24.885986394557825,0.0,0.3098440819726474,-0.2627290691521906
100.40707,44.77453,32.637722,20.892357,17.779457,21.026604,13.593669,14.092764,13.065364,12.571947,12.35548,9.761702,9.09507,0.0073762564,0.0035502126,9.055488e-05,0.0010756388,0.0006727822,0.0006296543,-0.0005579344,-7.171734e-05,-0.0008619205,-0.0006311919,-0.00034700157,-0.0005386701,-0.00073304295,0.10027035,1069.053274032017,777.3813326009926,0.0503718991155617,0.54423773,0.491642,0.44470927,0.49251753,0.5276534,0.6336776,0.581284,0.61070734,0.58999145,0.5464746,0.4865958,0.4673353,-0.0804348683796272,0.1516174933378193,-0.1652685869221535,0.0743325947022438,-0.0312915819168741,0.0155456653699224,0.6336775,1,99.38401442,1.4964662381427858,1.8682147,1.4158562998804702,1.3260288042664392,1.0691836843898523,1.4158562998804702,0.82291377,22.51852415883829,15.120711485035304,18.75941130591233,16.822938868987304,18.11398525587404,18.38701827433049,47.09074775853352,0.014921002,4330.652640345759,0.2580258,0.106129386,0.708558,87.94394,70.60225,0.3476784822765851,0.6884102,0.2761351,1.0,0.4250830261039206,87.94394,70.60225,3482,8,29.068480725623584,0.3142696805273545,0.4250830261039206,-0.2979313072803887
91.968414,42.245296,33.353218,23.976915,18.733923,17.519451,15.910561,13.894946,12.257493,12.653528,12.798561,9.41834,8.852094,0.007123346,0.0015792707,0.0010240059,0.0012358442,-0.0012075551,-0.0003520306,-0.00080685224,-0.00012415912,0.00017697077,0.00017101479,-0.0016928986,-0.00087662874,-0.00048652844,0.095756605,1018.4853470178554,705.0757571475385,0.0491067517321989,0.37246543,0.4482783,0.6286916,0.52952546,0.4658877,0.48897624,0.52889454,0.5916404,0.67444146,0.7317485,0.6747706,0.44969034,0.1178700277767501,0.1730080977753859,0.1912566929538591,-0.1012701329988333,0.047666051243126,-0.0401818794487772,0.7317474,1,99.38401442,1.6154827596065873,2.1199012,1.6449676371211035,1.3972919499850422,1.2210408991121116,1.6449676371211035,0.82483083,21.39329540551953,14.48919699690822,19.04475796503851,16.744704101792486,18.039806124188186,19.3023657250447,45.49485865391655,0.023689913,5015.919347066127,0.32497635,0.12395237,0.7238914,118.98427,72.13356,0.3663573389099464,0.60151774,0.28956723,1.0,0.266199243681428,118.98427,72.13356,2803,8,22.20698412698413,0.0,0.266199243681428,-0.7468729931382758
108.31453,43.227158,33.71773,22.663841,18.173073,17.594015,14.302712,15.567904,13.040918,11.83042,11.150859,9.308999,9.776635,3.6692554e-06,-4.5808433e-06,-3.0662162e-05,-6.4157284e-05,-9.262236e-05,-0.00010304278,-8.54814e-05,-3.6335536e-05,3.953368e-05,0.00012866643,0.00021123256,0.0002654387,0.00027317056,0.14854345,1336.5078510547996,796.4754834757559,0.0799696111058207,0.38374808,0.39339352,0.5512947,0.49181926,0.43167904,0.4443653,0.42331666,0.5532749,0.4456882,0.4353997,0.54418266,0.4288672,-0.0318791763586379,0.152972831885404,0.2072447702170216,-0.0595244705994094,0.0540424432462671,-0.0128563178488127,0.5532754,1,107.66601562,1.6810187096532052,2.0449643,1.4222828303389707,0.7925968379167223,0.5432090776357746,1.4222828303389707,0.73943424,22.62686453843688,17.818091430664037,18.923648119270418,18.31208640826707,16.945204573399764,17.18146469893158,44.80798930898943,0.031620726,5687.734440231208,0.17079169,0.0877187,0.66067374,76.154076,76.17002,0.2959015162888455,0.5935121,0.36732242,1.0,0.3383568888495137,76.154076,76.17002,1971,8,19.333514739229024,0.3142696805273545,0.3383568888495137,1.7464346350823429e-15
79.43288,30.581871,29.491667,24.353317,24.130219,21.014906,21.113794,21.378155,18.517242,18.500463,15.156801,14.672641,13.709493,-0.0028816785,-0.0028496068,-0.00051133055,0.0001414561,-5.826614e-05,0.00043231054,0.00020137761,-0.00022843383,-0.00040294096,-0.00032839802,0.00026562778,0.00033748636,-8.246372e-05,0.11731027,653.211200521077,437.4822723741456,0.0505200759023821,0.572361,0.32452634,0.28120112,0.32171792,0.2987054,0.40243927,0.325157,0.5172611,0.5097587,0.34261966,0.32762948,0.33437443,-0.1015416523339759,0.1180617238385749,-0.0668141144653862,0.0989715485530471,-0.0204024562969809,-0.0039603366828761,0.5723612,0,95.703125,1.5862441061249386,1.7791264,1.4823956584291682,1.377759485187216,1.05227924645961,1.4823956584291682,1.001758,19.41690922317607,16.074428376131994,19.62393890772711,19.00737647132989,22.72137723871588,28.11550467247957,63.552620098983446,0.0024718998,3959.233468317623,0.1588759,0.08319428,0.65631896,79.1471,65.30973,0.3289960964868381,0.7660138,0.16943586,1.0,0.5304136022989728,79.1471,65.30973,3287,8,28.999319727891155,0.0,0.5304136022989728,-0.0892654439200367
85.89192,25.321678,17.678907,17.160023,12.888124,11.366436,10.48459,10.421411,9.764503,10.409425,8.74502,9.133134,8.409013,6.0998557e-09,0.0,3.8124098e-10,3.0499279e-09,1.6202741e-09,-1.1437229e-09,0.0,1.1437229e-09,8.577922e-10,1.9062049e-10,3.8124098e-10,0.0,-1.2390332e-09,0.06885021,448.7287997133464,351.16328265907634,0.0361242010064849,0.43116382,0.36607346,0.4417925,0.363631,0.4385718,0.4288894,0.34065896,0.46225917,0.43026918,0.5572717,0.46851176,0.40931526,0.0632892451748754,0.0956740217232774,-0.0573452563707218,-0.0257678579424769,-0.005107999851847,0.0055056815123948,0.55727136,1,112.34714674,1.803546831955923,1.5214792,1.3234931283451827,1.3330277547838834,1.193588117798493,1.3234931283451827,1.5019652,18.562442883186407,13.500316574198372,16.81517638013834,16.986325759560394,16.628049346942568,21.22565230424822,58.75909310884558,0.017499968,4661.659788794692,0.19038711,0.11027451,0.6332251,113.519875,41.759705,0.5190404797601199,0.79485255,0.243606,1.0,0.711709072897257,113.519875,41.759705,5193,8,29.04,0.0,0.711709072897257,1.7464346350823429e-15
93.199196,28.397089,20.56225,15.526785,12.334897,12.105538,9.791839,11.187702,8.799543,8.539411,9.190082,9.36018,8.816446,-0.011184513,0.0017157929,-0.0037699621,-0.003388366,-0.0009416563,-0.0018528476,-0.0012356797,-0.0010574866,7.86901e-05,-0.00017536517,0.0006176578,-0.00026250072,0.00071946793,0.06889499,788.6805037626219,473.6999012484727,0.0485893533489324,0.32350117,0.37701526,0.2961137,0.24060188,0.39240637,0.2762018,0.29116753,0.254384,0.3624041,0.58220726,0.42533836,0.4643545,0.1341045899405986,-0.0890779843458182,-0.0576336240014769,-0.0330698188616475,0.0056070457312596,0.0281218033062484,0.5822079,1,184.5703125,2.977716599417171,1.4033127,1.4181846326604084,0.66465340743701,0.4698160964144461,1.4181846326604084,0.9550927,23.672898814284714,17.453624351833444,19.723099642040275,20.23812562260287,20.02935411067733,20.37706432179285,47.488435203435486,0.013388955,4925.754537542495,0.1397431,0.054398052,0.71979785,58.421516,36.671494,0.4345920095646109,0.774676,0.19364944,1.0,0.5837176767732706,58.421516,36.671494,4362,8,29.1330612244898,0.0,0.5837176767732706,-0.3890858176482891
103.52349,39.494534,23.2073,19.288767,18.71156,14.461912,13.999992,12.475239,13.412927,11.522311,11.978592,9.721958,9.56636,-5.060045e-06,-0.0005147383,-0.00019199432,-1.5810821e-06,4.178761e-05,5.0648337e-05,0.00018144518,7.857363e-05,3.4031316e-06,-0.00013716296,-0.00033225623,-0.0001708022,-0.0003843595,0.10655081,1093.100769702017,538.5149147531808,0.0885377825541874,0.42093894,0.4049477,0.42453137,0.46534798,0.38963172,0.35010186,0.33110452,0.33478996,0.3646013,0.41811022,0.58375883,0.5092706,-0.0892236206982602,0.0139407767807149,0.0666798168734464,-0.051959838841748,0.0150067410811855,0.0024898953105035,0.5837581,0,143.5546875,2.310472666090918,1.6399378,1.527018244640477,0.9736900690828608,0.6453599969345385,1.527018244640477,1.048899,20.33950439848846,14.653511135465427,17.517314463255357,17.246569005223428,17.632762937190073,17.58300609963307,47.8530082097972,0.03764517,5986.777226294029,0.13463153,0.08327275,0.6178443,86.31481,53.751396,0.4629116945107399,0.57172024,0.2977711,1.0,0.2428586018027569,86.31481,53.751396,4849,8,30.40503401360544,0.0,0.2428586018027569,-0.7348575023065168
73.019775,35.066757,24.073627,15.799698,12.701414,11.149818,10.816402,11.928041,9.160876,9.990397,9.023088,8.525139,7.500465,-0.0011733981,-0.0013876815,-0.0005847395,0.0004197047,0.00087210175,0.00042903173,-0.0001899521,-0.00012201638,0.00031606125,0.0001937012,-0.00036638597,-0.0003907003,0.00017349326,0.07923714,1093.9601706912815,555.8580648999222,0.0677014368331545,0.32368928,0.38194096,0.31427085,0.3891111,0.40560627,0.4061386,0.5809765,0.4331831,0.5919382,0.52700174,0.38130528,0.35516736,0.0595385769254236,-0.1142532486825411,-0.0290970038454238,-0.0700327250750653,-0.0199608985773788,0.0174613924927749,0.5919399,0,143.5546875,2.25457776803094,1.6909117,1.66878433749018,0.8401026390787754,0.5607980253362781,1.66878433749018,1.0247773,19.39800341616488,14.584159890417798,17.83001274253894,17.249792434258463,18.29298641297887,16.80312743066033,47.297454808555294,0.034547795,5590.02901627084,0.11912062,0.06710848,0.6396421,66.50096,40.91222,0.4169654748488884,0.7216226,0.24516417,1.0,0.4904303870344059,66.50096,40.91222,4070,8,28.33124716553288,0.0,0.4904303870344059,-0.1165065567940984
100.81617,34.35865,20.91959,19.009071,15.974637,12.466113,13.241775,10.872204,9.757846,10.055319,12.615949,9.641422,9.555137,1.7187396e-08,1.8091996e-09,-3.505324e-09,2.5159181e-09,-5.6537486e-10,9.045998e-10,-2.0353494e-09,-7.915248e-10,4.522999e-10,4.070699e-09,-9.611373e-10,2.8268743e-10,1.1872872e-09,0.08670755,913.5405891554644,545.8395876215187,0.0662463876654422,0.43578446,0.26590627,0.40450567,0.4503911,0.2421913,0.31169552,0.20960747,0.34659314,0.32809323,0.28774247,0.3079655,0.2673679,-0.1228622916757817,0.1274422108320201,0.0281539783995917,0.0836984571506756,-0.0318771918678422,0.0142616519563062,0.45039085,1,112.34714674,1.7413153084428104,1.6741391,1.3959687761802524,0.975221975406146,0.7173757925116102,1.3959687761802524,0.863376,19.5800664343755,16.03135428338965,20.39320779973574,20.17174598761901,19.822715917622705,18.574493285906723,46.65254878268261,0.030076176,4842.480112699527,0.16795905,0.075907834,0.68872964,79.44922,48.085655,0.4517965136961935,0.7045056,0.23673975,1.0,0.4454297563263615,79.44922,48.085655,3810,8,24.4786224489796,0.0,0.4454297563263615,1.7464346350823429e-15
116.413765,35.850655,26.710949,17.239033,15.472718,12.909205,14.788183,11.990265,10.932656,10.778321,11.020032,9.427369,9.3003235,1.1580413e-08,-2.1838993e-09,-9.626397e-10,-1.6235566e-09,1.7528665e-09,8.4769775e-10,-2.3275768e-09,-1.005743e-09,-3.8792947e-10,7.1479594e-10,2.8735516e-11,1.0919496e-09,-3.9511336e-10,0.11579849,932.3357451401964,569.6936873774977,0.0582259243317169,0.33581185,0.4180419,0.3379738,0.2980299,0.32633248,0.29424107,0.38361606,0.2860491,0.39449695,0.47345227,0.3919105,0.4739935,0.0878909814817069,-0.1191352542538597,-0.0502783596207314,-0.0543327900328284,-0.0140318054156332,0.0014018072356477,0.47399357,1,135.99917763,2.185332526344262,1.9557208,1.3771301262145026,1.3207502877059778,1.1176054536880975,1.3771301262145026,0.7060775,19.36608298701546,16.326845943478105,19.662964845934106,18.207882620644387,19.997824019550595,17.987237802796148,48.317516591193005,0.026751932,5005.012465678483,0.12633464,0.10873665,0.5374289,88.180786,69.740524,0.3700578592092575,0.64926213,0.32208884,1.0,0.4370634464517677,88.180786,69.740524,3070,8,24.081003401360544,0.3142696805273545,0.4370634464517677,-0.9905395681347872
97.17393,48.87299,26.500378,16.087673,15.220039,11.957124,11.139875,10.2472315,10.164195,9.975223,11.669276,8.982812,10.067594,3.9464085e-09,0.0,1.356578e-09,-4.9330107e-10,3.823083e-09,-7.399516e-10,4.9330107e-10,-4.3163845e-10,-4.9330107e-10,0.0,-6.166263e-11,6.4745764e-10,3.0831318e-10,0.050022185,811.489069298169,798.4339791664958,0.0386682767329889,0.25442111,0.17184491,0.36874035,0.46171057,0.2165547,0.28854156,0.23710638,0.47728834,0.2952117,0.21694453,0.34794447,0.22679792,-0.1724408411943211,0.2652870013755807,0.2384728563085463,-0.0237472650596096,0.0300080549558277,0.0130337777646944,0.4772892,1,107.66601562,1.7293185034888712,1.4384509,1.2970402106555845,1.709202334651443,1.438648197731686,1.2970402106555845,1.0190972,20.85788568760691,17.055784363408435,21.825095587057618,21.88487262963136,23.535619852880323,22.62807455763744,47.90689647235303,0.015017921,3130.6730839901843,0.1274545,0.040311333,0.75971216,46.42872,26.947603,0.4703524086647268,0.89691544,0.08467529,1.0,0.8899132061586886,46.42872,26.947603,7274,8,44.88762471655329,0.4453617714151233,0.8899132061586886,1.7464346350823429e-15
98.61194,33.39455,19.134056,14.548813,14.491932,11.950024,11.103138,11.141035,9.4461975,9.739089,12.614096,9.813911,8.592065,7.841105e-09,-9.801381e-10,-8.576208e-10,9.801381e-10,1.7765002e-09,-2.4503452e-10,1.2251726e-10,2.4503452e-10,8.576208e-10,6.1258626e-10,1.8377588e-10,-1.1026553e-09,-9.801381e-10,0.10113171,953.4307151363436,455.4976239473029,0.074199053475389,0.30330414,0.35617828,0.33967936,0.528201,0.42535076,0.3282627,0.38308737,0.34563413,0.45399234,0.32437935,0.38515416,0.45850363,-0.0560458551843149,-0.0973639224200171,0.053217080729773,0.0864571147028927,-0.0016032003492729,-0.0085605056039175,0.5282014,1,135.99917763,2.185544229934886,1.6630551,1.296442334862457,1.295079665718759,1.2037549580890263,1.296442334862457,0.85805947,20.66025105455072,15.109542514235434,20.190612011926103,19.46470199217771,18.88339325491636,17.897393666852352,47.653644917063765,0.030839449,5131.967580232689,0.17983969,0.11480507,0.61035895,107.54809,69.00946,0.409482204805345,0.6323268,0.31642237,1.0,0.397824542450902,107.54809,69.00946,3187,8,22.591626984126982,0.4453617714151233,0.397824542450902,-0.9889492885817724
126.605385,41.955494,24.628008,16.103678,16.952427,15.894379,12.869314,13.633046,8.992521,11.48977,10.161517,8.589809,9.569904,0.0,2.187013e-09,0.0,2.5970779e-09,-2.7337663e-10,1.366883e-09,-8.88474e-10,-8.2012985e-10,6.834416e-11,0.0,2.7337663e-10,1.5719155e-09,-4.1006493e-10,0.12553543,1165.1745258158398,695.93357065294,0.0903145078013718,0.42964312,0.41715977,0.25422347,0.33468604,0.27906674,0.45064947,0.30229515,0.22205165,0.24925971,0.25690883,0.3803788,0.24274883,-0.1623374408043928,0.0521488728706007,-0.1040866024602917,-0.0443390927343453,0.0030316339926323,0.0207123279485052,0.45065,1,123.046875,1.9259259259259256,1.3444017,1.6463152277331834,1.6763724631777353,1.3557545227618402,1.6463152277331834,0.984667,20.461591994200138,17.258709584057097,20.75370727199757,20.116545418919006,19.98081641214696,18.42178445349785,46.81540859028541,0.030150877,4085.672986912355,0.14867243,0.06863683,0.68414825,77.498375,68.39614,0.4016628440366973,0.724736,0.24349852,1.0,0.5097576592752012,77.498375,68.39614,2802,8,20.25,0.0,0.5097576592752012,-1.0142039786147887
107.751945,35.69879,24.19474,19.79136,20.347565,14.201969,12.60414,15.420315,11.428514,12.0802355,13.884682,10.745552,11.2872305,-9.977412e-09,-6.651608e-09,1.662902e-09,9.353824e-10,3.1179412e-09,-1.2471765e-09,-4.157255e-10,8.31451e-10,1.1432452e-09,1.1432452e-09,4.4170836e-10,7.2751966e-10,5.196569e-10,0.08950991,1050.9287443489084,610.3342601265447,0.0764116955948989,0.43983895,0.4118779,0.39231998,0.43312058,0.39335948,0.4955449,0.3022685,0.4030054,0.46591428,0.32408613,0.40035188,0.30697218,-0.1609327422488421,0.0736754221133083,-0.0887015646481975,-0.0087997235267741,-0.0076153830074553,-0.0174586426586099,0.49554497,1,135.99917763,2.0558101397744,1.5193893,1.522130539198396,1.4978468438743386,1.1846609209938508,1.522130539198396,0.93524826,22.970359076576056,16.89470790301451,20.326987571172992,19.00306000666261,20.37783847079976,18.69780608139442,46.61604916064032,0.030122885,4397.513745947308,0.12887128,0.065773316,0.66208166,66.69111,51.69349,0.4343324250681198,0.73311704,0.22068547,1.0,0.4854508681910811,66.69111,51.69349,3985,8,26.63183673469388,0.4453617714151233,0.4854508681910811,1.7464346350823429e-15
65.279205,30.941795,39.500668,28.810505,25.56272,21.026701,16.661488,15.7168455,16.550829,16.992867,15.924432,13.109615,11.910021,5.1593856e-06,6.4500823e-06,4.1764833e-06,1.0551743e-06,-2.130117e-06,-4.638175e-06,-5.9741483e-06,-5.9801e-06,-4.8398997e-06,-2.9863302e-06,-8.938372e-07,1.0299852e-06,2.550146e-06,0.11249023,367.83706021792375,318.69705721197874,0.0311455873145807,0.33380213,0.33754316,0.24302146,0.29836166,0.30316493,0.5558399,0.41969055,0.38009045,0.4701566,0.34938145,0.45102316,0.276066,-0.160429034926292,0.0244914496657255,-0.0811587262121653,-0.048724212896381,0.0015279208739212,-0.013332555498128,0.5558395,1,129.19921875,2.030295695285097,1.626386,1.6962584389276072,1.6067644094014777,1.7550205220626047,1.6962584389276072,1.0632805,20.14147099575567,15.4779307922243,18.693340589594666,19.840397946573948,27.28914340196649,49.92907458611828,29.134646807030165,0.0013285576,1929.388678731507,0.1863697,0.1184424,0.61142284,107.71048,67.43057,0.3859786000891663,0.8793592,0.094170414,1.0,0.8510673991090499,107.71048,67.43057,3463,8,26.0430045351474,0.3142696805273545,0.8510673991090499,1.7464346350823429e-15
113.99956,39.009132,40.45681,22.542116,14.609881,15.708144,14.125079,12.622399,11.984104,12.261791,11.405557,11.662114,10.230125,0.0032355771,0.0035780333,0.0012060922,-0.0011580979,-0.0023849744,-0.0022696562,-0.0013919859,-0.00046799082,0.00014310722,0.00044012777,0.0005090093,0.0003751079,8.428946e-05,0.124116436,1166.0851958277133,868.0924640005938,0.0508357072680315,0.24437243,0.2558753,0.3259936,0.33647043,0.4580219,0.38108268,0.49799055,0.48367527,0.31339473,0.3156419,0.249308,0.30390328,0.2722217607224692,-0.0407637848279325,0.0533791335819116,0.0395172372811723,0.0400028445334362,-0.0224721506712356,0.4979898,0,107.66601562,1.5894336243563914,1.7694058,1.327237238783205,1.4528994525965708,1.1757177287522316,1.327237238783205,0.78781265,22.67489336212788,18.996873567374493,23.31891529862858,20.60844352436951,20.73932278612248,21.93191076235749,46.310241124720726,0.010677132,4308.48309047009,0.2116214,0.09729104,0.6850507,98.74108,80.517235,0.4116959064327485,0.65073645,0.33701304,1.0,0.4420042231080432,98.74108,80.517235,3168,8,22.335,0.0,0.4420042231080432,-0.0222128121114384
101.167625,23.939234,18.144125,13.568845,11.062124,11.206353,8.434924,7.947727,7.522383,8.595771,7.9614797,7.253844,7.2932186,0.008223355,0.00471636,-5.557919e-06,0.0017306863,0.00053888775,0.0007196921,0.00077738997,0.00030509187,0.00032560085,0.00016883574,0.0002655799,-0.00021520776,-9.693724e-05,0.09679948,678.7200476665995,463.7586397557822,0.0475116675366332,0.3182191,0.39389,0.24836054,0.35698667,0.25821263,0.33118045,0.4805739,0.28645402,0.3550866,0.22232959,0.329966,0.42168063,0.028295147184454,-0.19126246818592,0.0953267704825378,-0.020865457093387,-0.0113212049025542,0.0085088050552974,0.4805739,0,107.66601562,1.742504647307074,1.0294108,1.3126919942168191,1.1305640823839844,0.8527864294072814,1.3126919942168191,1.3923004,22.5203263265056,16.668802690639478,19.9973348690096,19.64637628824949,19.34788120322477,18.23156073672205,46.04779123302288,0.026894165,4997.984909898438,0.18346938,0.067408025,0.7313079,76.90556,49.702667,0.4685602000714541,0.6583937,0.2970041,1.0,0.4397126094542557,76.90556,49.702667,5246,8,32.496326530612244,0.4453617714151233,0.4397126094542557,-0.0602177993625189
47.536316,25.249954,16.973635,10.884422,9.8858385,7.4054346,9.263356,7.536234,7.2939515,7.9731183,7.4159284,7.6639423,6.7364097,0.06769359,0.008293956,0.0012729047,0.0020928066,-1.6909636e-06,-0.00022969578,0.00021626633,0.00035631505,-0.0002827124,0.00024023076,-5.0997074e-05,0.0014721055,-0.00013891116,0.08169834,632.0153900325412,421.6174364130045,0.0453969931609595,0.42698768,0.33318368,0.49475235,0.33606383,0.42568222,0.41943714,0.3624047,0.496073,0.40527463,0.47881815,0.33667737,0.3388321,0.0619603169784244,0.1112687695767914,-0.0365649366922731,-0.0138190093567423,-0.0068624999606616,0.0011402992540397,0.49607334,1,92.28515625,1.5218845565749235,1.2275645,1.1137647078347912,1.2846736981918925,1.188518275855076,1.1137647078347912,1.2658136,17.773093330529527,13.823290847487936,17.09265733111555,16.918038597929794,16.53384769744053,17.923282642099856,47.21895797741774,0.02434515,4880.11614596816,0.19387689,0.10890267,0.64032143,116.89507,48.74114,0.4878964401294498,0.7874347,0.21246807,1.0,0.6122306121605179,116.89507,48.74114,3769,8,22.422857142857143,0.4453617714151233,0.6122306121605179,-0.6320244312784753
133.42024,38.693962,22.603113,18.870893,16.849808,14.323721,10.872307,12.359428,9.389274,11.213896,8.596072,11.538796,9.309884,0.00021335804,0.0002825427,0.00022346743,0.00012383232,-8.367947e-06,-0.00015142585,-0.00027309277,-0.00034162044,-0.00033878634,-0.00026743326,-0.0001493584,-1.5065846e-05,0.00010846815,0.09838214,1022.8825206749392,538.2212200199292,0.0878807164818159,0.3716621,0.2880141,0.33799106,0.23797467,0.25644934,0.39438578,0.29704803,0.3644075,0.3098989,0.3973362,0.52494687,0.359272,-0.0356075530867254,0.1412322437662992,-0.0466232991593823,-0.0997506304497789,0.0332662072661371,-0.0084753447146545,0.52494735,0,161.49902344,2.5449185850645706,1.3841988,0.9593740341818512,0.9372995780376008,0.6268025018401366,0.9593740341818512,0.9390461,18.16347722970164,15.5680837291258,19.82366357879472,18.953413823450568,19.010846654023336,17.97756646996703,47.67414228602268,0.022670118,4065.390947629192,0.13547273,0.051860772,0.72315955,55.062664,41.54873,0.4655619884208425,0.70312804,0.30713254,1.0,0.5268864793183997,55.062664,41.54873,4664,8,29.07755102040816,0.0,0.5268864793183997,-1.0072715604480753
105.763885,39.99434,28.148998,19.7491,16.079552,16.631184,14.320788,14.346891,12.288943,13.158731,11.123951,11.670452,11.258217,-2.6847522e-09,3.3559402e-09,-1.8457671e-09,1.0067821e-09,-1.0067821e-09,-1.2584775e-09,3.3559402e-10,5.0339105e-10,-1.2584775e-09,-4.1949252e-10,-6.7118805e-10,8.3898505e-10,1.1745791e-09,0.12959372,987.006634493654,795.3030565643576,0.043336950183786,0.22148024,0.26556018,0.47667128,0.35752505,0.39228603,0.42549163,0.2804445,0.4028063,0.3378949,0.4997879,0.3114665,0.19441697,0.2622151889096886,0.1718550554977198,-0.1158471706759382,-0.0993935876582931,-0.0065228812844164,-0.0219200775465802,0.49978843,1,129.19921875,2.057303775061317,1.8978968,1.3175033396542333,1.6810462750751147,1.507735711659108,1.3175033396542333,0.64495474,27.22958708812688,17.303905556521105,21.18218860409337,20.120907464329207,19.456617836934416,19.770766630349083,46.775319267503775,0.017090814,3763.9355198126977,0.1435139,0.12562495,0.5332316,91.73724,85.43415,0.3845680098539504,0.6723272,0.35367805,1.0,0.5366872888865857,91.73724,85.43415,4371,8,32.99221088435374,0.3142696805273545,0.5366872888865857,1.7464346350823429e-15
92.78371,25.813763,17.413929,15.144555,12.889158,13.422854,11.159488,10.511057,8.943778,9.6563015,9.397202,8.659048,8.306616,-0.008791007,-0.003477817,-0.0012478954,-0.002148619,-0.0015340396,-0.0005573205,0.0017146601,0.0013867269,0.00051575835,0.00074256316,0.0013930833,0.0011190285,-2.3769962e-05,0.11550826,768.1966674057799,427.3739548638821,0.0542149822695214,0.46844757,0.3288563,0.39738187,0.27602777,0.34259453,0.3822759,0.2775617,0.32179332,0.28673953,0.4299904,0.38135403,0.3113777,0.0702295684196194,0.171919904693996,-0.0885595312021743,0.0433460470145149,-0.0069858111562208,0.0189128399327149,0.46844795,0,123.046875,2.021722437222309,1.6754013,1.1658763421797975,0.7197785732118491,0.5756653091894272,1.1658763421797975,0.8440131,19.249613512026905,14.74080824270946,18.60637893974368,17.446852340634248,18.60379519893048,17.7683292942086,48.01276830030037,0.025296675,5622.040299319988,0.2193547,0.16728617,0.567333,143.85364,78.30889,0.4164968620099437,0.59965104,0.32164916,1.0,0.323483572883684,143.85364,78.30889,5110,8,35.613197278911564,0.3142696805273545,0.323483572883684,-0.5677495354954946
80.62416,32.536125,20.554533,16.646233,12.907329,10.886449,10.869715,10.88585,9.155613,9.70277,9.799477,8.547649,9.378393,9.2372225e-09,-2.1287696e-09,1.0906589e-09,-5.3224875e-10,-2.764987e-10,6.1524347e-10,-9.587243e-10,-2.3040057e-09,3.969313e-10,-1.2629632e-11,-3.274683e-10,2.2462703e-10,-1.1583177e-09,0.11987955,1073.9155837481435,454.3559249248136,0.0768687788998589,0.3707076,0.4852527,0.34623718,0.3805866,0.27974877,0.27648112,0.31202292,0.357632,0.548064,0.38836002,0.3814589,0.38397515,-0.1257321321994188,-0.0872917430042903,-0.0037383353543096,0.0789341038282171,-0.0257725965774624,-0.0248025991646298,0.54806477,0,123.046875,2.0024519820187985,1.8777645,1.1362478654445425,1.1227267090269768,0.7913251901624904,1.1362478654445425,0.8856905,22.63172214539964,15.325751528252637,19.22018150789912,18.324983289636545,17.80950215374118,16.93313327938611,46.47730065629591,0.03277918,6487.587262758809,0.20214848,0.13102224,0.6067396,118.66616,65.60967,0.424558004359409,0.6243364,0.29216084,1.0,0.3522325500163236,118.66616,65.60967,3506,8,23.97061224489796,0.4,0.3522325500163236,-0.9571357974072832
69.39085,27.246132,18.739796,16.141571,16.852259,13.064844,12.066403,11.069616,11.901107,10.92221,11.153109,10.955086,9.387385,-7.052826e-09,-1.7632065e-09,-8.8160323e-10,-8.8160323e-10,1.7632065e-09,8.8160323e-10,-4.4080162e-10,-8.8160323e-10,-8.8160323e-10,1.9836073e-09,-4.4080162e-10,5.51002e-10,1.0469039e-09,0.09634085,549.710112729563,289.291254090972,0.0536011218918521,0.4175831,0.33547527,0.40796742,0.42349333,0.34366888,0.4177549,0.3809952,0.46595794,0.301945,0.27612022,0.27774355,0.31282407,-0.0430098036706346,0.0969751398254352,0.1534409774919876,0.0764250947492461,0.0145487908651818,0.0497012747737415,0.46595764,1,135.99917763,2.1549260870271763,1.7610658,1.7807902118840293,1.4257598713086543,1.211333988864704,1.7807902118840293,0.9558889,18.051773787371108,13.852750732578404,17.955235974667723,17.23927977304801,18.47500256796312,18.53281694579325,68.64813483689011,0.003170827,5156.194412446556,0.21030329,0.13106441,0.616059,119.799126,53.599182,0.4731307061134867,0.82518846,0.16652101,1.0,0.7305375670654949,119.799126,53.599182,4094,8,25.11687074829932,0.0,0.7305375670654949,1.7464346350823429e-15
112.63591,39.863884,31.57259,19.684477,22.385359,16.509026,14.495765,17.725409,13.906711,15.10485,12.471951,13.325642,10.8683,0.004234282,0.0045714923,0.0010615796,0.0013499608,0.0011502736,0.0008618884,-0.00018270843,-0.00085543527,-0.0009133668,-0.001076503,-0.00032043608,0.00046173998,-2.4544604e-05,0.14501257,1092.1536524347798,838.5080663840104,0.0582250714102989,0.48131195,0.31087196,0.4084777,0.4838262,0.26254827,0.29764193,0.24126358,0.36914867,0.38385665,0.34094685,0.35124698,0.33699286,-0.1741631716074559,0.1955686741938449,-0.0086744237622883,0.0916673755716341,-0.0393892584744092,0.0131990697607157,0.48382628,1,151.99908088,2.310420712305745,1.9194613,1.474626037785772,0.9000434876157313,0.6008402341122843,1.474626037785772,0.82841784,20.161326308725904,16.461693017957803,20.72762029845849,19.799045483760825,20.930393121314623,25.99056111705087,52.31228771585851,0.007876865,4690.731792309852,0.20609768,0.09171476,0.69203615,89.19554,85.13657,0.3785911058638331,0.6649385,0.28064603,1.0,0.387357803930593,89.19554,85.13657,2886,8,22.1280045351474,0.4,0.387357803930593,-0.2532145975509103
93.42064,50.433613,36.2354,20.576084,16.674755,15.397291,15.611317,12.749332,12.772742,14.87967,10.902917,11.2605915,12.012467,0.00062319974,0.00087019795,0.000838066,0.0007885897,0.0007273887,0.00066124904,0.00059738226,0.0005426389,0.0005027779,0.00048192203,0.0004821201,0.000503205,0.00054289534,0.11496406,1439.6050817888986,1074.529718505168,0.0667322440384926,0.45723763,0.24372075,0.30146727,0.2940212,0.48642927,0.2734894,0.24757057,0.31777906,0.25180462,0.41069886,0.25682932,0.39833483,0.2031874243263237,0.0523696186322537,-0.0883279595100512,0.2215503424859233,0.012850924414526,-0.0141636583110322,0.48642957,0,143.5546875,2.2263294984826287,1.4930332,1.3663681927209663,0.9144829607173002,0.61822038458438,1.3663681927209663,0.832703,21.87090883269827,16.87738470086006,21.847347378412408,21.949758212179567,21.13218515219323,21.54578954827564,45.95971616054694,0.011556055,4197.751285531426,0.16266598,0.06314919,0.72034687,61.230743,64.80993,0.3154039347007116,0.73079777,0.26764542,1.0,0.5319369314756384,61.230743,64.80993,1507,8,13.8681179138322,0.4,0.5319369314756384,-0.0180073248224951
99.71555,40.591137,30.830696,24.419735,19.812235,18.035154,15.75279,16.248245,14.916354,14.903201,11.72842,11.209941,11.520343,0.012450384,0.0038953142,-0.00015467788,-0.0020984754,-0.0008485142,-8.767771e-05,-0.0004333147,0.0011236528,-0.0012718111,-0.00035680938,0.00036020804,-0.00043154016,4.437431e-05,0.11612885,1153.5558948225198,505.6145792173714,0.0978234746906684,0.31750306,0.34340477,0.36598808,0.3514156,0.32849476,0.422665,0.4832334,0.33816978,0.35793522,0.3941409,0.4945471,0.37927142,-0.0335915963851707,0.0223369460515721,0.0592090711675038,-0.107267202161788,0.0056639247037585,0.0012074193296262,0.49454615,0,86.1328125,1.3872544505046578,1.9528958,1.3799882508711367,1.6617667163004028,1.4806584573830577,1.3799882508711367,0.8632845,17.799109983352754,15.465313104866802,19.450260378621987,17.62929276133019,18.315037830145464,19.600324525104327,47.377304900679455,0.035434406,5995.222309853134,0.13471906,0.09949157,0.5752023,81.87516,54.961735,0.4118959829225694,0.52499497,0.3479922,1.0,0.2053993246565898,81.87516,54.961735,4245,8,29.91520408163265,0.3142696805273545,0.2053993246565898,-0.3131169909413828
85.81873,40.372223,25.932281,19.054098,16.784836,14.09875,13.062172,13.482481,12.138138,11.506391,13.118069,9.963059,10.177788,-1.0739324e-08,-4.4747184e-09,2.181425e-09,-1.7898872e-09,-1.0068116e-09,-2.1254911e-09,-1.4542834e-09,-4.474718e-10,1.7898872e-09,-1.1186795e-10,-1.1186795e-10,-1.2305476e-09,1.1186796e-09,0.1174046,1041.817427105641,721.4629925474018,0.0581505212563564,0.47085157,0.31933105,0.4089653,0.382541,0.55623615,0.4366926,0.33484715,0.4705407,0.33869234,0.3506851,0.29763117,0.44609052,0.1175934438436698,0.1281474459563953,-0.0667830105102967,0.0912201217120599,-0.020314884947614,-0.0107421280049153,0.5562367,0,117.45383523,1.9401102768653216,1.7002513,1.4242837895525455,0.7863154493027055,0.5315865337402078,1.4242837895525455,0.8811318,22.72140575399008,15.567322944632602,19.91767062880679,19.711167020234143,19.28543375653552,20.3401902111016,46.67406646677473,0.017757267,4515.689507537573,0.15663351,0.08742392,0.64178693,87.65188,82.87495,0.3351712810886907,0.7312768,0.26261616,1.0,0.5285467995631272,87.65188,82.87495,2857,8,24.74086167800453,0.4,0.5285467995631272,-1.0126956199120354
91.92143,36.00434,24.410252,16.273033,13.890253,13.114135,13.2206955,12.061885,9.716352,8.951531,9.539499,8.95559,8.527032,0.0047750757,0.0021160215,-0.0026426008,-0.0010297872,0.00019717128,-0.00031212467,-0.00012925516,-0.00028978786,-0.00020615412,0.0005432118,0.00037261398,-0.00033567133,-0.00014300065,0.12871079,799.7174526402385,622.9621312228155,0.0462220509566007,0.51043844,0.403786,0.29025057,0.30550173,0.2612875,0.45761386,0.27243385,0.23204207,0.27362695,0.4384754,0.598051,0.38966683,-0.1030132717016646,0.0696082228980825,-0.0596423638636999,-0.0749844097560131,0.0157969992226577,-0.0138202207308291,0.5980505,0,198.76802885,3.2341267851412066,1.843464,1.5477190028808565,0.7246312516973645,0.4946596271657594,1.5477190028808565,0.768285,21.37652057073706,15.023055393466212,19.5287976111625,18.59938064466096,19.746055404422098,20.61333802758701,47.17486347470067,0.019295525,4257.422204037531,0.1676302,0.1312947,0.56077504,120.91382,85.5354,0.3755883611467693,0.683323,0.2653559,1.0,0.441329010393953,120.91382,85.5354,3511,8,27.13251700680272,0.3142696805273545,0.441329010393953,-0.0430254351543768
97.35099,44.24169,32.779423,20.288599,21.326834,14.978215,14.357654,14.8194,13.224897,14.512329,11.184663,12.404144,10.707495,1.3454644e-08,7.3388966e-09,7.033109e-09,-2.2934052e-09,-2.446299e-09,-5.351279e-10,-9.173621e-10,-3.0578735e-09,-9.173621e-10,1.1467026e-09,-1.911171e-09,-6.1157474e-10,1.2231495e-09,0.14565372,1215.3846540293737,704.6923586688462,0.0785663455306685,0.4070285,0.5062054,0.45231634,0.43946296,0.48952904,0.47885537,0.5520973,0.4410184,0.4287645,0.4300656,0.39340326,0.39013335,-0.1029269821713702,-0.1422536534380971,-0.0329679567148476,-0.1162637873972304,0.0354578324803381,0.0636010588655544,0.55209666,0,151.99908088,2.458008473926128,1.8273739,1.5583976737666074,0.930458607149832,0.6463948958015704,1.5583976737666074,0.80636585,22.59932789004081,17.974217162091758,18.71253358722236,18.422330015001904,20.50645500246077,17.710913222486262,47.71585490189866,0.02541415,5349.10398335734,0.16793819,0.07893909,0.6802469,68.97094,53.330692,0.4274490941157607,0.61544263,0.34588397,1.0,0.3716181380797667,68.97094,53.330692,5332,8,36.208174603174605,0.4,0.3716181380797667,1.7464346350823429e-15
103.58441,46.018826,29.740852,20.674854,18.201336,15.366155,13.427091,14.183372,13.65235,12.868505,13.211472,12.079167,11.50872,0.014760069,0.0050544566,0.00019632236,0.0014646173,0.00013663083,0.0010844659,0.00016218532,0.0005712548,-0.00035678656,0.0007602264,-0.00026744168,0.00028066357,-0.0003813357,0.11182667,1223.5835530116726,794.4199854865886,0.0613252986524161,0.4111057,0.56791306,0.49907354,0.49739793,0.4987956,0.3571938,0.26482296,0.25279978,0.32647216,0.29185152,0.2680016,0.33414403,-0.0615538264279826,-0.1973089556970821,-0.2118507409000594,0.0852360670344959,0.0999025010932743,-0.0712416553691612,0.56791234,1,107.66601562,1.7578125,2.2551303,1.3557063807682213,1.2833646929767435,0.9624868557738512,1.3557063807682213,0.6797697,23.50256967257192,16.33083481129615,18.95263180171568,17.71927933108898,16.804755234629663,18.30197063374168,46.96312497853757,0.032663837,4359.101083057632,0.16931553,0.09896232,0.63111764,82.43081,65.879524,0.3899495281983761,0.70955485,0.2897221,1.0,0.5176359608091766,82.43081,65.879524,3554,8,26.453333333333333,0.3142696805273545,0.5176359608091766,-0.4552188215994658
97.950485,45.037582,27.063578,22.012192,19.467417,15.235583,13.7099,12.934142,12.504554,11.903889,10.685026,10.92275,11.539542,1.0769643e-08,0.0,-4.4873513e-10,-1.3462054e-09,4.4873513e-10,2.2436757e-09,5.04827e-10,1.2340216e-09,-1.1218378e-10,1.2340216e-09,-1.514481e-09,1.1779296e-09,3.3655134e-09,0.12375335,1120.7864533491738,789.7025185938659,0.0668363916211925,0.54181653,0.48851308,0.37713173,0.38599935,0.28888795,0.3142304,0.24677482,0.29651475,0.38867682,0.37327483,0.43724963,0.43635958,-0.247393222854085,0.0540353201875351,-0.048388370115991,0.0573889193246232,0.0047048806533378,-0.0225574378522891,0.54181594,0,112.34714674,1.854388786764706,1.8067036,1.832369266991366,1.7871771090850437,1.5336104356343996,1.832369266991366,1.00061,22.147723457605828,15.746948886134296,19.8173178054182,18.9354478450525,19.762277575363147,21.242298805573824,47.91032849137113,0.013423952,3843.234745820345,0.2029818,0.06905422,0.746155,63.91359,35.879364,0.5077647058823529,0.7998442,0.15533566,1.0,0.6098209748596043,63.91359,35.879364,4316,8,24.67120181405896,0.0,0.6098209748596043,-0.9459498053362292
90.103546,33.354996,24.56364,19.858574,17.242702,14.8925295,13.239524,11.655032,10.969237,11.345324,10.72895,11.39607,10.060613,-0.00010583421,-0.0001491245,-0.00014747011,-0.00014474195,-0.00014095556,-0.00013614922,-0.00013038404,-0.00012370986,-0.000116202464,-0.000107934815,-9.899336e-05,-8.946309e-05,-7.943928e-05,0.14323087,992.831845226409,484.88047864703344,0.0916432040811326,0.32693794,0.28625926,0.31311986,0.38511962,0.30745542,0.35233694,0.41200885,0.37835345,0.42066976,0.44536313,0.5542021,0.4352003,-0.0340861257796036,0.0113036114620231,0.0968715136191496,-0.0798611583886673,0.0342239998309504,0.0125711828218781,0.5542025,0,80.74951172,1.3130566157760812,1.6689527,1.536328791261466,1.352974101558776,1.142853267602557,1.536328791261466,0.95141846,18.33754160498723,16.15787263767609,19.088427924320204,17.98085009802815,17.36286782168195,17.377459572838628,47.53177213324429,0.046203762,6094.524714699572,0.13149944,0.15367149,0.46112338,117.53522,68.9682,0.4814982357730932,0.4412163,0.3524503,1.0,0.1338685766133384,117.53522,68.9682,5322,8,32.08163265306123,0.4,0.1338685766133384,-0.8880837657527568
129.9547,41.642265,20.443628,16.739994,15.620462,11.745015,13.595397,11.623222,9.672832,10.773409,9.410108,9.39756,8.647999,6.307457e-09,-1.5768642e-09,9.1983743e-10,-3.9421605e-10,-1.4454589e-09,-5.256214e-10,-3.9421605e-10,-5.9132405e-10,9.1983743e-10,-9.855401e-10,4.5991871e-10,-1.0512428e-09,-6.0774974e-10,0.104324065,909.4151624591168,734.4620882166819,0.049073564546525,0.34938443,0.45356703,0.42479768,0.30184335,0.3617901,0.3279662,0.47480863,0.35421336,0.35248047,0.4346952,0.36857086,0.43768442,0.166108603278689,-0.0872777737558423,0.0418139600417952,-0.1263190016287145,-0.0139091131352486,-0.0311218937643432,0.47480914,0,89.10290948,1.4005333481179072,1.1365191,0.8458434787829845,1.7673797872301111,1.6003620426935994,0.8458434787829845,1.2164518,19.74376794923281,14.526265419231114,17.680351443448988,17.909925535472528,18.75971412122528,19.28195277668768,47.15950924046465,0.017294029,3827.9834068474415,0.15495123,0.058217935,0.7268899,64.28651,45.272583,0.4644481190574617,0.6601085,0.31312776,1.0,0.4652093235299248,64.28651,45.272583,6741,8,42.126808390022674,0.0,0.4652093235299248,1.7464346350823429e-15
97.56636,34.313545,26.269413,20.205582,16.55045,18.074232,14.309684,14.193417,12.705171,13.652389,10.547321,10.505426,10.301409,-0.0068846284,-0.003165172,0.0026256272,0.001384178,0.0027456142,0.0025991583,0.00025010234,0.0005537948,-0.000529074,-0.002706634,-0.0020577507,-0.0009201359,-0.00021359981,0.116997704,967.766297951634,573.97281521925,0.0700607527377092,0.3419436,0.33396655,0.42956805,0.31761643,0.28245234,0.37994015,0.45470336,0.65774304,0.5180842,0.41865256,0.344967,0.30160215,0.0642430863293157,0.1664606301043579,0.2044332933021577,0.0232760502782067,0.0602614075951736,-0.0539086250049994,0.6577425,1,161.49902344,2.7242521985077066,1.8250799,1.3693667468486594,0.7925442299370755,0.5429920131013334,1.3693667468486594,0.8178978,19.87003740405306,15.0774134278031,17.817347816042417,18.467343745886467,18.45352333497392,19.70903354187597,45.77286884513578,0.021420779,5107.907823222001,0.14287932,0.0805817,0.6393897,71.072235,64.16544,0.3081789426118391,0.6946628,0.27982756,1.0,0.4674488589938739,71.072235,64.16544,2728,8,25.695124716553288,0.4,0.4674488589938739,-0.1473875762209436
96.49542,30.847322,24.544401,16.490475,12.711766,13.528665,12.054986,11.642596,10.894746,10.7545805,9.536288,9.5445795,8.700749,-0.009313199,-0.010642242,-0.005370197,-0.0015247344,-0.00063091086,-0.0010326498,-0.0008914531,-5.3744014e-05,0.00078897615,0.0012322774,0.0011490512,0.0005555754,-0.00019637449,0.107499756,969.932797796002,589.8453991499201,0.0850066894724551,0.33022076,0.31733364,0.45754868,0.32998654,0.4306842,0.54895055,0.34593904,0.3838029,0.29911715,0.380294,0.26391932,0.24859029,0.0605994871979513,0.1241623974961913,-0.1129715336317279,-0.0337740993111824,-0.041352466097881,-0.0117312720898472,0.54895,1,161.49902344,2.5276554245314404,1.4913138,1.5052054045634509,0.725276966777451,0.5010033971191228,1.5052054045634509,0.84875524,18.282774830036715,15.384195489866116,18.68910301367042,17.647254254045908,17.539425437156808,17.863918882647667,44.7293327278371,0.042063683,6432.288864221883,0.13267964,0.12527813,0.5143444,91.593376,58.459454,0.3801226516110191,0.53545046,0.34102514,1.0,0.2469242312894549,91.593376,58.459454,3905,8,29.820124716553288,0.4453617714151233,0.2469242312894549,-0.0065731423307954
89.92367,27.51169,18.526314,16.28647,11.120318,13.628182,10.702008,9.812994,7.4404116,7.6195526,7.8195124,7.8492866,8.135539,4.3206503e-05,2.1198635e-05,-3.2899487e-05,-1.736685e-05,2.6953261e-05,9.733014e-06,-4.801577e-05,-4.8323105e-05,1.4040041e-05,4.1637304e-05,8.2563685e-07,-2.4460629e-05,1.7271963e-05,0.08143777,790.1426345036601,475.6553989927202,0.055657631916133,0.49382532,0.30475366,0.40517032,0.4125176,0.2834594,0.34790874,0.3151183,0.5181525,0.4148844,0.37711623,0.45415625,0.36611977,-0.1371625164346208,0.1572139751257238,0.0469387624937639,0.0858823461666105,-0.0112505857514007,-0.0083289911941579,0.5181524,1,151.99908088,2.469426152398871,1.3453197,1.072626903560128,0.7225680062358364,0.5264355864826814,1.072626903560128,0.8760727,19.4478339018034,15.09145924845897,17.283263690029322,18.172306372797745,17.790618747448942,18.20183306570912,45.381397713989976,0.034231164,6138.992238124478,0.16222994,0.072614096,0.6907957,72.823044,44.20246,0.4079560387050531,0.63891155,0.30945072,1.0,0.3969789636193176,72.823044,44.20246,3415,8,24.29714285714285,0.0,0.3969789636193176,-0.5573657506517627
81.84372,31.62616,27.961733,17.812273,13.038871,13.622921,12.870192,13.224738,11.476308,11.652531,10.05941,9.341921,8.366774,-0.0019561742,-0.0018179128,0.00028794547,0.0010108561,0.00036650687,0.00018422105,0.00012606641,0.0002770296,-0.00014705535,-0.00052274234,-0.00021922357,-0.00050392427,2.345897e-05,0.096182935,920.0986260733232,533.4205995987511,0.0650657351663304,0.37574875,0.46081945,0.31454286,0.3461386,0.48713204,0.39808455,0.551914,0.37393087,0.42068902,0.47441593,0.38324824,0.42422676,0.0883464619997963,-0.1616703141570726,-0.0206876237673177,-0.00609287804379,-9.469593254065144e-05,0.0101773419682607,0.55191374,0,117.45383523,1.955593943095976,1.5021695,1.4979940875701674,0.8928899922246597,0.8638139283433753,1.4979940875701674,0.8586057,19.720496974630755,14.697936608466758,18.983400079537883,18.811805325209967,19.53344772984493,18.77082152763464,47.13418828942621,0.028364444,5890.334161051116,0.14882568,0.077383876,0.6579078,76.658066,62.1912,0.3447887900173877,0.6370098,0.2925434,1.0,0.3632322568172354,76.658066,62.1912,3371,8,28.380124716553286,0.4453617714151233,0.3632322568172354,-0.2279349238632349
101.87839,30.940052,19.26181,15.843343,12.420907,15.2434225,11.232496,10.760805,9.118047,10.793898,9.992134,9.711637,8.167422,5.299309e-05,6.5125445e-05,3.8952054e-05,5.1067896e-06,-2.5385487e-05,-4.296898e-05,-4.283101e-05,-2.6495833e-05,-1.1011074e-06,2.325864e-05,3.718598e-05,3.5323075e-05,1.8149129e-05,0.09324873,917.011230235445,558.0749324081389,0.0546644607552601,0.4119107,0.29378492,0.39178008,0.29395458,0.4405872,0.3216093,0.23784086,0.31733117,0.3595765,0.56366754,0.3259413,0.37394914,0.2131973504013994,0.0750332788055839,-0.1497213074429537,0.0661091303598212,-0.0176491908552175,0.0352551573331863,0.5636677,1,117.45383523,1.8539941665809097,1.5950847,1.5761919292177884,0.6051906996656164,0.5969657934049031,1.5761919292177884,0.7679759,18.29765188588649,16.28361396179123,18.818249348002496,18.43683553275723,18.26938189906362,18.47557331534991,45.780645134224585,0.034806896,5574.3278593377145,0.11374451,0.06490516,0.63668674,61.178493,48.64208,0.384932147870847,0.68151635,0.28086787,1.0,0.449288363465587,61.178493,48.64208,4113,8,31.014121315192742,0.4865042554105199,0.449288363465587,-0.2257816803427975
102.51216,32.628216,25.539886,17.893097,15.515573,16.77762,12.989218,15.112469,12.320765,12.444597,10.299144,9.930071,10.326033,3.51504e-09,-3.51504e-09,2.1969e-10,-8.7876e-10,-2.1969e-10,-1.09845e-10,1.208295e-09,-1.4279851e-09,5.7668625e-10,1.31814e-09,8.238375e-10,3.29535e-10,-2.2518225e-09,0.11295964,836.1700672683344,586.3338767682392,0.0596215125805129,0.4835531,0.36106968,0.42237154,0.30140543,0.24504228,0.3015878,0.2644474,0.4303189,0.28134465,0.29789135,0.36546406,0.34037313,0.0076790024447602,0.1675067667701724,-0.0007682124934409,0.0097130577059994,0.0023903012116708,0.0116667213396948,0.4835526,0,99.38401442,1.59247971503859,1.7401859,1.294695441892852,1.1015590461094975,1.2864073033063828,1.294695441892852,0.82805395,23.33751627367453,16.59695185638298,19.98961216354653,17.79898725160055,18.50004212657528,18.036262329853635,45.668445899729534,0.031899862,5056.881281517256,0.19356617,0.10133546,0.65637314,106.85423,58.22317,0.4699919364128556,0.5807656,0.3103952,1.0,0.2892420782729784,106.85423,58.22317,4080,8,25.19655328798186,0.0,0.2892420782729784,1.7464346350823429e-15
104.961975,33.70717,24.658539,19.985977,15.430453,12.764685,11.980692,11.751699,11.144831,12.704959,12.049218,10.598017,10.35953,0.018631635,0.0006325372,-0.001719521,-0.00092893513,-0.0014352547,-0.0009293623,0.00018621882,-0.00046531804,-0.0006286107,-0.00016429201,-0.0002586598,-3.6088857e-06,-0.00039937714,0.12746839,913.327536497844,648.6559697248599,0.0530026001683369,0.39433175,0.30965507,0.4099452,0.32581633,0.313536,0.46546143,0.34696206,0.32465425,0.2834376,0.43060404,0.5449726,0.3639478,-0.0348428378821095,0.165872957158153,-0.0843317638586243,-0.0835809618681613,-0.0116374361876286,-0.0034355519893609,0.54497284,0,117.45383523,1.9739286808157968,1.8888489,1.3927401361538378,1.0049301325288489,0.9120811629925476,1.3927401361538378,0.7603103,23.39180008657432,15.79809999038316,19.62225309194464,18.349841296893025,18.44329711610685,17.624483250403404,45.878875049882666,0.020247849,4754.986801840143,0.15793861,0.12659845,0.5550702,110.83558,76.59519,0.422744306716633,0.63082236,0.2918249,1.0,0.3642261395450246,110.83558,76.59519,2933,8,20.13750566893424,0.4453617714151233,0.3642261395450246,-0.6759658164164921
80.93535,40.838055,28.09065,22.256487,17.108593,15.686241,14.76348,13.063356,13.682334,12.145512,10.748504,10.000473,10.370727,-0.009749772,-0.0066342927,0.0028984228,0.0017217958,-0.0006314758,0.0019987207,0.00091091084,-0.00063598435,0.0015682434,0.00208664,0.0013439298,0.0005332174,6.0589653e-05,0.14785084,1134.598028089319,666.0834255528526,0.0679792021914691,0.4328833,0.33411905,0.42854562,0.3962342,0.51031864,0.39936408,0.2981981,0.36905196,0.36400625,0.47977057,0.36534756,0.39119598,0.208377260536863,0.0796264707329734,-0.0727967023273462,0.0343963362069116,-0.0042579148524626,0.0271533286856115,0.510318,0,69.83741554,1.0740031172879594,1.6861696,1.4606131090159582,1.1047864285373523,1.2688101178489375,1.4606131090159582,0.87665427,24.036005310992618,15.670187622412636,18.837632177978403,18.831358802718608,18.583514662002788,19.656278069097592,46.7424698694805,0.020999093,4882.156028053977,0.1681874,0.10328847,0.6195275,92.96948,81.70253,0.3483569294713599,0.68116796,0.24298614,1.0,0.3911972339348962,92.96948,81.70253,2682,8,22.346303854875284,0.0,0.3911972339348962,-0.123905323278801
133.76933,30.443644,19.98518,16.466759,9.817788,11.54351,7.560338,7.711027,8.520498,8.372754,7.3669605,7.5676827,7.1845493,-7.230797e-09,0.0,9.038496e-10,1.5817369e-09,-5.64906e-11,1.2427932e-09,-1.694718e-10,-1.129812e-10,-1.694718e-09,-1.0168308e-09,1.129812e-10,2.82453e-10,3.389436e-10,0.06580999,890.9613698737091,636.377057920216,0.0717509613860755,0.3512518,0.31213793,0.38613364,0.35528278,0.45251164,0.36259857,0.3580852,0.38370836,0.41381148,0.5117236,0.3418836,0.37717763,0.1272560350680477,0.0056242838364335,-0.0311533936673749,0.0585224784815455,-0.0026957693743361,0.0011025201064624,0.5117225,1,92.28515625,1.336756963881114,1.1566062,1.1345907813291491,1.579542716496093,1.60779906577583,1.1345907813291491,1.2957834,19.1472880920918,15.97180798278797,18.00075492194767,18.31580964938616,17.51647946409244,18.028973230133417,48.01031839683794,0.08407047,5619.592034970679,0.11980257,0.0685927,0.63590735,71.79502,33.725716,0.544431279620853,0.62975514,0.29866737,1.0,0.3677736715910732,71.79502,33.725716,4595,8,24.49959183673469,0.4453617714151233,0.3677736715910732,1.7464346350823429e-15
